grid_cell_id,grid_lat_index,grid_lon_index,row,col,cell_latitude_center,cell_longitude_center,fine_pixel_count,cell_area_km2,estimated_land_area_km2,bio1_current_c,bio1_late_holocene_c,bio1_lgm_c,bio1_sd_c,temperature_stability_index
lat0_lon0,0,0,35,0,-87.5,-177.5,600,13483.092551229762,8988.728367486507,-37.812333278656006,-38.208833309809364,-52.19122594197591,6.6867785,0.13009351
lat0_lon1,0,1,35,1,-87.5,-172.5,600,13483.092551229762,8988.728367486507,-38.117833369572956,-38.5088332939148,-51.62137954954117,6.2755036,0.13744754
lat0_lon2,0,2,35,2,-87.5,-167.5,600,13483.092551229762,8988.728367486507,-37.447999970118204,-37.855500052769976,-50.11971473693848,5.879809,0.14535287
lat0_lon3,0,3,35,3,-87.5,-162.5,600,13483.092551229762,8988.728367486507,-35.06666666666667,-35.470499963760375,-48.28995054335821,6.140545,0.14004533
lat0_lon4,0,4,35,4,-87.5,-157.5,600,13483.092551229762,8988.728367486507,-33.88133336385091,-34.2528333123525,-47.597729704115125,6.380211,0.13549748
lat0_lon5,0,5,35,5,-87.5,-152.5,600,13483.092551229762,8988.728367486507,-31.554333318074544,-31.905000015894572,-46.21075570848253,6.827952,0.12774734
lat0_lon6,0,6,35,6,-87.5,-147.5,600,13483.092551229762,8988.728367486507,-31.671000022888183,-32.00400003751119,-46.37097772870745,6.8524957,0.12734805
lat0_lon7,0,7,35,7,-87.5,-142.5,600,13483.092551229762,8988.728367486507,-32.59616654396057,-32.89216660817464,-48.1084057580857,7.2437797,0.12130357
lat0_lon8,0,8,35,8,-87.5,-137.5,600,13483.092551229762,8988.728367486507,-33.45166664759318,-33.70100005467733,-49.52127818153018,7.517208,0.11740936
lat0_lon9,0,9,35,9,-87.5,-132.5,600,13483.092551229762,8988.728367486507,-33.778833363850914,-33.99983323097229,-51.00098775833372,8.067016,0.11028987
lat0_lon10,0,10,35,10,-87.5,-127.5,600,13483.092551229762,8988.728367486507,-34.706833349863686,-34.918666725158694,-52.00662264748225,8.105731,0.10982095
lat0_lon11,0,11,35,11,-87.5,-122.5,600,13483.092551229762,8988.728367486507,-35.59816678365072,-35.791333246231076,-54.376748735942535,8.807132,0.10196661
lat0_lon12,0,12,35,12,-87.5,-117.5,600,13483.092551229762,8988.728367486507,-36.46550000190735,-36.639833319981896,-57.074612541804235,9.6744,0.09368208
lat0_lon13,0,13,35,13,-87.5,-112.5,600,13483.092551229762,8988.728367486507,-37.50933338483175,-37.65750009854634,-59.73469111730182,10.442386,0.087394364
lat0_lon14,0,14,35,14,-87.5,-107.5,600,13483.092551229762,8988.728367486507,-38.34583351771037,-38.46883342107137,-60.65014365665496,10.485481,0.08706644
lat0_lon15,0,15,35,15,-87.5,-102.5,600,13483.092551229762,8988.728367486507,-38.60650005976359,-38.69916670481364,-60.77360719953265,10.427901,0.08750513
lat0_lon16,0,16,35,16,-87.5,-97.5,600,13483.092551229762,8988.728367486507,-38.17733339945475,-38.240999946594236,-60.10845136491079,10.323455,0.08831227
lat0_lon17,0,17,35,17,-87.5,-92.5,600,13483.092551229762,8988.728367486507,-37.534333305358885,-37.58916662216186,-60.412934263925706,10.772175,0.08494607
lat0_lon18,0,18,35,18,-87.5,-87.5,600,13483.092551229762,8988.728367486507,-36.48916658719381,-36.55616667111715,-59.86370030357724,11.003103,0.08331179
lat0_lon19,0,19,35,19,-87.5,-82.5,600,13483.092551229762,8988.728367486507,-35.89483330408732,-35.99033317565918,-59.74098692999946,11.218742,0.08184148
lat0_lon20,0,20,35,20,-87.5,-77.5,600,13483.092551229762,8988.728367486507,-35.623333384195966,-35.74416676521301,-58.35736538115002,10.688559,0.08555375
lat0_lon21,0,21,35,21,-87.5,-72.5,600,13483.092551229762,8988.728367486507,-35.55349997520447,-35.68700001398722,-56.42549322219122,9.8078375,0.092525445
lat0_lon22,0,22,35,22,-87.5,-67.5,600,13483.092551229762,8988.728367486507,-36.01966663996379,-36.17500001271566,-56.14900231739831,9.452661,0.095669426
lat0_lon23,0,23,35,23,-87.5,-62.5,600,13483.092551229762,8988.728367486507,-36.571500053405764,-36.746999966303505,-58.1527523404076,10.132387,0.08982799
lat0_lon24,0,24,35,24,-87.5,-57.5,600,13483.092551229762,8988.728367486507,-37.04849985758464,-37.2236665948232,-59.08738742404514,10.348191,0.08811977
lat0_lon25,0,25,35,25,-87.5,-52.5,600,13483.092551229762,8988.728367486507,-37.52916662216187,-37.74216658910115,-61.417149092659116,11.211036,0.08189314
lat0_lon26,0,26,35,26,-87.5,-47.5,600,13483.092551229762,8988.728367486507,-37.9884999370575,-38.265000120798746,-63.89684074038551,12.148662,0.076053366
lat0_lon27,0,27,35,27,-87.5,-42.5,600,13483.092551229762,8988.728367486507,-38.415333607991535,-38.774833335876465,-64.87966966780405,12.3915415,0.074674
lat0_lon28,0,28,35,28,-87.5,-37.5,600,13483.092551229762,8988.728367486507,-38.867499879201254,-39.311499983469645,-64.49244410802447,11.976435,0.07706277
lat0_lon29,0,29,35,29,-87.5,-32.5,600,13483.092551229762,8988.728367486507,-39.37816668828329,-39.99883336385091,-63.729747154599146,11.335985,0.08106365
lat0_lon30,0,30,35,30,-87.5,-27.5,600,13483.092551229762,8988.728367486507,-39.99850001017253,-40.758666598002115,-63.53782272338867,10.92178,0.0838801
lat0_lon31,0,31,35,31,-87.5,-22.5,600,13483.092551229762,8988.728367486507,-40.69316666285197,-41.579166666666666,-63.74870516459147,10.665788,0.08572074
lat0_lon32,0,32,35,32,-87.5,-17.5,600,13483.092551229762,8988.728367486507,-41.43400000254313,-42.42316670735677,-64.19717940678672,10.505281,0.0869166
lat0_lon33,0,33,35,33,-87.5,-12.5,600,13483.092551229762,8988.728367486507,-42.19300003051758,-43.28549996693929,-64.84612797328404,10.430822,0.08748277
lat0_lon34,0,34,35,34,-87.5,-7.5,600,13483.092551229762,8988.728367486507,-42.92749994277954,-44.13116669972737,-65.6552349635533,10.441819,0.08739869
lat0_lon35,0,35,35,35,-87.5,-2.5,600,13483.092551229762,8988.728367486507,-43.58199999491374,-44.894833374023435,-66.35231156727625,10.438358,0.087425135
lat0_lon36,0,36,35,36,-87.5,2.5,600,13483.092551229762,8988.728367486507,-44.12183329900106,-45.53266657511393,-67.2055686345176,10.564953,0.086468145
lat0_lon37,0,37,35,37,-87.5,7.5,600,13483.092551229762,8988.728367486507,-44.51216636657715,-46.003000017801924,-68.65529535687159,11.046567,0.0830112
lat0_lon38,0,38,35,38,-87.5,12.5,600,13483.092551229762,8988.728367486507,-44.63133302688598,-46.20033353169759,-69.89922884986514,11.559344,0.07962199
lat0_lon39,0,39,35,39,-87.5,17.5,600,13483.092551229762,8988.728367486507,-44.540166460673014,-46.17533325195313,-70.42938862149677,11.837721,0.07789545
lat0_lon40,0,40,35,40,-87.5,22.5,600,13483.092551229762,8988.728367486507,-44.30049995422363,-46.02916666030884,-70.37723898509192,11.906176,0.07748228
lat0_lon41,0,41,35,41,-87.5,27.5,600,13483.092551229762,8988.728367486507,-44.230666618347165,-46.02566617965698,-69.50430461338588,11.514364,0.07990818
lat0_lon42,0,42,35,42,-87.5,32.5,600,13483.092551229762,8988.728367486507,-44.45083338419597,-46.319833482106525,-68.67724008711558,11.00639,0.08328898
lat0_lon43,0,43,35,43,-87.5,37.5,600,13483.092551229762,8988.728367486507,-45.008666617075605,-46.92933326085409,-67.94247056264726,10.388029,0.08781151
lat0_lon44,0,44,35,44,-87.5,42.5,600,13483.092551229762,8988.728367486507,-45.75783344268799,-47.67999998092651,-67.81729779924665,9.976781,0.09110139
lat0_lon45,0,45,35,45,-87.5,47.5,600,13483.092551229762,8988.728367486507,-46.439333299001056,-48.33016667048136,-68.22991254291837,9.856777,0.09210837
lat0_lon46,0,46,35,46,-87.5,52.5,600,13483.092551229762,8988.728367486507,-47.01766667683919,-48.83033323923747,-68.23924364362445,9.605247,0.09429295
lat0_lon47,0,47,35,47,-87.5,57.5,600,13483.092551229762,8988.728367486507,-47.48916674931844,-49.150833466847736,-68.59096247355143,9.579872,0.0945191
lat0_lon48,0,48,35,48,-87.5,62.5,600,13483.092551229762,8988.728367486507,-47.83016662597656,-49.34516660054525,-68.91858515663752,9.604023,0.09430383
lat0_lon49,0,49,35,49,-87.5,67.5,600,13483.092551229762,8988.728367486507,-48.04116687774658,-49.4216664759318,-69.48882337297712,9.8013525,0.092581
lat0_lon50,0,50,35,50,-87.5,72.5,600,13483.092551229762,8988.728367486507,-48.16983329137167,-49.399666500091556,-69.50836531623962,9.7821,0.09274631
lat0_lon51,0,51,35,51,-87.5,77.5,600,13483.092551229762,8988.728367486507,-48.23649969736735,-49.35133322397868,-69.44662203107562,9.746411,0.09305432
lat0_lon52,0,52,35,52,-87.5,82.5,600,13483.092551229762,8988.728367486507,-48.2826664352417,-49.29116675059001,-69.33885709974501,9.697022,0.093483955
lat0_lon53,0,53,35,53,-87.5,87.5,600,13483.092551229762,8988.728367486507,-48.30416681289673,-49.19950013478597,-69.05440231807648,9.5777,0.09453851
lat0_lon54,0,54,35,54,-87.5,92.5,600,13483.092551229762,8988.728367486507,-48.29099999745687,-49.13066657384237,-68.9001101175944,9.523488,0.095025524
lat0_lon55,0,55,35,55,-87.5,97.5,600,13483.092551229762,8988.728367486507,-48.22316647847494,-49.01083339691162,-68.76409540327768,9.502874,0.09521203
lat0_lon56,0,56,35,56,-87.5,102.5,600,13483.092551229762,8988.728367486507,-48.05933331807454,-48.79483329772949,-68.58220902700273,9.50596,0.095184065
lat0_lon57,0,57,35,57,-87.5,107.5,600,13483.092551229762,8988.728367486507,-47.78349999745687,-48.47000001271566,-68.55888702150375,9.635879,0.09402138
lat0_lon58,0,58,35,58,-87.5,112.5,600,13483.092551229762,8988.728367486507,-47.39383331934611,-48.03849999745687,-68.78777745564778,9.936739,0.09143493
lat0_lon59,0,59,35,59,-87.5,117.5,600,13483.092551229762,8988.728367486507,-46.848000055948894,-47.44500001907349,-68.85144773210799,10.234713,0.089009844
lat0_lon60,0,60,35,60,-87.5,122.5,600,13483.092551229762,8988.728367486507,-46.18733331044515,-46.74566668192546,-68.7200305151561,10.492891,0.08701031
lat0_lon61,0,61,35,61,-87.5,127.5,600,13483.092551229762,8988.728367486507,-45.484000002543134,-46.021499983469646,-68.57479857187423,10.760654,0.08502928
lat0_lon62,0,62,35,62,-87.5,132.5,600,13483.092551229762,8988.728367486507,-44.773333314259844,-45.295166676839195,-68.60628182547433,11.114004,0.08254909
lat0_lon63,0,63,35,63,-87.5,137.5,600,13483.092551229762,8988.728367486507,-44.00149998346964,-44.503666655222574,-68.44128558446491,11.404507,0.08061586
lat0_lon64,0,64,35,64,-87.5,142.5,600,13483.092551229762,8988.728367486507,-43.141666660308836,-43.63166669209798,-68.56151646810865,11.869224,0.077704765
lat0_lon65,0,65,35,65,-87.5,147.5,600,13483.092551229762,8988.728367486507,-42.251166661580406,-42.727999998728436,-67.07224257332938,11.590012,0.07942805
lat0_lon66,0,66,35,66,-87.5,152.5,600,13483.092551229762,8988.728367486507,-41.352166697184245,-41.823666674296064,-64.67125996180943,10.883295,0.084151745
lat0_lon67,0,67,35,67,-87.5,157.5,600,13483.092551229762,8988.728367486507,-40.4103333346049,-40.8721667098999,-61.443637333219016,9.808152,0.092522755
lat0_lon68,0,68,35,68,-87.5,162.5,600,13483.092551229762,8988.728367486507,-39.44783323923747,-39.90333333969116,-57.80318509661962,8.547457,0.104739934
lat0_lon69,0,69,35,69,-87.5,167.5,600,13483.092551229762,8988.728367486507,-38.791166636149086,-39.246999956766764,-54.82925663902646,7.45531,0.11826888
lat0_lon70,0,70,35,70,-87.5,172.5,600,13483.092551229762,8988.728367486507,-38.7021665763855,-39.15449986775716,-53.84173908536396,7.032672,0.12449158
lat0_lon71,0,71,35,71,-87.5,177.5,560,13483.092551229762,8389.479809654074,-38.628571428571426,-39.05053574698312,-53.29336281428262,6.8157682,0.12794648
lat1_lon0,1,0,34,0,-82.5,-177.5,900,40346.66317806058,40346.66317806058,-25.097888842688665,-25.75844442155626,-36.2136724641588,5.0914826,0.16416365
lat1_lon1,1,1,34,1,-82.5,-172.5,900,40346.66317806058,40346.66317806058,-25.15611105389065,-25.78577778286404,-35.97755160013835,4.9595284,0.1677985
lat1_lon2,1,2,34,2,-82.5,-167.5,900,40346.66317806058,40346.66317806058,-25.302444417741565,-25.883444379170736,-36.07741405063205,4.948115,0.16812049
lat1_lon3,1,3,34,3,-82.5,-162.5,900,40346.66317806058,40346.66317806058,-25.669999995761447,-26.273666636149088,-36.450917913648816,4.9460316,0.1681794
lat1_lon4,1,4,34,4,-82.5,-157.5,900,40346.66317806058,40346.66317806058,-25.941888860066733,-26.680333298577203,-35.37728116353353,4.284453,0.18923435
lat1_lon5,1,5,34,5,-82.5,-152.5,900,40346.66317806058,40346.66317806058,-25.05511107550727,-25.801333365970187,-33.69740292019314,3.910015,0.20366536
lat1_lon6,1,6,34,6,-82.5,-147.5,900,40346.66317806058,40346.66317806058,-24.081888944837782,-24.793222206963435,-34.44843451182047,4.7281003,0.17457795
lat1_lon7,1,7,34,7,-82.5,-142.5,900,40346.66317806058,40346.66317806058,-23.504222185346816,-24.185333370632595,-36.25856269836426,5.8585167,0.14580412
lat1_lon8,1,8,34,8,-82.5,-137.5,900,40346.66317806058,40346.66317806058,-22.599222223493786,-23.266111113230387,-39.70324179331462,7.9104114,0.11222826
lat1_lon9,1,9,34,9,-82.5,-132.5,900,40346.66317806058,40346.66317806058,-22.143666667938234,-22.799444421132407,-45.604432097540965,10.908229,0.083975546
lat1_lon10,1,10,34,10,-82.5,-127.5,900,40346.66317806058,40346.66317806058,-22.410111141204833,-23.063555505540634,-49.340452151828345,12.543903,0.07383396
lat1_lon11,1,11,34,11,-82.5,-122.5,900,40346.66317806058,40346.66317806058,-22.942333363427057,-23.59433338165283,-52.37638596428765,13.724249,0.06791518
lat1_lon12,1,12,34,12,-82.5,-117.5,900,40346.66317806058,40346.66317806058,-24.044666673872207,-24.711666677263047,-53.43613101959229,13.700762,0.06802369
lat1_lon13,1,13,34,13,-82.5,-112.5,900,40346.66317806058,40346.66317806058,-26.104111122555203,-26.75344446182251,-55.771961254543726,13.83505,0.06740793
lat1_lon14,1,14,34,14,-82.5,-107.5,900,40346.66317806058,40346.66317806058,-28.62533330705431,-29.249888882107204,-55.322342558966746,12.440495,0.07440203
lat1_lon15,1,15,34,15,-82.5,-102.5,900,40346.66317806058,40346.66317806058,-31.092666640811498,-31.68866662343343,-53.97798650529649,10.650544,0.0858329
lat1_lon16,1,16,34,16,-82.5,-97.5,900,40346.66317806058,40346.66317806058,-32.146111204359265,-32.67777779049344,-54.51278756459554,10.420698,0.08756032
lat1_lon17,1,17,34,17,-82.5,-92.5,900,40346.66317806058,40346.66317806058,-31.423444427914088,-31.899777745140923,-53.11047386593289,10.112961,0.08998502
lat1_lon18,1,18,34,18,-82.5,-87.5,900,40346.66317806058,40346.66317806058,-29.44166667090522,-29.903333324856227,-52.464862734476725,10.746076,0.08513482
lat1_lon19,1,19,34,19,-82.5,-82.5,900,40346.66317806058,40346.66317806058,-27.255222223069932,-27.69699999915229,-50.37890889909532,10.797989,0.08476021
lat1_lon20,1,20,34,20,-82.5,-77.5,900,40346.66317806058,40346.66317806058,-25.346000039842394,-25.772444494035508,-49.39342366536459,11.236899,0.08172005
lat1_lon21,1,21,34,21,-82.5,-72.5,900,40346.66317806058,40346.66317806058,-25.41677778455946,-25.832777743869357,-49.16332678053114,11.097478,0.08266186
lat1_lon22,1,22,34,22,-82.5,-67.5,900,40346.66317806058,40346.66317806058,-26.544333364698623,-26.954222223493787,-48.2811315451728,10.151592,0.089673296
lat1_lon23,1,23,34,23,-82.5,-62.5,900,40346.66317806058,40346.66317806058,-27.194888916015625,-27.667666670481363,-47.91793446011013,9.659431,0.093813635
lat1_lon24,1,24,34,24,-82.5,-57.5,900,40346.66317806058,40346.66317806058,-27.893444413079155,-28.491777799394395,-47.978734499613445,9.330466,0.09680105
lat1_lon25,1,25,34,25,-82.5,-52.5,900,40346.66317806058,40346.66317806058,-28.265777759552,-28.944000047047933,-46.96871754964193,8.661219,0.10350661
lat1_lon26,1,26,34,26,-82.5,-47.5,900,40346.66317806058,40346.66317806058,-27.347222224341497,-28.09144444571601,-47.097362166510685,9.139941,0.0986199
lat1_lon27,1,27,34,27,-82.5,-42.5,900,40346.66317806058,40346.66317806058,-26.972111064063178,-27.848444421556263,-45.922577917310925,8.734113,0.102731496
lat1_lon28,1,28,34,28,-82.5,-37.5,900,40346.66317806058,40346.66317806058,-28.008777758280438,-29.08177772310045,-44.78966685401069,7.6701975,0.115337625
lat1_lon29,1,29,34,29,-82.5,-32.5,900,40346.66317806058,40346.66317806058,-29.079777728186713,-30.086000003814696,-44.84800166659885,7.2077584,0.121835954
lat1_lon30,1,30,34,30,-82.5,-27.5,900,40346.66317806058,40346.66317806058,-30.769333294762504,-32.024666656917994,-45.92942735883925,6.8697944,0.12706812
lat1_lon31,1,31,34,31,-82.5,-22.5,900,40346.66317806058,40346.66317806058,-31.9825555229187,-33.608444413079155,-48.426354772779675,7.398292,0.11907183
lat1_lon32,1,32,34,32,-82.5,-17.5,900,40346.66317806058,40346.66317806058,-33.55166666666667,-35.52533332612779,-52.34117604149712,8.430853,0.10603495
lat1_lon33,1,33,34,33,-82.5,-12.5,900,40346.66317806058,40346.66317806058,-35.6195555305481,-37.93333332909478,-56.06134404924181,9.139931,0.098620005
lat1_lon34,1,34,34,34,-82.5,-7.5,900,40346.66317806058,40346.66317806058,-37.37322221967909,-40.03288886176215,-58.36801890479194,9.333526,0.096772395
lat1_lon35,1,35,34,35,-82.5,-2.5,900,40346.66317806058,40346.66317806058,-38.775444433424205,-41.79266665564643,-59.89646573808458,9.327073,0.09683286
lat1_lon36,1,36,34,36,-82.5,2.5,900,40346.66317806058,40346.66317806058,-40.09855555216471,-43.44711111704508,-62.05022253248427,9.656111,0.09384287
lat1_lon37,1,37,34,37,-82.5,7.5,900,40346.66317806058,40346.66317806058,-41.37555553860135,-45.010444484286836,-64.8698746363322,10.325763,0.088294275
lat1_lon38,1,38,34,38,-82.5,12.5,900,40346.66317806058,40346.66317806058,-42.19955560896132,-46.06622201283773,-67.29880690256755,11.034019,0.083097756
lat1_lon39,1,39,34,39,-82.5,17.5,900,40346.66317806058,40346.66317806058,-42.46111111958822,-46.46899998135037,-67.88270959642199,11.159788,0.08223827
lat1_lon40,1,40,34,40,-82.5,22.5,900,40346.66317806058,40346.66317806058,-42.62888888465034,-46.65099994235569,-66.82315216912164,10.585396,0.086315565
lat1_lon41,1,41,34,41,-82.5,27.5,900,40346.66317806058,40346.66317806058,-43.29888892279731,-47.163777686225046,-65.33668329450819,9.608192,0.094266765
lat1_lon42,1,42,34,42,-82.5,32.5,900,40346.66317806058,40346.66317806058,-44.48922220018175,-48.027555554707845,-64.83677316877576,8.876264,0.10125287
lat1_lon43,1,43,34,43,-82.5,37.5,900,40346.66317806058,40346.66317806058,-46.07688885158963,-49.1670000076294,-67.2700054889255,9.347702,0.09663981
lat1_lon44,1,44,34,44,-82.5,42.5,900,40346.66317806058,40346.66317806058,-47.679111095004615,-50.22977776845296,-71.11397411770291,10.497874,0.0869726
lat1_lon45,1,45,34,45,-82.5,47.5,900,40346.66317806058,40346.66317806058,-49.12922223832872,-51.12777780744764,-74.75901105244954,11.639566,0.079116635
lat1_lon46,1,46,34,46,-82.5,52.5,900,40346.66317806058,40346.66317806058,-50.073777783711755,-51.6248889626397,-76.52287087334527,12.119177,0.0762243
lat1_lon47,1,47,34,47,-82.5,57.5,900,40346.66317806058,40346.66317806058,-50.25522218492296,-51.433555624220105,-75.20925400627983,11.495777,0.08002704
lat1_lon48,1,48,34,48,-82.5,62.5,900,40346.66317806058,40346.66317806058,-50.305333370632596,-51.20800003899468,-73.80651371426052,10.872049,0.08423146
lat1_lon49,1,49,34,49,-82.5,67.5,900,40346.66317806058,40346.66317806058,-50.473333278232154,-51.214222276475695,-73.08021089341905,10.486718,0.08705707
lat1_lon50,1,50,34,50,-82.5,72.5,900,40346.66317806058,40346.66317806058,-50.52611103905572,-51.17111121707492,-71.22086803012424,9.607183,0.094275735
lat1_lon51,1,51,34,51,-82.5,77.5,900,40346.66317806058,40346.66317806058,-50.4100000805325,-50.99444446139866,-70.25151506212022,9.218713,0.09785968
lat1_lon52,1,52,34,52,-82.5,82.5,900,40346.66317806058,40346.66317806058,-50.147222222222226,-50.726000022888186,-69.79842770046658,9.130306,0.098713696
lat1_lon53,1,53,34,53,-82.5,87.5,900,40346.66317806058,40346.66317806058,-50.01422217898899,-50.59422224256728,-70.44169730292427,9.49585,0.09527575
lat1_lon54,1,54,34,54,-82.5,92.5,900,40346.66317806058,40346.66317806058,-49.76355556911892,-50.32466666751438,-71.10387708028158,9.930311,0.091488704
lat1_lon55,1,55,34,55,-82.5,97.5,900,40346.66317806058,40346.66317806058,-49.05244437747532,-49.60444444020589,-70.84770117865668,10.146778,0.089712024
lat1_lon56,1,56,34,56,-82.5,102.5,900,40346.66317806058,40346.66317806058,-48.2797778277927,-48.80955548180474,-69.12212492201063,9.702718,0.093434215
lat1_lon57,1,57,34,57,-82.5,107.5,900,40346.66317806058,40346.66317806058,-47.583333303663466,-48.07933335622152,-66.34614983452691,8.730317,0.10277157
lat1_lon58,1,58,34,58,-82.5,112.5,900,40346.66317806058,40346.66317806058,-46.74866668277317,-47.258666644626196,-65.55005115085179,8.745328,0.10261327
lat1_lon59,1,59,34,59,-82.5,117.5,900,40346.66317806058,40346.66317806058,-45.79755550808377,-46.34777777777778,-66.29231486002604,9.53428,0.094928175
lat1_lon60,1,60,34,60,-82.5,122.5,900,40346.66317806058,40346.66317806058,-44.78655557420519,-45.37566668192546,-67.17897588941786,10.419809,0.087567136
lat1_lon61,1,61,34,61,-82.5,127.5,900,40346.66317806058,40346.66317806058,-43.69900001102024,-44.340111079745824,-67.50753513760037,11.075433,0.082812764
lat1_lon62,1,62,34,62,-82.5,132.5,900,40346.66317806058,40346.66317806058,-42.319666654798716,-42.9983333630032,-65.13322025299072,10.598071,0.08622123
lat1_lon63,1,63,34,63,-82.5,137.5,900,40346.66317806058,40346.66317806058,-40.774777759975855,-41.475888879564074,-63.07270799001058,10.35005,0.088105336
lat1_lon64,1,64,34,64,-82.5,142.5,900,40346.66317806058,40346.66317806058,-39.26700001186795,-39.99400000254313,-61.14054431067573,10.144275,0.08973218
lat1_lon65,1,65,34,65,-82.5,147.5,900,40346.66317806058,40346.66317806058,-37.4645555750529,-38.1998888736301,-57.81365898132324,9.424122,0.095931344
lat1_lon66,1,66,34,66,-82.5,152.5,900,40346.66317806058,40346.66317806058,-34.95988886091444,-35.69955556233724,-52.11340566423204,7.9176645,0.11213698
lat1_lon67,1,67,34,67,-82.5,157.5,900,40346.66317806058,40346.66317806058,-31.95566665649414,-32.69022223154704,-44.575935991075305,5.783895,0.14740795
lat1_lon68,1,68,34,68,-82.5,162.5,900,40346.66317806058,40346.66317806058,-28.242444445292154,-28.96922221077813,-38.40886199951172,4.6307073,0.17759758
lat1_lon69,1,69,34,69,-82.5,167.5,900,40346.66317806058,40346.66317806058,-27.583222223917645,-28.291222188737656,-38.260457009209524,4.8749957,0.1702129
lat1_lon70,1,70,34,70,-82.5,172.5,900,40346.66317806058,40346.66317806058,-26.983555575476753,-27.64611110051473,-37.464988979763454,4.7924685,0.17263797
lat1_lon71,1,71,34,71,-82.5,177.5,810,40346.66317806058,36311.99686025453,-26.17345240910848,-26.847738082068307,-36.77959477459943,4.8486733,0.17097895
lat2_lon0,2,0,33,0,-77.5,-177.5,362,66903.17133612499,26909.94224853027,-25.025690552938052,-25.57486183208655,-36.32528040959285,5.20207,0.16123648
lat2_lon1,2,1,33,1,-77.5,-172.5,300,66903.17133612499,22301.05711204166,-25.751666787465414,-26.152999903361003,-35.68303979176148,4.590024,0.17889011
lat2_lon2,2,2,33,2,-77.5,-167.5,276,66903.17133612499,20516.97254307833,-26.065217453500498,-26.2518115942029,-34.73714967437138,4.044725,0.19822687
lat2_lon3,2,3,33,3,-77.5,-162.5,301,66903.17133612499,22375.3939690818,-26.32990031068111,-26.56112961753262,-34.0754939896276,3.598045,0.21748371
lat2_lon4,2,4,33,4,-77.5,-157.5,496,66903.17133612499,36871.08109190888,-23.483064509207203,-23.93629032181155,-33.03609482825748,4.4004073,0.18517122
lat2_lon5,2,5,33,5,-77.5,-152.5,558,66903.17133612499,41479.96622839749,-21.341397846044178,-21.829390732618215,-32.86666513076557,5.3217726,0.15818349
lat2_lon6,2,6,33,6,-77.5,-147.5,771,66903.17133612499,57313.71677794707,-18.777561605827046,-19.22607004410562,-31.91020850540637,6.0878286,0.14108694
lat2_lon7,2,7,33,7,-77.5,-142.5,840,66903.17133612499,62442.95991371665,-20.110000026793706,-20.62380955900465,-35.423227019642674,7.1007175,0.12344585
lat2_lon8,2,8,33,8,-77.5,-137.5,899,66903.17133612499,66828.83447908485,-21.366295903622774,-21.92803112577411,-38.51882942623562,7.956685,0.11164845
lat2_lon9,2,9,33,9,-77.5,-132.5,900,66903.17133612499,66903.17133612499,-23.370888911353216,-23.953555562761096,-42.40251668718126,8.837461,0.10165224
lat2_lon10,2,10,33,10,-77.5,-127.5,900,66903.17133612499,66903.17133612499,-25.111444419225055,-25.713555528852673,-43.481467704772946,8.521339,0.10502724
lat2_lon11,2,11,33,11,-77.5,-122.5,900,66903.17133612499,66903.17133612499,-25.48655553817749,-26.08533331129286,-46.8693062294854,9.941798,0.09139266
lat2_lon12,2,12,33,12,-77.5,-117.5,900,66903.17133612499,66903.17133612499,-25.58255552927653,-26.207333306206596,-47.47270818074544,10.175053,0.089485034
lat2_lon13,2,13,33,13,-77.5,-112.5,900,66903.17133612499,66903.17133612499,-24.005888900756837,-24.660111128489177,-46.77312503814697,10.581748,0.08634275
lat2_lon14,2,14,33,14,-77.5,-107.5,896,66903.17133612499,66605.82390796443,-22.763950907758304,-23.427232145198754,-47.67173232608371,11.588468,0.079437785
lat2_lon15,2,15,33,15,-77.5,-102.5,900,66903.17133612499,66903.17133612499,-23.087666665183175,-23.774888914955987,-48.68791760338677,11.909399,0.07746294
lat2_lon16,2,16,33,16,-77.5,-97.5,900,66903.17133612499,66903.17133612499,-24.06388887723287,-24.754111109839545,-48.6173517566257,11.415405,0.0805451
lat2_lon17,2,17,33,17,-77.5,-92.5,900,66903.17133612499,66903.17133612499,-25.248888878292508,-25.966444416046144,-47.04705632103814,10.110869,0.090001956
lat2_lon18,2,18,33,18,-77.5,-87.5,900,66903.17133612499,66903.17133612499,-26.414777751498754,-27.149222225613066,-46.6803712632921,9.384973,0.09629299
lat2_lon19,2,19,33,19,-77.5,-82.5,900,66903.17133612499,66903.17133612499,-23.815444433424208,-24.540333315531413,-45.260780546400284,9.942975,0.091382824
lat2_lon20,2,20,33,20,-77.5,-77.5,900,66903.17133612499,66903.17133612499,-23.698777754041885,-24.421777752770318,-45.199063568115236,9.96929,0.091163605
lat2_lon21,2,21,33,21,-77.5,-72.5,900,66903.17133612499,66903.17133612499,-23.75688887702094,-24.453888895246717,-46.781056344774036,10.693199,0.0855198
lat2_lon22,2,22,33,22,-77.5,-67.5,900,66903.17133612499,66903.17133612499,-24.150777759552003,-24.844555572933622,-46.0430456966824,10.160538,0.08960142
lat2_lon23,2,23,33,23,-77.5,-62.5,898,66903.17133612499,66754.49762204471,-24.655456600316647,-25.596659248284084,-44.81259022459172,9.288272,0.097198054
lat2_lon24,2,24,33,24,-77.5,-57.5,794,66903.17133612499,59023.46448987027,-24.829848858811694,-26.289672568102628,-40.01350623758594,6.839576,0.12755792
lat2_lon25,2,25,33,25,-77.5,-52.5,593,66903.17133612499,44081.75622480235,-24.009151407962236,-25.57670548513606,-38.5651588246955,6.5237556,0.13291235
lat2_lon26,2,26,33,26,-77.5,-47.5,421,66903.17133612499,31295.816813898466,-24.90997626152854,-26.402612817542288,-38.36261196671245,6.0207324,0.14243528
lat2_lon27,2,27,33,27,-77.5,-42.5,342,66903.17133612499,25423.205107727495,-23.766574517139414,-25.390055271802026,-40.119261312205886,7.355992,0.11967461
lat2_lon28,2,28,33,28,-77.5,-37.5,339,66903.17133612499,25200.194536607076,-23.701142834254675,-25.514000004359655,-39.9213068464161,7.2568026,0.12111226
lat2_lon29,2,29,33,29,-77.5,-32.5,516,66903.17133612499,38357.81823271166,-22.32921355851134,-23.876779002643257,-37.29094325664432,6.718036,0.12956664
lat2_lon30,2,30,33,30,-77.5,-27.5,737,66903.17133612499,54786.26363858235,-23.287878771544445,-24.922134386849184,-39.12331282461676,7.1110654,0.12328837
lat2_lon31,2,31,33,31,-77.5,-22.5,900,66903.17133612499,66903.17133612499,-24.615777757432724,-26.20755558013916,-41.04218658447266,7.3968983,0.11909159
lat2_lon32,2,32,33,32,-77.5,-17.5,900,66903.17133612499,66903.17133612499,-26.257111093733045,-28.07633334265815,-46.20972965664334,9.00763,0.09992375
lat2_lon33,2,33,33,33,-77.5,-12.5,900,66903.17133612499,66903.17133612499,-30.014444435967338,-32.43733334647285,-50.465340016682944,9.123343,0.09878159
lat2_lon34,2,34,33,34,-77.5,-7.5,900,66903.17133612499,66903.17133612499,-33.94799997117784,-36.79466665903727,-55.61741412268744,9.614589,0.09420996
lat2_lon35,2,35,33,35,-77.5,-2.5,900,66903.17133612499,66903.17133612499,-36.60744442409939,-39.769444448683,-59.24949539608426,10.011844,0.09081131
lat2_lon36,2,36,33,36,-77.5,2.5,900,66903.17133612499,66903.17133612499,-38.43488891601562,-41.85999999576145,-60.24130975511339,9.57499,0.09456273
lat2_lon37,2,37,33,37,-77.5,7.5,900,66903.17133612499,66903.17133612499,-40.46555553436279,-44.00833330790202,-62.01140525817871,9.433307,0.09584689
lat2_lon38,2,38,33,38,-77.5,12.5,900,66903.17133612499,66903.17133612499,-42.562222205268014,-46.10522223578559,-64.64505277845595,9.683489,0.09360238
lat2_lon39,2,39,33,39,-77.5,17.5,900,66903.17133612499,66903.17133612499,-44.39944444020589,-47.77355564965142,-65.63016674465604,9.31538,0.096942626
lat2_lon40,2,40,33,40,-77.5,22.5,900,66903.17133612499,66903.17133612499,-45.52544442070855,-48.51555553436279,-67.7478401184082,9.846919,0.092192076
lat2_lon41,2,41,33,41,-77.5,27.5,900,66903.17133612499,66903.17133612499,-46.73822216881646,-49.12955555809869,-69.04929575178359,10.001658,0.090895385
lat2_lon42,2,42,33,42,-77.5,32.5,900,66903.17133612499,66903.17133612499,-47.719666705661346,-49.30444437662761,-69.07837783813477,9.716621,0.09331299
lat2_lon43,2,43,33,43,-77.5,37.5,900,66903.17133612499,66903.17133612499,-48.991333355373804,-49.653222164577905,-69.68769298553467,9.604151,0.0943027
lat2_lon44,2,44,33,44,-77.5,42.5,900,66903.17133612499,66903.17133612499,-50.337222247653536,-50.164777764214406,-71.297369494968,9.921603,0.09156165
lat2_lon45,2,45,33,45,-77.5,47.5,900,66903.17133612499,66903.17133612499,-49.92588894738091,-49.164777785407175,-73.75452701992458,11.416553,0.080537654
lat2_lon46,2,46,33,46,-77.5,52.5,900,66903.17133612499,66903.17133612499,-47.48111110687256,-46.41377777523465,-70.09878120846219,10.92234,0.08387615
lat2_lon47,2,47,33,47,-77.5,57.5,900,66903.17133612499,66903.17133612499,-44.29411110348172,-43.1973333146837,-66.70732916514079,10.833463,0.08450612
lat2_lon48,2,48,33,48,-77.5,62.5,900,66903.17133612499,66903.17133612499,-41.052555531395804,-40.06188888549805,-63.33792737748888,10.74654,0.08513145
lat2_lon49,2,49,33,49,-77.5,67.5,900,66903.17133612499,66903.17133612499,-39.90833330790202,-39.08366668913099,-60.92492382049561,10.1073,0.09003088
lat2_lon50,2,50,33,50,-77.5,72.5,900,66903.17133612499,66903.17133612499,-40.40555553436279,-39.767333325280084,-61.29962070465088,10.003381,0.09088116
lat2_lon51,2,51,33,51,-77.5,77.5,900,66903.17133612499,66903.17133612499,-42.104444410536026,-41.68066664801704,-62.101795001559786,9.528297,0.09498212
lat2_lon52,2,52,33,52,-77.5,82.5,900,66903.17133612499,66903.17133612499,-44.794444431728785,-44.583111106024845,-64.99639823913574,9.573493,0.09457613
lat2_lon53,2,53,33,53,-77.5,87.5,900,66903.17133612499,66903.17133612499,-47.61511110941569,-47.55911112043593,-71.28639348347981,11.171972,0.08215596
lat2_lon54,2,54,33,54,-77.5,92.5,900,66903.17133612499,66903.17133612499,-49.9092222849528,-49.9382221561008,-73.76767115275065,11.240151,0.081698336
lat2_lon55,2,55,33,55,-77.5,97.5,900,66903.17133612499,66903.17133612499,-50.60100001017253,-50.65233333163791,-73.58405001322429,10.822234,0.08458638
lat2_lon56,2,56,33,56,-77.5,102.5,900,66903.17133612499,66903.17133612499,-50.15677781422933,-50.16855551825629,-72.36286764356825,10.465276,0.08721988
lat2_lon57,2,57,33,57,-77.5,107.5,900,66903.17133612499,66903.17133612499,-49.828999994066024,-49.74566668616401,-71.6964436425103,10.32811,0.088275984
lat2_lon58,2,58,33,58,-77.5,112.5,900,66903.17133612499,66903.17133612499,-49.58777776082357,-49.4956666692098,-70.2388607872857,9.756797,0.09296448
lat2_lon59,2,59,33,59,-77.5,117.5,900,66903.17133612499,66903.17133612499,-48.96611104329427,-48.95144435458713,-68.95523618910048,9.426423,0.09591017
lat2_lon60,2,60,33,60,-77.5,122.5,900,66903.17133612499,66903.17133612499,-48.09644444359673,-48.17933331383599,-68.49895741780598,9.598359,0.09435423
lat2_lon61,2,61,33,61,-77.5,127.5,900,66903.17133612499,66903.17133612499,-46.38444446563721,-46.57188885582818,-66.54525030348036,9.460024,0.09560207
lat2_lon62,2,62,33,62,-77.5,132.5,900,66903.17133612499,66903.17133612499,-44.248555518256296,-44.535111113654246,-65.10961742824978,9.767158,0.092875026
lat2_lon63,2,63,33,63,-77.5,137.5,900,66903.17133612499,66903.17133612499,-42.97466667175293,-43.365000046624075,-65.27072747124566,10.41968,0.087568134
lat2_lon64,2,64,33,64,-77.5,142.5,900,66903.17133612499,66903.17133612499,-42.16911113315158,-42.636111085679794,-66.29901531219483,11.266486,0.08152294
lat2_lon65,2,65,33,65,-77.5,147.5,900,66903.17133612499,66903.17133612499,-40.85800000084771,-41.38766668107775,-63.3664100350274,10.487952,0.08704772
lat2_lon66,2,66,33,66,-77.5,152.5,900,66903.17133612499,66903.17133612499,-37.9816666369968,-38.58944445292155,-57.143836949666344,8.893341,0.101078086
lat2_lon67,2,67,33,67,-77.5,157.5,900,66903.17133612499,66903.17133612499,-32.65299999448988,-33.28866664674547,-47.18993882921007,6.7079725,0.1297358
lat2_lon68,2,68,33,68,-77.5,162.5,763,66903.17133612499,56719.02192162596,-24.391612064166587,-25.03328965813273,-33.821195935178196,4.301887,0.18861209
lat2_lon69,2,69,33,69,-77.5,167.5,480,66903.17133612499,35681.69137926666,-22.915624978144965,-23.500416660308836,-33.871541561956654,5.032498,0.16576882
lat2_lon70,2,70,33,70,-77.5,172.5,466,66903.17133612499,34640.97538070472,-24.560944229748117,-25.093562277601514,-36.36240889880122,5.44207,0.15522961
lat2_lon71,2,71,33,71,-77.5,177.5,385,66903.17133612499,28619.689960453466,-25.05038962921539,-25.657922115573637,-36.8040148022871,5.4032106,0.15617165
lat3_lon8,3,8,32,8,-72.5,-137.5,29,92950.50596308213,2995.071858810424,-12.92068968148067,-13.417241392464474,-25.53168245156606,5.831365,0.14638363
lat3_lon9,3,9,32,9,-72.5,-132.5,120,92950.50596308213,12393.400795077618,-12.4199999888738,-12.914166649182638,-28.97103727036628,7.688405,0.11509592
lat3_lon10,3,10,32,10,-72.5,-127.5,226,92950.50596308213,23340.904830729516,-13.060619497721174,-13.450442474500267,-28.63770732802418,7.2529736,0.12116845
lat3_lon11,3,11,32,11,-72.5,-122.5,238,92950.50596308213,24580.244910237274,-13.673949598264294,-14.011764742747074,-31.126147698776926,8.148588,0.109306484
lat3_lon12,3,12,32,12,-72.5,-117.5,205,92950.50596308213,21172.05969159093,-14.721463408121249,-15.010243913603992,-31.090431921822685,7.649248,0.115616985
lat3_lon13,3,13,32,13,-72.5,-112.5,167,92950.50596308213,17247.482773149684,-13.720359311132373,-13.983233520370758,-29.67634619406934,7.460536,0.118195824
lat3_lon14,3,14,32,14,-72.5,-107.5,42,92950.50596308213,4337.690278277167,-12.611904757363456,-12.814285732450939,-30.971603037040925,8.60754,0.10408492
lat3_lon15,3,15,32,15,-72.5,-102.5,325,92950.50596308213,33565.46048666855,-11.68830770932711,-11.773846156780536,-29.519705572558333,8.385713,0.10654492
lat3_lon16,3,16,32,16,-72.5,-97.5,571,92950.50596308213,58971.93211657767,-14.358844135772117,-14.398423831224859,-32.86789217631022,8.715935,0.102923706
lat3_lon17,3,17,32,17,-72.5,-92.5,455,92950.50596308213,46991.644681335965,-16.368351663861954,-16.43516482887687,-35.805731085234996,9.1471615,0.09854973
lat3_lon18,3,18,32,18,-72.5,-87.5,400,92950.50596308213,41311.33598359206,-17.796000006198884,-17.917499969005586,-37.17748321660058,9.108016,0.09893138
lat3_lon19,3,19,32,19,-72.5,-82.5,285,92950.50596308213,29434.32688830934,-19.288421051962334,-19.5754385797601,-38.6263471532751,9.049094,0.09951146
lat3_lon20,3,20,32,20,-72.5,-77.5,486,92950.50596308213,50193.27322006436,-15.178189317875928,-15.508230445806872,-32.63467563451032,8.152389,0.109261096
lat3_lon21,3,21,32,21,-72.5,-72.5,815,92950.50596308213,84171.84706656882,-12.655582808278089,-12.932269922502202,-31.408744893658035,8.775837,0.10229303
lat3_lon22,3,22,32,22,-72.5,-67.5,900,92950.50596308213,92950.50596308213,-15.733777781592474,-16.219555576112537,-34.39797273000082,8.6861515,0.10324018
lat3_lon23,3,23,32,23,-72.5,-62.5,827,92950.50596308213,85411.18714607658,-18.51354292139609,-19.30568321670846,-33.56557854531194,6.916453,0.1263192
lat3_lon24,3,24,32,24,-72.5,-57.5,10,92950.50596308213,1032.7833995898015,-15.219999980926513,-16.560000038146974,-29.216715653737385,6.3060474,0.13687292
lat3_lon30,3,30,32,30,-72.5,-27.5,16,92950.50596308213,1652.4534393436825,-14.096000022888184,-15.396000099182128,-25.27495789527893,4.991692,0.16689776
lat3_lon31,3,31,32,31,-72.5,-22.5,217,92950.50596308213,22411.39977109869,-16.55205483197077,-17.7470319826309,-26.080191062892087,4.238119,0.19090822
lat3_lon32,3,32,32,32,-72.5,-17.5,460,92950.50596308213,47508.03638113086,-19.12516128375966,-20.118064507105018,-27.579290182694145,3.7731218,0.2095065
lat3_lon33,3,33,32,33,-72.5,-12.5,633,92950.50596308213,65375.189194034436,-19.643014172744152,-20.399372054418926,-31.290489817494276,5.321364,0.15819371
lat3_lon34,3,34,32,34,-72.5,-7.5,817,92950.50596308213,84378.40374648679,-23.493284501435557,-24.67814410213149,-35.883644489208955,5.5825934,0.1519158
lat3_lon35,3,35,32,35,-72.5,-2.5,872,92950.50596308213,90058.7124442307,-25.66697246875238,-26.893348645726476,-38.585532321842436,5.822374,0.14657655
lat3_lon36,3,36,32,36,-72.5,2.5,896,92950.50596308213,92537.3926032462,-26.035714247397014,-26.987388349005155,-40.28179198044997,6.50297,0.13328055
lat3_lon37,3,37,32,37,-72.5,7.5,899,92950.50596308213,92847.22762312315,-28.19288096783291,-28.786318120224458,-43.73604994455973,7.1913276,0.122080326
lat3_lon38,3,38,32,38,-72.5,12.5,900,92950.50596308213,92950.50596308213,-29.296999979019166,-30.032444441053602,-45.594199843936494,7.515228,0.11743666
lat3_lon39,3,39,32,39,-72.5,17.5,900,92950.50596308213,92950.50596308213,-28.3236666753557,-29.33766662915548,-44.426932144165036,7.363795,0.11956296
lat3_lon40,3,40,32,40,-72.5,22.5,888,92950.50596308213,91711.16588357437,-27.792004504719294,-28.672409949001967,-42.752307793814374,6.8542714,0.12731926
lat3_lon41,3,41,32,41,-72.5,27.5,899,92950.50596308213,92847.22762312315,-27.97722222328186,-28.623444458643597,-43.63857028269529,7.235326,0.1214281
lat3_lon42,3,42,32,42,-72.5,32.5,900,92950.50596308213,92950.50596308213,-29.752888887193468,-30.085666598214043,-46.10586842219035,7.6316414,0.11585282
lat3_lon43,3,43,32,43,-72.5,37.5,900,92950.50596308213,92950.50596308213,-33.33688887384203,-33.22544445779589,-49.44031782786051,7.617633,0.116041146
lat3_lon44,3,44,32,44,-72.5,42.5,900,92950.50596308213,92950.50596308213,-36.662777750227185,-36.205444439782035,-56.12540818956163,9.284444,0.097234234
lat3_lon45,3,45,32,45,-72.5,47.5,900,92950.50596308213,92950.50596308213,-39.76166665818956,-39.14322224511041,-61.42977940029568,10.363291,0.088002674
lat3_lon46,3,46,32,46,-72.5,52.5,900,92950.50596308213,92950.50596308213,-40.662666634453664,-40.07344443851047,-62.77422777387831,10.565109,0.086466976
lat3_lon47,3,47,32,47,-72.5,57.5,900,92950.50596308213,92950.50596308213,-37.68611113654243,-37.38044443766276,-61.07506646050347,11.098407,0.08265551
lat3_lon48,3,48,32,48,-72.5,62.5,900,92950.50596308213,92950.50596308213,-30.561111102634005,-30.62311104244656,-49.54518146091037,8.934599,0.10065832
lat3_lon49,3,49,32,49,-72.5,67.5,900,92950.50596308213,92950.50596308213,-24.923666642506916,-25.282444434695773,-39.57092572742038,6.821792,0.12784794
lat3_lon50,3,50,32,50,-72.5,72.5,900,92950.50596308213,92950.50596308213,-24.162888876597087,-24.656111125946044,-40.559575712415906,7.615881,0.11606474
lat3_lon51,3,51,32,51,-72.5,77.5,900,92950.50596308213,92950.50596308213,-29.72088886472914,-30.22288889778985,-49.191223258972165,9.062399,0.09937988
lat3_lon52,3,52,32,52,-72.5,82.5,900,92950.50596308213,92950.50596308213,-35.15077775743273,-35.66488892661201,-57.94524856567383,10.626312,0.0860118
lat3_lon53,3,53,32,53,-72.5,87.5,900,92950.50596308213,92950.50596308213,-38.59266663021511,-39.12122222688463,-61.97694024827745,10.901007,0.08402651
lat3_lon54,3,54,32,54,-72.5,92.5,900,92950.50596308213,92950.50596308213,-41.37900001102024,-41.771555553012426,-64.98517272949219,11.036694,0.08307929
lat3_lon55,3,55,32,55,-72.5,97.5,900,92950.50596308213,92950.50596308213,-42.428444391886394,-42.599110989040796,-65.95056357065836,11.048427,0.08299839
lat3_lon56,3,56,32,56,-72.5,102.5,900,92950.50596308213,92950.50596308213,-42.40777774386936,-42.42322218153212,-66.02626316918267,11.130222,0.08243872
lat3_lon57,3,57,32,57,-72.5,107.5,900,92950.50596308213,92950.50596308213,-42.6138889058431,-42.52177778455946,-66.63151162889268,11.343789,0.0810124
lat3_lon58,3,58,32,58,-72.5,112.5,900,92950.50596308213,92950.50596308213,-42.10066662682427,-41.932444398668075,-66.92991255018447,11.74447,0.07846541
lat3_lon59,3,59,32,59,-72.5,117.5,900,92950.50596308213,92950.50596308213,-41.503333240085176,-41.28433343887329,-65.43696390363905,11.3343935,0.08107411
lat3_lon60,3,60,32,60,-72.5,122.5,900,92950.50596308213,92950.50596308213,-41.924333347744415,-41.681222165425616,-64.94044003804525,10.90765,0.08397963
lat3_lon61,3,61,32,61,-72.5,127.5,900,92950.50596308213,92950.50596308213,-42.313444446987575,-42.0741111585829,-64.52811024559868,10.528958,0.0867381
lat3_lon62,3,62,32,62,-72.5,132.5,900,92950.50596308213,92950.50596308213,-41.76199999491374,-41.5593333307902,-64.01770185258654,10.539533,0.08665862
lat3_lon63,3,63,32,63,-72.5,137.5,900,92950.50596308213,92950.50596308213,-40.678888918558755,-40.52855550130209,-62.39847370995415,10.274327,0.08869709
lat3_lon64,3,64,32,64,-72.5,142.5,900,92950.50596308213,92950.50596308213,-38.94855557547675,-38.8491111225552,-59.847728402879504,9.875487,0.0919499
lat3_lon65,3,65,32,65,-72.5,147.5,900,92950.50596308213,92950.50596308213,-37.05288891262478,-37.044444433848064,-58.03278694152832,9.89201,0.09181042
lat3_lon66,3,66,32,66,-72.5,152.5,900,92950.50596308213,92950.50596308213,-34.824444423251684,-34.93388887829251,-55.039266980489096,9.503668,0.09520484
lat3_lon67,3,67,32,67,-72.5,157.5,900,92950.50596308213,92950.50596308213,-32.709666633605956,-32.91566665437487,-49.97517409218682,8.09092,0.109999865
lat3_lon68,3,68,32,68,-72.5,162.5,852,92950.50596308213,87993.14564505109,-27.45316902684494,-27.63744128477965,-37.14233641348415,4.524709,0.181005
lat3_lon69,3,69,32,69,-72.5,167.5,540,92950.50596308213,55770.30357784928,-23.60055554178026,-23.535185206377946,-32.36038878753181,4.144919,0.19436653
lat3_lon70,3,70,32,70,-72.5,172.5,34,92950.50596308213,3511.463558605325,-17.114705843084,-16.979411714217242,-27.002714027057994,4.6934657,0.17563994
lat4_lon17,4,17,31,17,-67.5,-92.5,6,118290.43111461028,788.6028740974019,-5.233333269755046,-5.516666730244954,-17.911793933195227,5.911033,0.14469616
lat4_lon20,4,20,31,20,-67.5,-77.5,8,118290.43111461028,1051.4704987965358,-7.125,-7.050000011920929,-25.53329128689236,8.695483,0.10314081
lat4_lon21,4,21,31,21,-67.5,-72.5,121,118290.43111461028,15903.491294297606,-8.533884304614107,-8.46611571903071,-25.39354087239471,7.9637394,0.11156058
lat4_lon22,4,22,31,22,-67.5,-67.5,476,118290.43111461028,62562.49467839388,-9.576680645722302,-9.809663868751846,-27.77131176961435,8.522648,0.10501281
lat4_lon23,4,23,31,23,-67.5,-62.5,775,118290.43111461028,101861.20457091441,-9.821161315056585,-10.43677420216222,-29.311595869242478,9.046269,0.09953944
lat4_lon24,4,24,31,24,-67.5,-57.5,7,118290.43111461028,920.0366864469688,-7.571428503308978,-8.48571423121861,-25.940124702453613,8.451833,0.105799586
lat4_lon35,4,35,31,35,-67.5,-2.5,18,118290.43111461028,2365.8086222922057,-12.948148056312844,-13.296296331617567,-23.667120297749836,4.9729443,0.16742162
lat4_lon36,4,36,31,36,-67.5,2.5,14,118290.43111461028,1840.0733728939376,-12.8,-13.020000076293945,-23.6722571509225,5.0741715,0.1646315
lat4_lon37,4,37,31,37,-67.5,7.5,13,118290.43111461028,1708.6395605443706,-10.392307721651518,-10.123076805701622,-21.959848732783875,5.5175443,0.15343203
lat4_lon38,4,38,31,38,-67.5,12.5,51,118290.43111461028,6703.124429827916,-11.427450946733064,-11.60588238286037,-22.531926626182464,5.1931543,0.16146861
lat4_lon39,4,39,31,39,-67.5,17.5,61,118290.43111461028,8017.462553323587,-11.662295122615626,-12.177049199088675,-24.123034916566997,5.7565575,0.14800437
lat4_lon40,4,40,31,40,-67.5,22.5,17,118290.43111461028,2234.374809942639,-11.047058722552132,-11.605882308062386,-24.517014185587566,6.2222657,0.13846071
lat4_lon41,4,41,31,41,-67.5,27.5,48,118290.43111461028,6308.822992779215,-11.5,-11.987500011920929,-23.13479987187172,5.3734794,0.15690017
lat4_lon42,4,42,31,42,-67.5,32.5,212,118290.43111461028,27863.9682181082,-12.903773564212727,-13.220754708883897,-26.731133042588063,6.4448657,0.13432075
lat4_lon43,4,43,31,43,-67.5,37.5,124,118290.43111461028,16297.792731346306,-13.6443547971787,-13.63387091698185,-27.45812243188334,6.514345,0.1330788
lat4_lon44,4,44,31,44,-67.5,42.5,329,118290.43111461028,43241.72426300754,-19.74802428538314,-19.663221901310976,-33.74267184701863,6.617219,0.13128151
lat4_lon45,4,45,31,45,-67.5,47.5,503,118290.43111461028,66111.20761183219,-22.352485103114226,-22.336182905238854,-38.20853885137118,7.478461,0.11794595
lat4_lon46,4,46,31,46,-67.5,52.5,723,118290.43111461028,95026.64632873693,-25.07178427800433,-25.11673579737029,-39.997660682668325,7.025554,0.12460198
lat4_lon47,4,47,31,47,-67.5,57.5,602,118290.43111461028,79123.15503443932,-25.65365447712895,-25.909966787230534,-40.8986353937597,7.126908,0.12304804
lat4_lon48,4,48,31,48,-67.5,62.5,461,118290.43111461028,60590.98749315038,-24.778741840685267,-25.385900207817425,-38.059034896461476,6.1223016,0.14040405
lat4_lon49,4,49,31,49,-67.5,67.5,409,118290.43111461028,53756.42925097289,-19.121271387580556,-20.0596577217643,-31.817478971362608,5.776587,0.14756691
lat4_lon50,4,50,31,50,-67.5,72.5,225,118290.43111461028,29572.60777865257,-15.560888896518284,-16.494222276475693,-30.983926088382038,7.060789,0.12405733
lat4_lon51,4,51,31,51,-67.5,77.5,217,118290.43111461028,28521.137279856033,-16.42995389156078,-17.011981577367827,-30.77255166882146,6.6282406,0.13109183
lat4_lon52,4,52,31,52,-67.5,82.5,507,118290.43111461028,66636.94286123046,-20.342209056049175,-20.721499008539865,-37.81140956272085,8.147132,0.10932388
lat4_lon53,4,53,31,53,-67.5,87.5,642,118290.43111461028,84380.50752842201,-22.30093458359858,-22.712149542811503,-40.446048711621486,8.45843,0.10572579
lat4_lon54,4,54,31,54,-67.5,92.5,634,118290.43111461028,83329.03702962547,-25.13943218056712,-25.377917986186898,-43.0256166962936,8.375982,0.10665549
lat4_lon55,4,55,31,55,-67.5,97.5,833,118290.43111461028,109484.3656871893,-23.379591821622448,-23.491476608496182,-41.735353800876084,8.626739,0.10387734
lat4_lon56,4,56,31,56,-67.5,102.5,803,118290.43111461028,105541.35131670229,-24.44719800319648,-24.496513068601768,-43.15324388167437,8.806514,0.101973034
lat4_lon57,4,57,31,57,-67.5,107.5,640,118290.43111461028,84117.63990372287,-25.27390624731779,-25.286874985694887,-45.552220803094826,9.556233,0.09473076
lat4_lon58,4,58,31,58,-67.5,112.5,728,118290.43111461028,95683.81539048476,-21.39890113767687,-21.416346185809964,-41.13741983757318,9.300718,0.09708061
lat4_lon59,4,59,31,59,-67.5,117.5,594,118290.43111461028,78071.6845356428,-21.07020198616516,-21.03619525569055,-40.587650919465545,9.208639,0.09795625
lat4_lon60,4,60,31,60,-67.5,122.5,611,118290.43111461028,80306.05934558543,-22.9682487497158,-22.860065449279187,-42.08859306464166,9.039023,0.09961128
lat4_lon61,4,61,31,61,-67.5,127.5,625,118290.43111461028,82146.13271847936,-24.231999920654296,-24.06879998474121,-43.00334751356893,8.887614,0.10113663
lat4_lon62,4,62,31,62,-67.5,132.5,711,118290.43111461028,93449.44058054213,-25.6443037711786,-25.447679353330372,-42.85468394750156,8.159791,0.1091728
lat4_lon63,4,63,31,63,-67.5,137.5,664,118290.43111461028,87272.05140011247,-27.14141557159194,-26.942921734717956,-45.849060597108036,8.866024,0.10135795
lat4_lon64,4,64,31,64,-67.5,142.5,578,118290.43111461028,75968.74353804972,-24.150172989261193,-23.97525954164023,-40.75777320800585,7.870449,0.11273386
lat4_lon65,4,65,31,65,-67.5,147.5,407,118290.43111461028,53493.56162627377,-21.40933663370568,-21.31326779452237,-37.988210823178555,7.838098,0.113146506
lat4_lon66,4,66,31,66,-67.5,152.5,301,118290.43111461028,39561.57751721966,-20.0913621294142,-20.01727580073664,-37.35786099492768,8.157024,0.10920578
lat4_lon67,4,67,31,67,-67.5,157.5,172,118290.43111461028,22606.61572412552,-19.145930273588313,-19.123255846112272,-31.63906342067799,5.894671,0.14503956
lat4_lon68,4,68,31,68,-67.5,162.5,29,118290.43111461028,3811.5805581374425,-10.686206883397595,-10.786206870243467,-26.403894065408146,7.3859315,0.11924735
lat5_lon23,5,23,30,23,-62.5,-62.5,187,142730.094659641,29656.141890392075,-4.480748649586968,-5.169518721932396,-22.989305334576105,8.567288,0.104522824
lat5_lon24,5,24,30,24,-62.5,-57.5,212,142730.094659641,33620.86674204877,-4.897169824478762,-5.715094350418955,-21.721072629878396,7.7452784,0.11434742
lat5_lon25,5,25,30,25,-62.5,-52.5,6,142730.094659641,951.5339643976067,-2.2666666507720947,-3.116666634877523,-16.747738883608864,6.635176,0.13097274
lat5_lon26,5,26,30,26,-62.5,-47.5,10,142730.094659641,1585.8899406626779,-3.3200000047683718,-3.999999976158142,-14.926958267505352,5.318545,0.1582643
lat6_lon21,6,21,29,21,-57.5,-72.5,14,166083.49600152444,2583.5210489126025,5.299999952316284,4.492857149669102,-1.7449936710652851,3.1480894,0.24107485
lat6_lon22,6,22,29,22,-57.5,-67.5,92,166083.49600152444,16977.42403571139,4.957608697207077,4.259782612323761,-2.738600631827089,3.4752452,0.22345144
lat6_lon30,6,30,29,30,-57.5,-27.5,16,166083.49600152444,2952.5954844715457,-2.6124999672174454,-2.8374999910593033,-13.095534411343662,4.88958,0.1697914
lat7_lon20,7,20,28,20,-52.5,-77.5,34,188172.9016548795,7108.75406251767,7.0999999887803025,6.279411778730505,0.8911522573680382,2.7539163,0.26638848
lat7_lon21,7,21,28,21,-52.5,-72.5,774,188172.9016548795,161828.69542319636,5.388501291319689,4.585529712242981,-4.373876488577225,4.4249263,0.18433431
lat7_lon22,7,22,28,22,-52.5,-67.5,372,188172.9016548795,77778.13268401686,5.9373655783473165,5.2481182842485365,-0.20180790555954753,2.7460318,0.26694915
lat7_lon23,7,23,28,23,-52.5,-62.5,70,188172.9016548795,14635.67012871285,6.635714312962123,5.944285726547241,0.8357417378346561,2.5866103,0.2788148
lat7_lon24,7,24,28,24,-52.5,-57.5,86,188172.9016548795,17980.96615813293,6.593023228090863,6.0139534806096275,0.23929898408336978,2.8684447,0.25850183
lat7_lon28,7,28,28,28,-52.5,-37.5,48,188172.9016548795,10035.88808826024,0.1666666710128387,-0.7729166662320495,-8.55356909077743,3.9081664,0.20374207
lat7_lon50,7,50,28,50,-52.5,72.5,11,188172.9016548795,2299.891020226305,1.1363636255264282,0.5999999967488375,-6.925807367052351,3.680641,0.21364595
lat7_lon67,7,67,28,67,-52.5,157.5,5,188172.9016548795,1045.405009193775,4.57999997138977,3.9999998569488526,-2.2001731197039285,3.068646,0.24578202
lat7_lon69,7,69,28,69,-52.5,167.5,16,188172.9016548795,3345.2960294200802,7.518750011920929,6.856250047683716,3.2296654113701413,1.8852429,0.34659126
lat8_lon20,8,20,27,20,-47.5,-77.5,81,208830.1979047364,18794.717811426275,7.803703720186964,7.016049408618315,1.7932701386505414,2.6671486,0.27269143
lat8_lon21,8,21,27,21,-47.5,-72.5,886,208830.1979047364,205581.7281595516,5.364221227996506,4.549097066312086,-2.1764791473791005,3.3790197,0.2283616
lat8_lon22,8,22,27,22,-47.5,-67.5,589,208830.1979047364,136667.7628509886,9.97572153816806,9.210356543141026,5.150102433148358,2.1175995,0.32075962
lat8_lon43,8,43,27,43,-47.5,37.5,6,208830.1979047364,1392.2013193649093,5.183333357175191,4.46666665871938,2.179665138324102,1.2808856,0.43842617
lat8_lon46,8,46,27,46,-47.5,52.5,8,208830.1979047364,1856.268425819879,4.799999952316284,4.012499928474426,2.64907574003393,0.8885417,0.52950907
lat8_lon49,8,49,27,49,-47.5,67.5,64,208830.1979047364,14850.147406559032,3.2609374998137355,3.0906250057742,-1.4901699683525869,2.2006493,0.3124366
lat8_lon50,8,50,27,50,-47.5,72.5,17,208830.1979047364,3944.570404867243,3.5176470700432274,3.4470588319441853,-0.5654090773937459,1.908351,0.34383747
lat8_lon69,8,69,27,69,-47.5,167.5,220,208830.1979047364,51047.38171004667,8.545454568212682,7.934999999133024,5.994816569464504,1.0874394,0.4790558
lat8_lon70,8,70,27,70,-47.5,172.5,37,208830.1979047364,8585.24146941694,9.335135163487616,8.78648649679648,7.339551066740965,0.841757,0.54295975
lat8_lon71,8,71,27,71,-47.5,177.5,5,208830.1979047364,1160.1677661374245,8.320000076293946,7.5600001335144045,5.2332266039318505,1.313166,0.4323079
lat9_lon0,9,0,26,0,-42.5,-177.5,23,227898.1702534172,5824.064350920662,11.830434757730234,10.94782601232114,10.322592124938964,0.61855614,0.6178346
lat9_lon21,9,21,26,21,-42.5,-72.5,751,227898.1702534172,190168.3620670181,8.439946733365522,7.757523310009871,2.53338290565933,2.638283,0.27485493
lat9_lon22,9,22,26,22,-42.5,-67.5,888,227898.1702534172,224859.52798337163,11.750900900041735,11.083445945301571,6.582614870799913,2.2952647,0.30346575
lat9_lon23,9,23,26,23,-42.5,-62.5,171,227898.1702534172,43300.65234814927,14.692397658587897,13.88713448507744,10.8069098554216,1.6744236,0.37391233
lat9_lon64,9,64,26,64,-42.5,142.5,26,227898.1702534172,6583.724918432052,12.876923047579252,12.315384571368877,10.167126404060113,1.1677774,0.46130195
lat9_lon65,9,65,26,65,-42.5,147.5,324,227898.1702534172,82043.34129123019,11.15709877161332,10.693827187573469,8.225780815804029,1.2866191,0.43732688
lat9_lon69,9,69,26,69,-42.5,167.5,108,227898.1702534172,27347.78043041006,6.912037021583981,6.274074087540309,4.318399221414882,1.1034601,0.47540718
lat9_lon70,9,70,26,70,-42.5,172.5,399,227898.1702534172,101034.85547901496,9.490726798399349,8.820300753552813,8.249173895706058,0.50740194,0.6633931
lat9_lon71,9,71,26,71,-42.5,177.5,83,227898.1702534172,21017.275701148475,12.738554288105792,12.055421668362905,10.38021272076063,0.990778,0.5023162
lat10_lon21,10,21,25,21,-37.5,-72.5,598,245231.6999177919,162942.84061204395,9.846488305158838,9.318729086140525,7.148700901538585,1.1674097,0.46138024
lat10_lon22,10,22,25,22,-37.5,-67.5,900,245231.6999177919,245231.6999177919,14.38100003083547,13.6291111044089,10.379449992328881,1.7364727,0.36543396
lat10_lon23,10,23,25,23,-37.5,-62.5,834,245231.6999177919,227248.0419238205,15.022781768862863,14.44412471007386,12.767279464933607,0.95649505,0.5111181
lat10_lon24,10,24,25,24,-37.5,-57.5,390,245231.6999177919,106267.0699643765,14.936153839796017,14.344102575840093,12.546325975920492,1.0161912,0.4959847
lat10_lon33,10,33,25,33,-37.5,-12.5,9,245231.6999177919,2452.316999177919,14.022222306993273,12.866666581895617,11.409577022899281,1.0689733,0.4833315
lat10_lon59,10,59,25,59,-37.5,117.5,14,245231.6999177919,3814.715332054541,15.964285509926933,15.307142802647181,13.664220486047133,0.9673176,0.5083063
lat10_lon63,10,63,25,63,-37.5,137.5,130,245231.6999177919,35422.35665479216,15.3992307809683,14.786153822678786,13.0260819398331,1.0058469,0.49854252
lat10_lon64,10,64,25,64,-37.5,142.5,633,245231.6999177919,172479.6289421803,14.636334914920077,14.081200655414406,11.329055932321047,1.4460893,0.40881583
lat10_lon65,10,65,25,65,-37.5,147.5,628,245231.6999177919,171117.2306093037,13.311624210351592,12.757324874021446,9.837099533848447,1.5241495,0.39617306
lat10_lon66,10,66,25,66,-37.5,152.5,29,245231.6999177919,7901.910330684405,16.072413707601612,15.306896637225973,13.274892483117446,1.180451,0.45862073
lat10_lon70,10,70,25,70,-37.5,172.5,152,245231.6999177919,41416.9093194493,14.565131595260219,13.853289428510164,12.609385627110798,0.8082188,0.55303043
lat10_lon71,10,71,25,71,-37.5,177.5,312,245231.6999177919,85013.6559715012,12.816346142536554,12.085256406894096,11.057992634497916,0.7212312,0.58097947
lat11_lon20,11,20,24,20,-32.5,-77.5,5,260698.8682708433,1448.3270459491293,14.859999847412109,13.939999961853028,11.82506263256073,1.2706168,0.44040897
lat11_lon21,11,21,24,21,-32.5,-72.5,329,260698.8682708433,95299.91962345272,10.951367805159926,10.102431628773822,9.181894891351396,0.7225814,0.5805241
lat11_lon22,11,22,24,22,-32.5,-67.5,900,260698.8682708433,260698.8682708433,14.213555578456985,13.473333347108628,11.161497683930728,1.2998961,0.43480223
lat11_lon23,11,23,24,23,-32.5,-62.5,900,260698.8682708433,260698.8682708433,17.359666664335464,16.73677778032091,15.251644745932685,0.88426787,0.5307101
lat11_lon24,11,24,24,24,-32.5,-57.5,878,260698.8682708433,254326.2292686671,17.81605923637442,17.335763079701902,14.658728363249036,1.389082,0.41857082
lat11_lon25,11,25,24,25,-32.5,-52.5,521,260698.8682708433,150915.6781878993,18.108829183450357,17.682917461285435,15.360267516493346,1.2078767,0.45292383
lat11_lon39,11,39,24,39,-32.5,17.5,351,260698.8682708433,101672.55862562888,16.920227925661962,16.238176622961323,14.699024081230164,0.92903364,0.5183943
lat11_lon40,11,40,24,40,-32.5,22.5,782,260698.8682708433,226518.34998644385,16.426726330271766,15.853580551684056,12.51653646752322,1.7241405,0.36708823
lat11_lon41,11,41,24,41,-32.5,27.5,570,260698.8682708433,165109.28323820073,15.773508791337933,15.200350880204585,12.124784086242554,1.6021101,0.38430348
lat11_lon42,11,42,24,42,-32.5,32.5,30,260698.8682708433,8689.962275694776,19.38666674296061,18.783333269755044,17.428479947541888,0.8188158,0.54980826
lat11_lon58,11,58,24,58,-32.5,112.5,8,260698.8682708433,2317.323273518607,18.237500190734863,17.6875,16.518755833307903,0.71667016,0.5825231
lat11_lon59,11,59,24,59,-32.5,117.5,818,260698.8682708433,236946.30471727756,17.278606370492202,16.722371636509603,14.605158794060182,1.1517769,0.46473223
lat11_lon60,11,60,24,60,-32.5,122.5,717,260698.8682708433,207690.09838910514,17.87043236023545,17.197071104701426,14.626254764575403,1.3979032,0.41703102
lat11_lon61,11,61,24,61,-32.5,127.5,395,260698.8682708433,114417.83662998122,18.39012659773042,17.75341777560077,15.919166585002516,1.0475113,0.48839778
lat11_lon62,11,62,24,62,-32.5,132.5,425,260698.8682708433,123107.798905676,18.05505884955911,17.595764694213866,16.0153469144499,0.873632,0.53372276
lat11_lon63,11,63,24,63,-32.5,137.5,849,260698.8682708433,245925.93240216217,17.822025902279695,17.315901078941966,14.833819755978055,1.3058103,0.433687
lat11_lon64,11,64,24,64,-32.5,142.5,900,260698.8682708433,260698.8682708433,18.75144445631239,18.21644446267022,14.922131363550822,1.6932008,0.3713054
lat11_lon65,11,65,24,65,-32.5,147.5,900,260698.8682708433,260698.8682708433,17.309666652679443,16.793888903723822,12.895317662027146,1.9706559,0.336626
lat11_lon66,11,66,24,66,-32.5,152.5,406,260698.8682708433,117604.1561310693,15.851724150145582,15.180788178749273,12.418684801155472,1.4856771,0.40230486
lat11_lon70,11,70,24,70,-32.5,172.5,20,260698.8682708433,5793.308183796517,16.245000171661378,15.404999923706054,15.368905604969372,0.40475574,0.7118676
lat12_lon14,12,14,23,14,-27.5,-107.5,5,274181.96082207304,1523.2331156781836,20.75999984741211,20.220000076293946,18.420083236694335,1.0003616,0.49990967
lat12_lon21,12,21,23,21,-27.5,-72.5,205,274181.96082207304,62452.557742805526,15.845365818753475,15.020000005386224,16.56361113722603,0.63068223,0.61324024
lat12_lon22,12,22,23,22,-27.5,-67.5,900,274181.96082207304,274181.96082207304,9.085333342916435,8.157777778539392,6.516372676115974,1.0621848,0.4849226
lat12_lon23,12,23,23,23,-27.5,-62.5,900,274181.96082207304,274181.96082207304,20.871333369149102,20.082666663063897,18.748458098305598,0.87614733,0.5330072
lat12_lon24,12,24,23,24,-27.5,-57.5,900,274181.96082207304,274181.96082207304,21.15311109330919,20.476333351135253,18.425259590148926,1.1597943,0.46300706
lat12_lon25,12,25,23,25,-27.5,-52.5,900,274181.96082207304,274181.96082207304,18.606888870663113,18.579444448682995,15.464251735475328,1.4750272,0.404036
lat12_lon26,12,26,23,26,-27.5,-47.5,244,274181.96082207304,74333.77604509536,19.03811479005657,18.714754128065266,17.72732323548925,0.55754983,0.64203405
lat12_lon38,12,38,23,38,-27.5,12.5,12,274181.96082207304,3655.759477627641,20.074999968210857,19.166666507720947,18.82428082552823,0.5277411,0.65456116
lat12_lon39,12,39,23,39,-27.5,17.5,783,274181.96082207304,238538.30591520356,19.57713921499435,18.878160913937545,16.421332605310642,1.353337,0.42492852
lat12_lon40,12,40,23,40,-27.5,22.5,900,274181.96082207304,274181.96082207304,19.555777768029106,18.788666666878594,14.929219199286567,2.0245395,0.33062884
lat12_lon41,12,41,23,41,-27.5,27.5,900,274181.96082207304,274181.96082207304,16.004777805010477,15.379777770572238,10.354276560871318,2.529261,0.28334543
lat12_lon42,12,42,23,42,-27.5,32.5,470,274181.96082207304,143183.91287374927,18.95000002840732,18.449787225114537,15.55856635980308,1.4948502,0.40082568
lat12_lon44,12,44,23,44,-27.5,42.5,13,274181.96082207304,3960.406100763277,24.03076905470628,23.638461626493015,20.722094416618347,1.4759717,0.40388185
lat12_lon45,12,45,23,45,-27.5,47.5,35,274181.96082207304,10662.631809747285,23.511428506033763,23.091428429739818,20.579062537143106,1.2947395,0.4357793
lat12_lon58,12,58,23,58,-27.5,112.5,201,274181.96082207304,61233.97125026298,22.037810937682195,21.537810966150083,20.272449978709925,0.74293995,0.5737432
lat12_lon59,12,59,23,59,-27.5,117.5,900,274181.96082207304,274181.96082207304,22.077444424099394,21.655666664971246,18.287410019768608,1.695989,0.37092137
lat12_lon60,12,60,23,60,-27.5,122.5,900,274181.96082207304,274181.96082207304,22.14100000805325,21.88111112806532,17.353013403150772,2.1983838,0.31265792
lat12_lon61,12,61,23,61,-27.5,127.5,900,274181.96082207304,274181.96082207304,20.85588888804118,20.74222220526801,17.581178665161133,1.5176313,0.39719874
lat12_lon62,12,62,23,62,-27.5,132.5,900,274181.96082207304,274181.96082207304,20.440666703118218,20.288999985588923,17.30291907734341,1.4447277,0.40904352
lat12_lon63,12,63,23,63,-27.5,137.5,900,274181.96082207304,274181.96082207304,22.87366668701172,22.485222220950657,18.598906280729505,1.9301099,0.34128413
lat12_lon64,12,64,23,64,-27.5,142.5,900,274181.96082207304,274181.96082207304,22.512444449530708,22.119222229851616,18.12306538052029,1.9829984,0.33523318
lat12_lon65,12,65,23,65,-27.5,147.5,900,274181.96082207304,274181.96082207304,20.811666668785943,20.215444429185656,16.266260691748727,2.016935,0.3314622
lat12_lon66,12,66,23,66,-27.5,152.5,618,274181.96082207304,188271.6130978235,19.14708733790129,18.457443373102972,15.261336495910866,1.6927875,0.37136236
lat13_lon0,13,0,22,0,-22.5,-177.5,13,285578.36309585243,4125.020800273423,24.03076905470628,23.315384351290188,21.422170299953883,1.1005465,0.47606662
lat13_lon1,13,1,22,1,-22.5,-172.5,11,285578.36309585243,3490.4022156159745,24.3000001040372,23.59090891751376,21.842857088361466,1.0325829,0.49198487
lat13_lon4,13,4,22,4,-22.5,-157.5,8,285578.36309585243,2538.474338629799,24.549999475479126,24.012499570846558,21.725010633468628,1.224839,0.44947073
lat13_lon5,13,5,22,5,-22.5,-152.5,7,285578.36309585243,2221.165046301074,23.700000490461075,23.14285741533552,20.96246862411499,1.1812698,0.4584486
lat13_lon6,13,6,22,6,-22.5,-147.5,6,285578.36309585243,1903.8557539723497,23.18333339691162,22.60000006357829,20.390931736339223,1.2026714,0.45399415
lat13_lon8,13,8,22,8,-22.5,-137.5,27,285578.36309585243,8567.350892875573,24.41481477242929,23.799999943485968,21.742495918273924,1.142736,0.46669307
lat13_lon21,13,21,22,21,-22.5,-72.5,79,285578.36309585243,25067.434093969267,18.01898742627494,17.14556966854047,18.856607269454788,0.69857913,0.58872736
lat13_lon22,13,22,22,22,-22.5,-67.5,900,285578.36309585243,285578.36309585243,7.635888897404075,6.648222218917476,4.502004991335755,1.3082203,0.43323418
lat13_lon23,13,23,22,23,-22.5,-62.5,900,285578.36309585243,285578.36309585243,22.218000015682644,21.45844443904029,19.591072445180682,1.1037688,0.4753374
lat13_lon24,13,24,22,24,-22.5,-57.5,900,285578.36309585243,285578.36309585243,23.862444428337945,23.47722221162584,21.368316389719645,1.0962844,0.4770345
lat13_lon25,13,25,22,25,-22.5,-52.5,900,285578.36309585243,285578.36309585243,22.637555582258436,22.31455556657579,19.11025186114841,1.5921252,0.38578385
lat13_lon26,13,26,22,26,-22.5,-47.5,834,285578.36309585243,264635.9498021566,21.07757792141226,20.634412448754986,17.04181927892897,1.8070992,0.35623962
lat13_lon27,13,27,22,27,-22.5,-42.5,470,285578.36309585243,149135.36739450073,21.696808528900146,21.352340479100004,18.67959550259889,1.3484888,0.42580575
lat13_lon30,13,30,22,30,-22.5,-27.5,5,285578.36309585243,1586.5464616436248,24.079999923706055,23.320000076293944,20.88337516784668,1.3635391,0.4230943
lat13_lon38,13,38,22,38,-22.5,12.5,179,285578.36309585243,56798.36332684176,21.08994410424259,20.214525126878108,20.36318319990435,0.38248298,0.7233362
lat13_lon39,13,39,22,39,-22.5,17.5,900,285578.36309585243,285578.36309585243,20.286000005933975,19.5263333829244,16.479415776994493,1.6448872,0.37808797
lat13_lon40,13,40,22,40,-22.5,22.5,900,285578.36309585243,285578.36309585243,21.453444459703235,20.957666674719917,16.78418220202128,2.0940597,0.32319996
lat13_lon41,13,41,22,41,-22.5,27.5,900,285578.36309585243,285578.36309585243,20.67455556233724,20.181000011232165,15.869297885894776,2.158314,0.31662464
lat13_lon42,13,42,22,42,-22.5,32.5,895,285578.36309585243,283991.81663420884,22.804916203887768,22.03251396584111,19.562160586251153,1.3830206,0.41963547
lat13_lon43,13,43,22,43,-22.5,37.5,76,285578.36309585243,24115.506216983096,24.084210621683223,23.269736842105264,22.10556285501384,0.811974,0.5518843
lat13_lon44,13,44,22,44,-22.5,42.5,265,285578.36309585243,84086.96246711211,24.234716955220925,23.666415182149635,20.371666722181367,1.7029873,0.36996105
lat13_lon45,13,45,22,45,-22.5,47.5,552,285578.36309585243,175154.72936545615,21.182065165561177,20.544384076975394,17.269733977234736,1.7138749,0.36847684
lat13_lon47,13,47,22,47,-22.5,57.5,29,285578.36309585243,9201.969477533023,22.651724091891584,22.21034470919905,19.803050156795617,1.2518797,0.44407347
lat13_lon58,13,58,22,58,-22.5,112.5,179,285578.36309585243,56798.36332684176,24.650838020793554,24.103351987274,22.70551624752226,0.8190755,0.54972976
lat13_lon59,13,59,22,59,-22.5,117.5,832,285578.36309585243,264001.3312174991,25.50324520927209,25.00649040708175,21.97924846013387,1.5574021,0.39102182
lat13_lon60,13,60,22,60,-22.5,122.5,900,285578.36309585243,285578.36309585243,26.09522218916151,25.82033331765069,21.457979933420816,2.1241915,0.3200828
lat13_lon61,13,61,22,61,-22.5,127.5,900,285578.36309585243,285578.36309585243,25.431666645473904,25.367555544111465,20.988164910210504,2.0797403,0.3247027
lat13_lon62,13,62,22,62,-22.5,132.5,900,285578.36309585243,285578.36309585243,23.63755555682712,23.58133333630032,19.262067580752902,2.0495017,0.32792243
lat13_lon63,13,63,22,63,-22.5,137.5,900,285578.36309585243,285578.36309585243,24.751222218407523,24.29022226545546,20.250826178656684,2.0216277,0.33094746
lat13_lon64,13,64,22,64,-22.5,142.5,900,285578.36309585243,285578.36309585243,24.646222214168972,24.180555585225424,19.92470003128052,2.124511,0.3200501
lat13_lon65,13,65,22,65,-22.5,147.5,874,285578.36309585243,277328.3214953056,22.779061795372165,22.46624715704667,18.477531468073526,1.9581984,0.33804357
lat13_lon66,13,66,22,66,-22.5,152.5,198,285578.36309585243,62827.23988108754,22.380808155946056,21.809595936476583,19.80907935268545,1.1026301,0.47559482
lat13_lon67,13,67,22,67,-22.5,157.5,5,285578.36309585243,1586.5464616436248,23.879999923706055,22.979999923706053,21.0519588470459,1.1796967,0.45877945
lat13_lon68,13,68,22,68,-22.5,162.5,36,285578.36309585243,11423.134523834098,23.399999883439804,22.788888931274414,21.239067775447193,0.9095194,0.52369195
lat13_lon69,13,69,22,69,-22.5,167.5,112,285578.36309585243,35538.64074081719,22.81160717351096,22.181249942098344,20.672404253482817,0.89753705,0.52699894
lat14_lon0,14,0,21,0,-17.5,-177.5,71,294801.34158954216,23256.550280952768,25.61690150516134,24.70000003760969,23.154547539077885,1.0161102,0.49600464
lat14_lon1,14,1,21,1,-17.5,-172.5,21,294801.34158954216,6878.6979704226505,25.05238133385068,24.342857270013717,22.812998025313668,0.93444765,0.51694345
lat14_lon4,14,4,21,4,-17.5,-157.5,7,294801.34158954216,2292.8993234742165,25.257142748151505,24.671428407941544,22.319991874694825,1.2692592,0.44067243
lat14_lon5,14,5,21,5,-17.5,-152.5,20,294801.34158954216,6551.140924212048,26.444999980926514,25.954999923706055,23.47588795629041,1.2996463,0.43484947
lat14_lon6,14,6,21,6,-17.5,-147.5,87,294801.34158954216,28497.463020322408,26.571264245044226,25.982758642613202,23.477162153824516,1.3415505,0.4270675
lat14_lon7,14,7,21,7,-17.5,-142.5,82,294801.34158954216,26859.677789269397,26.459756385989305,25.903658611018482,23.30192147768461,1.3763963,0.42080525
lat14_lon8,14,8,21,8,-17.5,-137.5,17,294801.34158954216,5568.469785580241,25.747058868408203,24.99999988780302,22.93156603762978,1.1908687,0.4564399
lat14_lon20,14,20,21,20,-17.5,-77.5,7,294801.34158954216,2292.8993234742165,20.77142878941127,20.02857153756278,21.36777353286743,0.54781646,0.64607143
lat14_lon21,14,21,21,21,-17.5,-72.5,385,294801.34158954216,126109.46279108193,11.77194804789184,11.021038937568665,9.437019314223873,0.9732463,0.5067791
lat14_lon22,14,22,21,22,-17.5,-67.5,900,294801.34158954216,294801.34158954216,11.425222256084282,10.625777765446239,6.2121958541061675,2.2923656,0.303733
lat14_lon23,14,23,21,23,-17.5,-62.5,900,294801.34158954216,294801.34158954216,23.288999989827474,22.678222229215834,20.75655157883962,1.0790511,0.48098868
lat14_lon24,14,24,21,24,-17.5,-57.5,900,294801.34158954216,294801.34158954216,25.537555548350017,25.116666685740153,23.161817508273653,1.0350907,0.4913786
lat14_lon25,14,25,21,25,-17.5,-52.5,900,294801.34158954216,294801.34158954216,24.22666666454739,24.01877777735392,20.5038158331977,1.7080786,0.3692655
lat14_lon26,14,26,21,26,-17.5,-47.5,900,294801.34158954216,294801.34158954216,22.947111117045086,22.899666652679443,18.675417487886218,2.0026066,0.33304396
lat14_lon27,14,27,21,27,-17.5,-42.5,900,294801.34158954216,294801.34158954216,22.859666663275824,22.771666658189563,19.09645440949334,1.7536215,0.3631581
lat14_lon28,14,28,21,28,-17.5,-37.5,138,294801.34158954216,45202.872377063126,24.577536140663035,24.454347831615504,22.17836108040617,1.1030933,0.47549012
lat14_lon38,14,38,21,38,-17.5,12.5,547,294801.34158954216,179173.70427719952,22.37239488953864,21.570018290601656,19.581904477252927,1.1729944,0.46019447
lat14_lon39,14,39,21,39,-17.5,17.5,900,294801.34158954216,294801.34158954216,21.89233336130778,20.79555552588569,17.57222959200541,1.8335166,0.35291836
lat14_lon40,14,40,21,40,-17.5,22.5,900,294801.34158954216,294801.34158954216,22.275777863396538,21.718444408840604,18.085533629523383,1.8579202,0.3499048
lat14_lon41,14,41,21,41,-17.5,27.5,900,294801.34158954216,294801.34158954216,21.46011113272773,20.933999989827473,17.561912763383653,1.7270308,0.3666992
lat14_lon42,14,42,21,42,-17.5,32.5,900,294801.34158954216,294801.34158954216,21.759666673872207,20.793222258885702,17.569569758309257,1.791426,0.35823986
lat14_lon43,14,43,21,43,-17.5,37.5,544,294801.34158954216,178191.0331385677,23.787132319282083,23.08161767090068,21.012175825316532,1.1776023,0.45922068
lat14_lon44,14,44,21,44,-17.5,42.5,156,294801.34158954216,51098.899208853974,25.60128199748504,25.00064097917997,22.719647938914843,1.2413037,0.4461689
lat14_lon45,14,45,21,45,-17.5,47.5,787,294801.34158954216,257787.3953677441,22.488055878703445,21.841296043299053,18.25256133655419,1.8629943,0.34928468
lat14_lon46,14,46,21,46,-17.5,52.5,19,294801.34158954216,6223.583878001446,23.731579328838148,23.263157894736842,21.53930655191111,0.9426406,0.5147633
lat14_lon47,14,47,21,47,-17.5,57.5,9,294801.34158954216,2948.0134158954215,25.288889355129665,24.5777776506212,22.668811141467486,1.1062772,0.47477132
lat14_lon59,14,59,21,59,-17.5,117.5,9,294801.34158954216,2948.0134158954215,27.18888897365994,26.34444448682997,25.03562941573595,0.8858524,0.5302642
lat14_lon60,14,60,21,60,-17.5,122.5,484,294801.34158954216,158537.61036593156,27.48904957653077,27.136776809850016,24.54117081533024,1.3145027,0.43205824
lat14_lon61,14,61,21,61,-17.5,127.5,900,294801.34158954216,294801.34158954216,27.1208889219496,27.083777760399713,22.527443199157716,2.156677,0.31678882
lat14_lon62,14,62,21,62,-17.5,132.5,900,294801.34158954216,294801.34158954216,26.546444460550944,26.633666663699678,22.295397760603162,2.0248342,0.33059663
lat14_lon63,14,63,21,63,-17.5,137.5,730,294801.34158954216,239116.64373373977,26.19123277010983,25.85301370490087,22.322323042551677,1.7495596,0.3636946
lat14_lon64,14,64,21,64,-17.5,142.5,794,294801.34158954216,260080.29469121833,25.67896718042023,25.2603274833045,21.417033064100476,1.9180503,0.34269458
lat14_lon65,14,65,21,65,-17.5,147.5,260,294801.34158954216,85164.83201475661,23.256538523160494,22.753846153846155,20.582248880081817,1.1604769,0.46286076
lat14_lon67,14,67,21,67,-17.5,157.5,12,294801.34158954216,3930.684554527229,24.758333524068195,23.924999872843426,22.013131041275827,1.1491941,0.46529067
lat14_lon68,14,68,21,68,-17.5,162.5,16,294801.34158954216,5240.912739369638,24.881250143051147,24.03124988079071,22.139956823984782,1.1457254,0.4660429
lat14_lon69,14,69,21,69,-17.5,167.5,101,294801.34158954216,33083.26166727085,24.890098987239423,24.189108971321936,22.459961462020875,1.0212686,0.4947388
lat14_lon71,14,71,21,71,-17.5,177.5,137,294801.34158954216,44875.31533085253,24.921897888183594,24.249635055987504,22.607963754775675,0.9719004,0.50712496
lat15_lon0,15,0,20,0,-12.5,-177.5,7,301780.7038678185,2347.183252305255,26.77142824445452,26.199999945504324,24.72659507393837,0.8614455,0.5372169
lat15_lon1,15,1,20,1,-12.5,-172.5,30,301780.7038678185,10059.35679559395,26.259999974568686,25.746666590372723,24.05205253932787,0.94341344,0.51455855
lat15_lon2,15,2,20,2,-12.5,-167.5,9,301780.7038678185,3017.807038678185,27.0,26.400000042385525,24.366701285044353,1.1268721,0.470174
lat15_lon3,15,3,20,3,-12.5,-162.5,5,301780.7038678185,1676.559465932325,27.416666984558105,26.950000127156574,24.5,1.2792022,0.43875
lat15_lon6,15,6,20,6,-12.5,-147.5,18,301780.7038678185,6035.61407735637,27.0611113442315,26.53888914320204,24.15654008284859,1.2642449,0.4416483
lat15_lon7,15,7,20,7,-12.5,-142.5,6,301780.7038678185,2011.8713591187902,26.933333079020183,26.483333269755047,23.78333314259847,1.3910428,0.41822758
lat15_lon8,15,8,20,8,-12.5,-137.5,10,301780.7038678185,3353.11893186465,26.590000343322753,25.910000228881835,23.576922930203953,1.290318,0.4366206
lat15_lon20,15,20,20,20,-12.5,-77.5,368,301780.7038678185,123394.77669261914,12.95978257448777,12.142663042182507,9.851652434272351,1.3155855,0.4318562
lat15_lon21,15,21,20,21,-12.5,-72.5,900,301780.7038678185,301780.7038678185,16.0368888841735,15.20966668188572,10.874842583409071,2.2637658,0.30639455
lat15_lon22,15,22,20,22,-12.5,-67.5,900,301780.7038678185,301780.7038678185,24.083000129063922,23.383666608929634,21.549554764777422,1.0682998,0.48348892
lat15_lon23,15,23,20,23,-12.5,-62.5,900,301780.7038678185,301780.7038678185,24.697888872358533,24.236111102634005,22.31552857293023,1.0315855,0.4922264
lat15_lon24,15,24,20,24,-12.5,-57.5,900,301780.7038678185,301780.7038678185,24.468888878292507,23.89555557039049,21.03267801920573,1.5030459,0.3995132
lat15_lon25,15,25,20,25,-12.5,-52.5,900,301780.7038678185,301780.7038678185,25.37288893593682,24.885111168755426,21.835959457821318,1.5650744,0.38985223
lat15_lon26,15,26,20,26,-12.5,-47.5,900,301780.7038678185,301780.7038678185,25.13466669506497,24.761555580563016,20.832217406166926,1.9462209,0.33941787
lat15_lon27,15,27,20,27,-12.5,-42.5,900,301780.7038678185,301780.7038678185,24.220777784983316,23.94388889312744,19.797752057181466,2.0229318,0.33080468
lat15_lon28,15,28,20,28,-12.5,-37.5,395,301780.7038678185,132448.19780865367,24.810379762287383,24.346582287172726,20.911473153094498,1.7389829,0.36509904
lat15_lon38,15,38,20,38,-12.5,12.5,358,301780.7038678185,120041.65776075448,21.660614533131348,20.578212255872163,19.733340294993653,0.78879577,0.5590353
lat15_lon39,15,39,20,39,-12.5,17.5,900,301780.7038678185,301780.7038678185,19.708000032636853,18.84022223154704,15.736385672887167,1.7049131,0.36969763
lat15_lon40,15,40,20,40,-12.5,22.5,900,301780.7038678185,301780.7038678185,21.140666698879667,20.58911114162869,17.315348468356664,1.6883521,0.3719751
lat15_lon41,15,41,20,41,-12.5,27.5,900,301780.7038678185,301780.7038678185,20.83622224383884,20.32577778286404,15.569246164957683,2.371736,0.29658312
lat15_lon42,15,42,20,42,-12.5,32.5,900,301780.7038678185,301780.7038678185,21.383222244050767,20.679666625128853,16.2497969839308,2.2723162,0.30559394
lat15_lon43,15,43,20,43,-12.5,37.5,900,301780.7038678185,301780.7038678185,23.027999979654947,21.915666660732693,19.00519384490119,1.6961101,0.3709047
lat15_lon44,15,44,20,44,-12.5,42.5,151,301780.7038678185,50632.09587115622,25.415894148365552,24.73642385874363,22.51898571382086,1.2369672,0.44703385
lat15_lon45,15,45,20,45,-12.5,47.5,214,301780.7038678185,71756.74514190352,23.734112204792343,23.032710293743097,21.13531325490851,1.0977672,0.4766973
lat15_lon46,15,46,20,46,-12.5,52.5,21,301780.7038678185,7041.549756915766,25.147619156610396,24.47142864408947,22.6995233808245,1.0322604,0.49206293
lat15_lon55,15,55,20,55,-12.5,97.5,5,301780.7038678185,1676.559465932325,26.479999923706053,25.939999771118163,23.3856360571725,1.3495457,0.42561418
lat15_lon60,15,60,20,60,-12.5,122.5,63,301780.7038678185,21124.649270747297,27.158730128454785,26.43968255179269,24.995975208931227,0.8993102,0.52650696
lat15_lon61,15,61,20,61,-12.5,127.5,169,301780.7038678185,56667.70994851259,27.431360978346603,27.22781057188497,24.697630230101826,1.2434955,0.445733
lat15_lon62,15,62,20,62,-12.5,132.5,620,301780.7038678185,207893.3737756083,27.03209675819643,26.670000051682994,23.921328883017264,1.3889718,0.41859013
lat15_lon63,15,63,20,63,-12.5,137.5,203,301780.7038678185,68068.3143168524,26.79211806311396,27.04926109313965,24.38744753943549,1.1987871,0.45479617
lat15_lon64,15,64,20,64,-12.5,142.5,359,301780.7038678185,120376.96965394095,26.156267383968597,25.569359362291426,23.15889370669225,1.2969646,0.43535715
lat15_lon65,15,65,20,65,-12.5,147.5,42,301780.7038678185,14083.099513831532,25.073809532892135,24.440476099650066,22.770313184555263,0.97163385,0.50719357
lat15_lon66,15,66,20,66,-12.5,152.5,97,301780.7038678185,32525.253639087106,26.558762953453456,25.824742287704623,23.331795922641096,1.3810979,0.41997436
lat15_lon68,15,68,20,68,-12.5,162.5,36,301780.7038678185,12071.22815471274,26.591666751437717,25.841666592491997,24.022621118797446,1.0786526,0.48108086
lat15_lon69,15,69,20,69,-12.5,167.5,53,301780.7038678185,17771.530338882647,26.31698111768039,25.62075481774672,24.20342172895159,0.8794378,0.53207403
lat15_lon71,15,71,20,71,-12.5,177.5,5,301780.7038678185,1676.559465932325,27.340000534057616,26.460000228881835,24.738679885864258,1.0803401,0.48069063
lat16_lon1,16,1,19,1,-7.5,-172.5,8,306463.3327694898,2724.1185135065757,27.799999237060547,27.249999284744263,24.687437534332275,1.3563539,0.4243845
lat16_lon4,16,4,19,4,-7.5,-157.5,5,306463.3327694898,1702.57407094161,27.640000534057616,27.060000228881837,24.500066375732423,1.3641785,0.4229799
lat16_lon7,16,7,19,7,-7.5,-142.5,11,306463.3327694898,3745.662956071542,26.118181748823687,25.436363740400836,23.691899871826173,1.0217019,0.49463278
lat16_lon8,16,8,19,8,-7.5,-137.5,10,306463.3327694898,3405.14814188322,26.120000267028807,25.420000076293945,23.693200047810873,1.0198692,0.49508154
lat16_lon19,16,19,19,19,-7.5,-82.5,67,306463.3327694898,22814.49255061757,23.89253747285302,23.17761184920126,22.722648602440245,0.4815196,0.67498267
lat16_lon20,16,20,19,20,-7.5,-77.5,801,306463.3327694898,272752.36616484594,18.959300876705537,18.13146068332496,15.11824432577317,1.6505389,0.37728176
lat16_lon21,16,21,19,21,-7.5,-72.5,900,306463.3327694898,306463.3327694898,24.860999999576144,24.14166668785943,22.19078622394138,1.1280966,0.4699035
lat16_lon22,16,22,19,22,-7.5,-67.5,900,306463.3327694898,306463.3327694898,24.984555517832437,24.596444403330484,22.322120562659368,1.1743432,0.45990902
lat16_lon23,16,23,19,23,-7.5,-62.5,900,306463.3327694898,306463.3327694898,25.37466664420234,24.632555565304227,22.15767437193129,1.3753709,0.42098686
lat16_lon24,16,24,19,24,-7.5,-57.5,900,306463.3327694898,306463.3327694898,24.9134444448683,24.108555573357478,21.457352443271212,1.476531,0.40379062
lat16_lon25,16,25,19,25,-7.5,-52.5,900,306463.3327694898,306463.3327694898,24.83966670566135,23.82755551868015,21.140760873158772,1.5608096,0.3905015
lat16_lon26,16,26,19,26,-7.5,-47.5,900,306463.3327694898,306463.3327694898,26.290333338843453,25.7511110941569,22.216684294806587,1.806702,0.35629004
lat16_lon27,16,27,19,27,-7.5,-42.5,900,306463.3327694898,306463.3327694898,26.856333327823215,26.49544447157118,21.7688428179423,2.317891,0.30139628
lat16_lon28,16,28,19,28,-7.5,-37.5,877,306463.3327694898,298631.4920431584,26.18688710603094,25.59828961806259,20.688421572596997,2.4650078,0.28859964
lat16_lon29,16,29,19,29,-7.5,-32.5,20,306463.3327694898,6810.29628376644,26.264999866485596,25.63499994277954,22.313288446200097,1.7335478,0.36582497
lat16_lon38,16,38,19,38,-7.5,12.5,414,306463.3327694898,140973.13307396532,24.081400972633546,23.5425120551805,21.836460908253986,0.95689124,0.5110146
lat16_lon39,16,39,19,39,-7.5,17.5,900,306463.3327694898,306463.3327694898,21.957666676839192,21.384333347744413,18.641396113501656,1.4472221,0.40862656
lat16_lon40,16,40,19,40,-7.5,22.5,900,306463.3327694898,306463.3327694898,22.31388889948527,21.660555542839898,18.685725428263346,1.5790303,0.38774264
lat16_lon41,16,41,19,41,-7.5,27.5,900,306463.3327694898,306463.3327694898,22.375222237904868,21.71833333015442,18.28365198665195,1.7941103,0.35789567
lat16_lon42,16,42,19,42,-7.5,32.5,900,306463.3327694898,306463.3327694898,21.347999991310967,20.729999997880725,16.004516761567857,2.386651,0.29527694
lat16_lon43,16,43,19,43,-7.5,37.5,834,306463.3327694898,283989.35503306054,23.211990429628955,22.758513180757884,19.521331084635985,1.6433691,0.37830508
lat16_lon45,16,45,19,45,-7.5,47.5,7,306463.3327694898,2383.603699318254,26.5,25.828571319580078,23.542109439247533,1.2661333,0.4412803
lat16_lon46,16,46,19,46,-7.5,52.5,13,306463.3327694898,4426.692584448186,26.653845860407902,25.799999970656174,23.732067611982238,1.2266569,0.44910377
lat16_lon50,16,50,19,50,-7.5,72.5,15,306463.3327694898,5107.7222128248295,27.020000076293947,26.19333330790202,24.447741602992153,1.0722241,0.48257327
lat16_lon56,16,56,19,56,-7.5,102.5,41,306463.3327694898,13961.107381721202,25.000000186082794,24.409756171994093,22.695487717450675,0.97740483,0.50571334
lat16_lon57,16,57,19,57,-7.5,107.5,279,306463.3327694898,95003.63315854184,25.639426549275715,25.090322644907086,22.477765755575213,1.3793343,0.42028558
lat16_lon58,16,58,19,58,-7.5,112.5,296,306463.3327694898,100792.38499974331,26.047297303741043,25.555067558546323,22.900311285594725,1.3821698,0.41978538
lat16_lon59,16,59,19,59,-7.5,117.5,248,306463.3327694898,84447.67391870385,26.387500101520168,25.752419394831502,23.852545488145616,1.0769733,0.4814698
lat16_lon60,16,60,19,60,-7.5,122.5,278,306463.3327694898,94663.11834435351,26.241726655754253,25.683812944151516,23.56031445506116,1.1552049,0.46399304
lat16_lon61,16,61,19,61,-7.5,127.5,141,306463.3327694898,48012.5888005534,26.13900698668568,25.685815581193207,23.830086364541003,0.99890095,0.50027496
lat16_lon62,16,62,19,62,-7.5,132.5,131,306463.3327694898,44607.44065867018,26.86488557771872,26.41755719949271,24.295290174527405,1.1208599,0.47150686
lat16_lon63,16,63,19,63,-7.5,137.5,241,306463.3327694898,82064.0702193856,26.20539419878568,25.73817426436175,23.00829225540161,1.4099649,0.41494378
lat16_lon64,16,64,19,64,-7.5,142.5,714,306463.3327694898,243127.5773304619,23.534593814561347,22.989915962646656,20.439589148374868,1.3490695,0.42570046
lat16_lon65,16,65,19,65,-7.5,147.5,505,306463.3327694898,171959.9811651026,22.25306929975453,21.61405936326131,19.649208045800528,1.1080046,0.47438228
lat16_lon66,16,66,19,66,-7.5,152.5,165,306463.3327694898,56184.944341073126,25.600000023119378,24.905454543142607,22.672182178932783,1.2490892,0.44462442
lat16_lon67,16,67,19,67,-7.5,157.5,186,306463.3327694898,63335.75543902789,26.73010745099796,26.065053765491772,23.91328083906051,1.202171,0.45409736
lat16_lon68,16,68,19,68,-7.5,162.5,62,306463.3327694898,21111.918479675962,26.216128933814264,25.53225791069769,23.855998635292053,0.991505,0.5021328
lat16_lon71,16,71,19,71,-7.5,177.5,15,306463.3327694898,5107.7222128248295,28.006666692097983,27.366666412353517,24.91427348908924,1.3327801,0.42867306
lat17_lon1,17,1,18,1,-2.5,-172.5,16,308813.5906611655,5490.019389531831,27.706250071525574,27.106250166893005,24.447858976281207,1.4159471,0.41391638
lat17_lon17,17,17,18,17,-2.5,-92.5,56,308813.5906611655,19215.067863361408,22.682142870766775,22.12142859186445,20.34538361520478,0.9960578,0.5009875
lat17_lon18,17,18,18,18,-2.5,-87.5,7,308813.5906611655,2401.883482920176,23.042857306344168,22.457142966134207,21.43804368518648,0.66307795,0.6012947
lat17_lon19,17,19,18,19,-2.5,-82.5,154,308813.5906611655,52841.43662424387,23.339610409427,22.65519482748849,22.075214188983182,0.5167742,0.65929395
lat17_lon20,17,20,18,20,-2.5,-77.5,900,308813.5906611655,308813.5906611655,21.40466661983066,20.920777757962544,17.73727737246961,1.626809,0.38069
lat17_lon21,17,21,18,21,-2.5,-72.5,900,308813.5906611655,308813.5906611655,24.554111156463623,24.34944449742635,21.80579725901286,1.2501227,0.44442025
lat17_lon22,17,22,18,22,-2.5,-67.5,900,308813.5906611655,308813.5906611655,25.05522213406033,24.23488883336385,22.03111208173964,1.2769243,0.439189
lat17_lon23,17,23,18,23,-2.5,-62.5,900,308813.5906611655,308813.5906611655,25.668666763305666,23.458666661580402,22.098896255493162,1.4710668,0.4046835
lat17_lon24,17,24,18,24,-2.5,-57.5,900,308813.5906611655,308813.5906611655,25.870333326127795,24.415111122131346,21.86870464960734,1.6537799,0.37682098
lat17_lon25,17,25,18,25,-2.5,-52.5,900,308813.5906611655,308813.5906611655,25.71688883675469,25.744555608961317,21.398193967607288,2.0424047,0.32868737
lat17_lon26,17,26,18,26,-2.5,-47.5,805,308813.5906611655,276216.60053582024,26.22670813376859,25.873043522331287,22.04805350197686,1.8919944,0.34578213
lat17_lon27,17,27,18,27,-2.5,-42.5,466,308813.5906611655,159896.81472011458,27.48283263030482,26.98862661107927,23.375340030098545,1.8309553,0.35323766
lat17_lon28,17,28,18,28,-2.5,-37.5,139,308813.5906611655,47694.54344655778,27.201438766589266,26.75755385529223,23.238764355200846,1.7726848,0.36066127
lat17_lon37,17,37,18,37,-2.5,7.5,90,308813.5906611655,30881.35906611655,25.124444580078126,24.488888931274413,22.83622390409059,0.96443343,0.50905263
lat17_lon38,17,38,18,38,-2.5,12.5,824,308813.5906611655,282735.9985608893,23.828276696714383,23.278519408216756,20.287292860172414,1.5559291,0.39124715
lat17_lon39,17,39,18,39,-2.5,17.5,900,308813.5906611655,308813.5906611655,24.068444413079156,23.4941111140781,20.353847098880344,1.6326308,0.37984818
lat17_lon40,17,40,18,40,-2.5,22.5,900,308813.5906611655,308813.5906611655,23.41977777057224,22.72799994998508,19.97011818991767,1.4901386,0.4015841
lat17_lon41,17,41,18,41,-2.5,27.5,900,308813.5906611655,308813.5906611655,21.775111179351807,20.984444372389053,17.359991631507874,1.922241,0.34220314
lat17_lon42,17,42,18,42,-2.5,32.5,900,308813.5906611655,308813.5906611655,21.568111101786297,20.917333331637913,17.036389484405518,2.0006037,0.33326626
lat17_lon43,17,43,18,43,-2.5,37.5,887,308813.5906611655,304352.94990717084,22.29718152350476,21.986358531835787,17.865716600565097,2.019741,0.33115423
lat17_lon44,17,44,18,44,-2.5,42.5,194,308813.5906611655,66566.48509807345,27.00515464900695,26.54432988904186,24.435018414648894,1.1188861,0.47194612
lat17_lon47,17,47,18,47,-2.5,57.5,17,308813.5906611655,5833.1456013775705,26.835294050328873,26.064706016989316,24.09719207551744,1.1528766,0.4644948
lat17_lon50,17,50,18,50,-2.5,72.5,5,308813.5906611655,1715.6310592286973,27.700000762939453,26.839999771118165,24.73569052559989,1.2452066,0.44539332
lat17_lon55,17,55,18,55,-2.5,97.5,53,308813.5906611655,18185.68922782419,26.624528345072044,25.93962266310206,23.85892125671985,1.17601,0.45955667
lat17_lon56,17,56,18,56,-2.5,102.5,676,308813.5906611655,231953.31920771985,25.00591715412027,24.488017753736507,21.58564541890071,1.5051852,0.3991721
lat17_lon57,17,57,18,57,-2.5,107.5,271,308813.5906611655,92987.20341019538,26.688560823672812,26.180811730698025,22.636787090301514,1.8023069,0.35684887
lat17_lon58,17,58,18,58,-2.5,112.5,618,308813.5906611655,212051.99892066696,26.18300976182265,25.607443361992203,22.226616795857748,1.7452892,0.36426035
lat17_lon59,17,59,18,59,-2.5,117.5,439,308813.5906611655,150632.4070002796,25.415261946397926,24.753302954324013,22.747775308456195,1.1341083,0.46857977
lat17_lon60,17,60,18,60,-2.5,122.5,442,308813.5906611655,151661.78563581684,24.74592758195972,24.113800896778365,21.603181372142974,1.3572705,0.42421946
lat17_lon61,17,61,18,61,-2.5,127.5,244,308813.5906611655,83722.79569036042,26.058196755706287,25.400000040648415,23.442050835181927,1.1111059,0.47368538
lat17_lon62,17,62,18,62,-2.5,132.5,482,308813.5906611655,165386.8341096464,25.088174279794654,24.538589238131195,22.701047108632924,1.0207286,0.49487102
lat17_lon63,17,63,18,63,-2.5,137.5,561,308813.5906611655,192493.80484545982,22.991443766629633,22.453832350100214,19.52074008243822,1.5252628,0.3959984
lat17_lon64,17,64,18,64,-2.5,142.5,378,308813.5906611655,129701.7080776895,24.64338631478567,24.056878318231572,21.25067126386948,1.4805894,0.40313
lat17_lon65,17,65,18,65,-2.5,147.5,93,308813.5906611655,31910.737701653765,26.92258084204889,26.182795801470355,24.1703074949759,1.1629655,0.46232823
lat17_lon66,17,66,18,66,-2.5,152.5,134,308813.5906611655,45978.91238732908,26.37910458578992,25.7701493163607,23.501680764807276,1.2381144,0.4468047
lat17_lon67,17,67,18,67,-2.5,157.5,9,308813.5906611655,3088.1359066116547,27.711111280653213,26.866666581895615,24.846205491286057,1.2019907,0.45413455
lat17_lon70,17,70,18,70,-2.5,172.5,9,308813.5906611655,3088.1359066116547,27.822221544053818,27.122222688462998,24.43578611101423,1.4596379,0.4065639
lat17_lon71,17,71,18,71,-2.5,177.5,16,308813.5906611655,5490.019389531831,27.868749499320984,27.206250190734863,24.51498317718506,1.4502709,0.40811813
lat18_lon4,18,4,17,4,2.5,-157.5,11,308813.5906611655,3774.388330303134,26.827272068370473,26.163636814464223,23.438461743868313,1.4663267,0.40546128
lat18_lon17,18,17,17,17,2.5,-92.5,13,308813.5906611655,4460.640753994612,23.338461509117714,22.9769229888916,20.68199898214901,1.1763493,0.45948508
lat18_lon19,18,19,17,19,2.5,-82.5,6,308813.5906611655,2058.7572710744366,24.833333333333332,24.016666412353516,22.71578507674368,0.87198675,0.5341918
lat18_lon20,18,20,17,20,2.5,-77.5,644,308813.5906611655,220973.28042865617,20.639130433894092,19.987267128429057,16.735322210013255,1.707493,0.3693454
lat18_lon21,18,21,17,21,2.5,-72.5,900,308813.5906611655,308813.5906611655,23.63955558511946,23.02677781263987,20.050453649828626,1.5675762,0.38947237
lat18_lon22,18,22,17,22,2.5,-67.5,900,308813.5906611655,308813.5906611655,24.140666707356772,22.933444485134547,21.653904265297783,1.0153596,0.49618936
lat18_lon23,18,23,17,23,2.5,-62.5,900,308813.5906611655,308813.5906611655,24.605666688283286,22.75366667005751,21.282545618481105,1.3596256,0.42379606
lat18_lon24,18,24,17,24,2.5,-57.5,900,308813.5906611655,308813.5906611655,25.113111069997153,23.348999987708197,21.20855349222819,1.596495,0.38513455
lat18_lon25,18,25,17,25,2.5,-52.5,788,308813.5906611655,270383.45493444265,25.464086283281976,24.35583755812669,21.913410759397916,1.4832757,0.40269393
lat18_lon26,18,26,17,26,2.5,-47.5,17,308813.5906611655,5833.1456013775705,26.623529770795038,25.964705972110522,23.003553889014505,1.5743321,0.38845024
lat18_lon34,18,34,17,34,2.5,-7.5,50,308813.5906611655,17156.31059228697,25.673999900817872,25.151999855041502,22.755454738934834,1.2707748,0.4403783
lat18_lon35,18,35,17,35,2.5,-2.5,10,308813.5906611655,3431.2621184573945,26.25,25.670000267028808,23.2494109056998,1.2995379,0.43486997
lat18_lon37,18,37,17,37,2.5,7.5,225,308813.5906611655,77203.39766529137,25.26355559455024,24.530222329033744,22.412138299684266,1.2089775,0.45269814
lat18_lon38,18,38,17,38,2.5,12.5,900,308813.5906611655,308813.5906611655,22.93844442791409,22.266555527581108,18.884904482099746,1.7738278,0.36051264
lat18_lon39,18,39,17,39,2.5,17.5,900,308813.5906611655,308813.5906611655,24.069555486043296,23.379000138176814,19.88333208931817,1.8324552,0.3530506
lat18_lon40,18,40,17,40,2.5,22.5,900,308813.5906611655,308813.5906611655,23.765333309173585,22.96633332570394,19.75159759733412,1.734711,0.36566934
lat18_lon41,18,41,17,41,2.5,27.5,900,308813.5906611655,308813.5906611655,22.72622225973341,21.823444492022197,18.391497506667964,1.8673543,0.34875354
lat18_lon42,18,42,17,42,2.5,32.5,900,308813.5906611655,308813.5906611655,23.011222219467165,22.859777759975856,19.42312271197637,1.6569045,0.37637785
lat18_lon43,18,43,17,43,2.5,37.5,900,308813.5906611655,308813.5906611655,25.11333328458998,24.97388886663649,21.332518027623493,1.750352,0.36358982
lat18_lon44,18,44,17,44,2.5,42.5,836,308813.5906611655,286853.51310303813,26.973684201400246,26.567224899547522,23.46665386477301,1.5662415,0.38967493
lat18_lon45,18,45,17,45,2.5,47.5,238,308813.5906611655,81664.03841928598,27.233193333409414,26.615966436241855,23.579947018715405,1.5966837,0.3851066
lat18_lon50,18,50,17,50,2.5,72.5,86,308813.5906611655,29508.85421873359,27.880232123441473,27.063953621442927,24.653555750846863,1.3698244,0.4219722
lat18_lon55,18,55,17,55,2.5,97.5,442,308813.5906611655,151661.78563581684,24.369004536538103,23.743891433353337,21.271269427905292,1.337518,0.4278042
lat18_lon56,18,56,17,56,2.5,102.5,632,308813.5906611655,216855.76588650732,26.22610760036903,25.693829101852224,21.705206821229723,2.0174508,0.33140558
lat18_lon57,18,57,17,57,2.5,107.5,162,308813.5906611655,55586.44631900978,26.875925958892445,26.306172712349596,22.534443405999077,1.9263965,0.3417172
lat18_lon58,18,58,17,58,2.5,112.5,596,308813.5906611655,204503.22226006072,25.18624158833651,24.546644306822913,21.551784217622544,1.5842121,0.38696516
lat18_lon59,18,59,17,59,2.5,117.5,620,308813.5906611655,212738.25134435843,24.619193575459143,23.87870966388333,20.77871233259725,1.6635836,0.37543404
lat18_lon60,18,60,17,60,2.5,122.5,163,308813.5906611655,55929.57253085553,25.23128830143279,24.565030700589983,22.585940190908072,1.1234157,0.47093934
lat18_lon61,18,61,17,61,2.5,127.5,180,308813.5906611655,61762.7181322331,26.456666660308837,25.74166668785943,24.107390987715533,0.98325866,0.50422066
lat18_lon62,18,62,17,62,2.5,132.5,17,308813.5906611655,5833.1456013775705,27.423529344446518,26.60000004487879,24.983107566833496,1.0136951,0.49659947
lat18_lon70,18,70,17,70,2.5,172.5,28,308813.5906611655,9607.533931680704,27.76071412222726,26.9857143674578,24.37221034367879,1.4496354,0.408224
lat19_lon18,19,18,16,18,7.5,-87.5,11,306463.3327694898,3745.662956071542,26.46363657171076,25.690908952192828,23.447878385844984,1.2790227,0.43878457
lat19_lon19,19,19,16,19,7.5,-82.5,263,306463.3327694898,89555.39613152869,24.088973353570857,23.51102658913616,21.069352170567452,1.3086851,0.43314698
lat19_lon20,19,20,16,20,7.5,-77.5,533,306463.3327694898,181494.39596237562,23.88911820889414,22.9673545758675,21.180414609419994,1.1244692,0.4707058
lat19_lon21,19,21,16,21,7.5,-72.5,882,306463.3327694898,300334.0661141,23.112925167797375,21.998866261538463,19.347927361701924,1.5791634,0.3877226
lat19_lon22,19,22,16,22,7.5,-67.5,900,306463.3327694898,306463.3327694898,25.991000005933973,24.91588888168335,23.488328698476156,1.025083,0.4938069
lat19_lon23,19,23,16,23,7.5,-62.5,861,306463.3327694898,293183.25501614524,24.89883853500313,23.754123089620876,21.764989444944593,1.2947774,0.43577212
lat19_lon24,19,24,16,24,7.5,-57.5,341,306463.3327694898,116115.5516382178,25.269501453970186,24.31202347607207,22.841286423704577,0.9986691,0.50033295
lat19_lon25,19,25,16,25,7.5,-52.5,73,306463.3327694898,24857.581435747503,26.106849200105014,25.51780820872686,23.35577827648525,1.1827339,0.45814103
lat19_lon33,19,33,16,33,7.5,-12.5,399,306463.3327694898,135865.41086114047,25.386716785287497,24.862155364569567,21.604561167088615,1.6730473,0.37410486
lat19_lon34,19,34,16,34,7.5,-7.5,891,306463.3327694898,303398.6994417949,25.174523035685223,24.658585851307535,20.570415078864347,2.0595884,0.32684135
lat19_lon35,19,35,16,35,7.5,-2.5,884,306463.3327694898,301015.09574247664,26.49841628570902,26.026470581330866,21.776514080925963,2.1234465,0.32015917
lat19_lon36,19,36,16,36,7.5,2.5,704,306463.3327694898,239722.42918857868,26.32627842101184,25.65142044966871,21.8504656791687,1.9702113,0.3366764
lat19_lon37,19,37,16,37,7.5,7.5,896,306463.3327694898,305101.2735127365,25.94285712497575,25.32578126021794,20.951312375598484,2.221918,0.3103741
lat19_lon38,19,38,16,38,7.5,12.5,900,306463.3327694898,306463.3327694898,24.45977773030599,23.72322225358751,19.206009951697457,2.3225894,0.30097008
lat19_lon39,19,39,16,39,7.5,17.5,900,306463.3327694898,306463.3327694898,25.705444441901314,24.865222242143417,20.825095706515842,2.130373,0.31945074
lat19_lon40,19,40,16,40,7.5,22.5,900,306463.3327694898,306463.3327694898,25.090000031789145,24.157111095852322,19.703506450653077,2.3503945,0.29847232
lat19_lon41,19,41,16,41,7.5,27.5,900,306463.3327694898,306463.3327694898,25.923666695488823,24.734888922373454,20.974631983439128,2.1093884,0.32160667
lat19_lon42,19,42,16,42,7.5,32.5,900,306463.3327694898,306463.3327694898,25.862444462246366,24.841222262912325,21.291077637142607,1.9591329,0.33793682
lat19_lon43,19,43,16,43,7.5,37.5,900,306463.3327694898,306463.3327694898,19.116777754889593,18.161111085149976,14.324037892305189,2.0711453,0.3256114
lat19_lon44,19,44,16,44,7.5,42.5,900,306463.3327694898,306463.3327694898,24.169111105600994,23.05833335346646,18.84191410806444,2.2947052,0.30351728
lat19_lon45,19,45,16,45,7.5,47.5,823,306463.3327694898,280243.692076989,26.29902792382501,25.588821369416802,21.39184258831998,2.1653712,0.3159187
lat19_lon46,19,46,16,46,7.5,52.5,47,306463.3327694898,16004.196266851135,26.693616988811087,26.072340539161196,23.04281660226675,1.5948648,0.3853765
lat19_lon50,19,50,16,50,7.5,72.5,49,306463.3327694898,16685.225895227777,28.042857306344168,27.216326460546377,24.493475491883324,1.5163985,0.39739335
lat19_lon51,19,51,16,51,7.5,77.5,195,306463.3327694898,66400.38876672278,27.305641017816004,26.790256412212667,23.06753949744464,1.8881427,0.3462433
lat19_lon52,19,52,16,52,7.5,82.5,212,306463.3327694898,72189.14060792426,26.756132026888288,26.24339615623906,23.059971683502198,1.6349887,0.37950826
lat19_lon54,19,54,16,54,7.5,92.5,30,306463.3327694898,10215.444425649659,27.47333335876465,26.643333435058594,24.257002856996323,1.3633397,0.42313004
lat19_lon55,19,55,16,55,7.5,97.5,259,306463.3327694898,88193.3368747754,26.702702724795543,26.13590733885305,22.730487428060393,1.7542531,0.36307484
lat19_lon56,19,56,16,56,7.5,102.5,247,306463.3327694898,84107.15910451552,26.3283399821293,25.77651809198171,21.969850036833023,1.9376866,0.3404039
lat19_lon57,19,57,16,57,7.5,107.5,63,306463.3327694898,21452.433293864287,27.185714479476687,26.61746046278212,22.8332070992035,1.9318329,0.3410836
lat19_lon58,19,58,16,58,7.5,112.5,14,306463.3327694898,4767.207398636508,27.921428407941544,27.10000024523054,23.773950265378367,1.7931638,0.35801697
lat19_lon59,19,59,16,59,7.5,117.5,287,306463.3327694898,97727.75167204841,26.397560970293103,25.7780487412775,22.97189311754136,1.4904699,0.40153065
lat19_lon60,19,60,16,60,7.5,122.5,339,306463.3327694898,115434.52200984115,26.377876152331147,25.665781690659426,22.515811170140903,1.6781253,0.3733955
lat19_lon61,19,61,16,61,7.5,127.5,200,306463.3327694898,68102.9628376644,25.715499925613404,25.060999937057495,22.093518852052235,1.5759674,0.38820368
lat19_lon62,19,62,16,62,7.5,132.5,14,306463.3327694898,4767.207398636508,27.521428653172084,26.935714176722936,24.846182603102463,1.1482424,0.4654968
lat19_lon63,19,63,16,63,7.5,137.5,11,306463.3327694898,3745.662956071542,27.736363671042703,26.936363567005504,24.90559270646837,1.1915114,0.4563061
lat19_lon64,19,64,16,64,7.5,142.5,8,306463.3327694898,2724.1185135065757,27.799999475479126,27.06249976158142,24.976250148954847,1.1958216,0.45541036
lat19_lon65,19,65,16,65,7.5,147.5,15,306463.3327694898,5107.7222128248295,27.89333292643229,27.066666666666666,24.92803789299225,1.2494481,0.4445535
lat19_lon66,19,66,16,66,7.5,152.5,40,306463.3327694898,13620.59256753288,27.80749945640564,27.060000085830687,24.859670940198395,1.251217,0.4442042
lat19_lon67,19,67,16,67,7.5,157.5,18,306463.3327694898,6129.266655389796,27.511111365424263,26.788889037238228,24.821706191353176,1.1364816,0.4680592
lat19_lon68,19,68,16,68,7.5,162.5,8,306463.3327694898,2724.1185135065757,27.43750023841858,26.75000023841858,24.861570798433743,1.0890483,0.47868684
lat19_lon69,19,69,16,69,7.5,167.5,58,306463.3327694898,19749.859222922674,27.653448861220788,26.894827645400476,24.735719299316408,1.2360511,0.447217
lat19_lon70,19,70,16,70,7.5,172.5,37,306463.3327694898,12599.048124967914,27.58108139038086,26.87567561381572,24.69023606835342,1.2306606,0.44829774
lat20_lon17,20,17,15,17,12.5,-92.5,97,301780.7038678185,32525.253639087106,23.103092862158707,22.474226853282183,21.82174128439368,0.52313924,0.6565388
lat20_lon18,20,18,15,18,12.5,-87.5,510,301780.7038678185,171009.06552509716,24.162941192178167,23.431568598279767,21.696910093050914,1.0341532,0.49160504
lat20_lon19,20,19,15,19,12.5,-82.5,319,301780.7038678185,106964.49392648235,25.52319748498803,25.054231942634225,22.96367690621353,1.1126293,0.4733438
lat20_lon20,20,20,15,20,12.5,-77.5,23,301780.7038678185,7712.173543288696,27.18695648856785,26.10869556924571,24.4425255168568,1.128946,0.46971604
lat20_lon21,20,21,15,21,12.5,-72.5,298,301780.7038678185,99922.94416956659,25.76812076088566,24.93489938134315,22.53619988115194,1.3700498,0.42193204
lat20_lon22,20,22,15,22,12.5,-67.5,199,301780.7038678185,66727.06674410655,25.35025124094594,24.505527592184556,21.93007961654663,1.4546502,0.40739003
lat20_lon23,20,23,15,23,12.5,-62.5,168,301780.7038678185,56332.39805532613,25.997619129362562,25.322619097573416,22.91330574085186,1.3238583,0.43031883
lat20_lon24,20,24,15,24,12.5,-57.5,5,301780.7038678185,1676.559465932325,26.660000228881835,26.2,22.11429759434291,2.0430908,0.32861325
lat20_lon31,20,31,15,31,12.5,-22.5,10,301780.7038678185,3353.11893186465,22.8,22.200000190734862,19.130784606933595,1.607041,0.38357666
lat20_lon32,20,32,15,32,12.5,-17.5,269,301780.7038678185,90198.89926715908,27.213754653930664,26.844981431074746,24.24811984921995,1.3197085,0.4310887
lat20_lon33,20,33,15,33,12.5,-12.5,890,301780.7038678185,298427.5849359539,27.716067380583688,27.25820222490289,23.056720201704238,2.0968657,0.32290712
lat20_lon34,20,34,15,34,12.5,-7.5,900,301780.7038678185,301780.7038678185,27.87977777481079,27.140555534362793,22.801265364752876,2.2402177,0.30862123
lat20_lon35,20,35,15,35,12.5,-2.5,900,301780.7038678185,301780.7038678185,28.291111149258082,27.43911112891303,22.93343851937188,2.350689,0.2984461
lat20_lon36,20,36,15,36,12.5,2.5,900,301780.7038678185,301780.7038678185,28.579000002543133,27.891222235361735,22.822001391516793,2.567166,0.2803346
lat20_lon37,20,37,15,37,12.5,7.5,900,301780.7038678185,301780.7038678185,26.801777784559462,26.1515555551317,21.28700945748223,2.4607873,0.2889516
lat20_lon38,20,38,15,38,12.5,12.5,900,301780.7038678185,301780.7038678185,27.547000024583603,27.040444486406113,22.391094858381482,2.3203547,0.30117264
lat20_lon39,20,39,15,39,12.5,17.5,900,301780.7038678185,301780.7038678185,27.929555475446914,27.830444473690456,23.17125426610311,2.2200928,0.31055006
lat20_lon40,20,40,15,40,12.5,22.5,900,301780.7038678185,301780.7038678185,25.871444477505154,25.729555564456515,20.911777852376304,2.3052936,0.30254498
lat20_lon41,20,41,15,41,12.5,27.5,900,301780.7038678185,301780.7038678185,26.727666693793402,26.13433331383599,21.625126961602106,2.2784228,0.3050247
lat20_lon42,20,42,15,42,12.5,32.5,900,301780.7038678185,301780.7038678185,27.579666675991483,26.615666669209798,23.720677000681558,1.639853,0.37880898
lat20_lon43,20,43,15,43,12.5,37.5,900,301780.7038678185,301780.7038678185,21.798888891008165,20.152333324220447,17.35420866092046,1.8347216,0.35276833
lat20_lon44,20,44,15,44,12.5,42.5,728,301780.7038678185,244107.05823974655,27.979395609635574,26.35398348740169,22.834651124289085,2.1472478,0.31773794
lat20_lon45,20,45,15,45,12.5,47.5,442,301780.7038678185,148207.85678841753,25.337330360757818,24.526244318862847,19.294849131066922,2.6778295,0.2718995
lat20_lon46,20,46,15,46,12.5,52.5,125,301780.7038678185,41913.98664830813,26.568800018310547,25.929600036621093,22.918596012757558,1.5915998,0.38586202
lat20_lon50,20,50,15,50,12.5,72.5,67,301780.7038678185,22465.896843493156,26.83880595306852,26.185074421896864,23.90363778008355,1.2581967,0.4428312
lat20_lon51,20,51,15,51,12.5,77.5,843,301780.7038678185,282667.92595619,26.25931203803699,25.591814951823135,20.71803423091098,2.4699314,0.28819013
lat20_lon52,20,52,15,52,12.5,82.5,30,301780.7038678185,10059.35679559395,28.413333066304524,27.696666781107584,24.25740515765022,1.8139542,0.3553718
lat20_lon54,20,54,15,54,12.5,92.5,63,301780.7038678185,21124.649270747297,27.22698390294635,26.64126986549014,23.91085809530671,1.4451028,0.4089808
lat20_lon55,20,55,15,55,12.5,97.5,372,301780.7038678185,124736.02426536499,26.526075306759086,25.966666606164747,22.24229400455952,1.9013058,0.3446724
lat20_lon56,20,56,15,56,12.5,102.5,634,301780.7038678185,212587.74028021883,27.05078866579555,26.3482649950575,21.364617602030435,2.5312014,0.28318974
lat20_lon57,20,57,15,57,12.5,107.5,725,301780.7038678185,243101.12256018716,25.853931029747272,25.267034588517813,20.706598690577916,2.3006535,0.30297032
lat20_lon58,20,58,15,58,12.5,112.5,10,301780.7038678185,3353.11893186465,27.92999973297119,27.189999961853026,23.482246271769206,1.945866,0.33945873
lat20_lon59,20,59,15,59,12.5,117.5,57,301780.7038678185,19112.77791162851,27.59999981261136,26.99298266360634,23.724278348163494,1.702094,0.37008333
lat20_lon60,20,60,15,60,12.5,122.5,570,301780.7038678185,191127.77911628506,27.04754382685611,26.26526315923323,23.095446259342634,1.708761,0.36917248
lat20_lon61,20,61,15,61,12.5,127.5,65,301780.7038678185,21795.273057120223,27.07076926598182,26.281538479144757,23.444665052951912,1.5570402,0.39107716
lat20_lon64,20,64,15,64,12.5,142.5,7,301780.7038678185,2347.183252305255,27.199999945504324,26.699999945504324,24.515423701359676,1.1656816,0.4617484
lat20_lon65,20,65,15,65,12.5,147.5,6,301780.7038678185,2011.8713591187902,27.18333371480306,26.650000254313152,24.350053310394287,1.2293484,0.44856155
lat20_lon68,20,68,15,68,12.5,162.5,7,301780.7038678185,2347.183252305255,27.399999618530273,26.628571374075754,24.72503125667572,1.1241798,0.47076994
lat20_lon69,20,69,15,69,12.5,167.5,36,301780.7038678185,12071.22815471274,27.402777512868244,26.644444359673393,24.571186028994045,1.196819,0.45520368
lat21_lon4,21,4,14,4,17.5,-157.5,38,294801.34158954216,12447.167756002891,18.70263164921811,18.178947398537083,16.251993274077392,1.0537249,0.48692018
lat21_lon5,21,5,14,5,17.5,-152.5,5,294801.34158954216,1637.785231053012,23.860000228881837,23.34000015258789,21.858681869506835,0.8478718,0.5411631
lat21_lon13,21,13,14,13,17.5,-112.5,7,294801.34158954216,2292.8993234742165,24.242857251848495,23.742857251848495,21.909128882668234,1.003264,0.49918535
lat21_lon14,21,14,14,14,17.5,-107.5,10,294801.34158954216,3275.570462106024,25.820000076293944,24.310000228881837,23.68533530602088,0.89610887,0.5273959
lat21_lon15,21,15,14,15,17.5,-102.5,373,294801.34158954216,122178.7782365547,21.735656840551954,20.377747955015455,16.214440537602247,2.3490157,0.2985952
lat21_lon16,21,16,14,16,17.5,-97.5,672,294801.34158954216,220118.33505352482,20.554166694482166,19.75967266517026,13.386565411137818,3.2080147,0.23764177
lat21_lon17,21,17,14,17,17.5,-92.5,643,294801.34158954216,210619.18071341736,23.74043541191896,23.330482134366665,19.986174283969174,1.6814984,0.37292582
lat21_lon18,21,18,14,18,17.5,-87.5,526,294801.34158954216,172295.00630677686,24.717680660944023,24.219771889226063,21.542110327724036,1.3945143,0.41762123
lat21_lon19,21,19,14,19,17.5,-82.5,70,294801.34158954216,22928.993234742167,26.43999985286168,26.03714278084891,23.42838064242993,1.3349067,0.42828265
lat21_lon20,21,20,14,20,17.5,-77.5,79,294801.34158954216,25877.006650637588,25.944303802297085,25.556962001172803,22.583167686018832,1.5015075,0.39975893
lat21_lon21,21,21,14,21,17.5,-72.5,253,294801.34158954216,82871.9326912824,24.547430837578453,24.166403189949367,21.068572690751818,1.5579256,0.39094177
lat21_lon22,21,22,14,22,17.5,-67.5,115,294801.34158954216,37669.06031421927,26.03478257552437,25.714782548987348,22.237643803635688,1.7195334,0.36771014
lat21_lon23,21,23,14,23,17.5,-62.5,71,294801.34158954216,23256.550280952768,26.515492936255228,26.205633700733454,21.70946453191057,2.1961951,0.31287202
lat21_lon30,21,30,14,30,17.5,-27.5,8,294801.34158954216,2620.456369684819,22.15000009536743,21.46250009536743,18.109190333973277,1.7652663,0.3616288
lat21_lon31,21,31,14,31,17.5,-22.5,36,294801.34158954216,11792.053663581686,23.45000018013848,22.694444285498726,19.806983096258982,1.5698503,0.3891277
lat21_lon32,21,32,14,32,17.5,-17.5,269,294801.34158954216,88112.84543065204,27.7371747254439,26.60780676235497,23.291598314462707,1.8866743,0.3464194
lat21_lon33,21,33,14,33,17.5,-12.5,900,294801.34158954216,294801.34158954216,29.515666715833877,27.96988887786865,23.207692324320476,2.684492,0.2714078
lat21_lon34,21,34,14,34,17.5,-7.5,900,294801.34158954216,294801.34158954216,28.973666695488824,27.291999939812555,21.577556716071236,3.1655314,0.24006543
lat21_lon35,21,35,14,35,17.5,-2.5,900,294801.34158954216,294801.34158954216,29.39122222688463,27.874222225613064,21.859705257415772,3.2523403,0.23516463
lat21_lon36,21,36,14,36,17.5,2.5,900,294801.34158954216,294801.34158954216,29.425666660732695,28.14711111916436,21.1582359568278,3.6336312,0.21581346
lat21_lon37,21,37,14,37,17.5,7.5,900,294801.34158954216,294801.34158954216,27.830999982621936,26.717111138237847,19.39714647610982,3.7409523,0.21092808
lat21_lon38,21,38,14,38,17.5,12.5,900,294801.34158954216,294801.34158954216,27.213666659461126,26.240888964335124,18.945696665445965,3.6897073,0.21323292
lat21_lon39,21,39,14,39,17.5,17.5,900,294801.34158954216,294801.34158954216,28.141222248077394,27.282777782016332,20.484567053053116,3.4250216,0.2259876
lat21_lon40,21,40,14,40,17.5,22.5,900,294801.34158954216,294801.34158954216,25.717555531395806,24.85166666454739,18.237416315078736,3.3408341,0.23037048
lat21_lon41,21,41,14,41,17.5,27.5,900,294801.34158954216,294801.34158954216,25.95744441986084,25.05133330874973,18.72308596716987,3.2180686,0.23707533
lat21_lon42,21,42,14,42,17.5,32.5,900,294801.34158954216,294801.34158954216,29.22777778201633,28.214999991522895,22.301145384046766,3.0546436,0.2466308
lat21_lon43,21,43,14,43,17.5,37.5,714,294801.34158954216,233875.73099437013,28.24873944824817,27.277871159946216,22.30604666802191,2.6029305,0.27755183
lat21_lon44,21,44,14,44,17.5,42.5,682,294801.34158954216,223393.90551563085,25.635777123862347,24.415542510248,20.122734927669274,2.364337,0.2972354
lat21_lon45,21,45,14,45,17.5,47.5,900,294801.34158954216,294801.34158954216,27.45400002161662,25.960000014834932,18.10553330739339,4.100386,0.1960636
lat21_lon46,21,46,14,46,17.5,52.5,725,294801.34158954216,237478.85850268675,27.352551711509967,26.135034484863283,20.248758095566945,3.101872,0.24379113
lat21_lon47,21,47,14,47,17.5,57.5,205,294801.34158954216,67149.1944731735,27.54243901880776,26.404390195520914,22.386618861191565,2.2115889,0.31137237
lat21_lon50,21,50,14,50,17.5,72.5,348,294801.34158954216,113989.85208128963,25.29511494472109,24.904310308653734,22.234172729400544,1.3602177,0.42368975
lat21_lon51,21,51,14,51,17.5,77.5,900,294801.34158954216,294801.34158954216,27.14344443851047,26.618666687011718,20.426401907602948,3.0502858,0.24689616
lat21_lon52,21,52,14,52,17.5,82.5,547,294801.34158954216,179173.70427719952,26.54131627475104,25.87531989409675,21.291156594838693,2.3338637,0.29995227
lat21_lon53,21,53,14,53,17.5,87.5,22,294801.34158954216,7206.255016633253,27.33181788704612,26.47727290066806,23.304675612338755,1.7324836,0.36596742
lat21_lon54,21,54,14,54,17.5,92.5,167,294801.34158954216,54702.0267171706,25.605389269526132,25.197005928633455,22.63653464673677,1.3138953,0.43217167
lat21_lon55,21,55,14,55,17.5,97.5,794,294801.34158954216,260080.29469121833,25.518136005257478,25.139798517491414,20.29649662017822,2.3773522,0.29608995
lat21_lon56,21,56,14,56,17.5,102.5,900,294801.34158954216,294801.34158954216,25.004333318074544,24.551888874901664,18.51177362124125,2.959749,0.25254127
lat21_lon57,21,57,14,57,17.5,107.5,483,294801.34158954216,158210.05331972096,24.148033130242958,23.54824019564358,19.815648394968115,1.9166391,0.34286037
lat21_lon58,21,58,14,58,17.5,112.5,60,294801.34158954216,19653.422772636142,25.091666571299235,24.43833335240682,21.040080818636664,1.7760854,0.36021948
lat21_lon59,21,59,14,59,17.5,117.5,13,294801.34158954216,4258.2416007378315,27.64615381681002,26.96153846153846,22.794904508088763,2.1438324,0.3180831
lat21_lon60,21,60,14,60,17.5,122.5,275,294801.34158954216,90078.18770791567,25.10145451632413,24.44472726995295,20.49587261488761,2.0340471,0.32959276
lat21_lon65,21,65,14,65,17.5,147.5,15,294801.34158954216,4913.355693159036,26.880000178019205,26.38666687011719,24.03136795759201,1.2430034,0.4458308
lat22_lon2,22,2,13,2,22.5,-167.5,5,285578.36309585243,1586.5464616436248,23.879999923706055,23.18000030517578,20.372428236336543,1.515678,0.39750716
lat22_lon3,22,3,13,3,22.5,-162.5,7,285578.36309585243,2221.165046301074,24.271428516932897,23.699999945504324,21.094610317333323,1.382701,0.41969177
lat22_lon4,22,4,13,4,22.5,-157.5,63,285578.36309585243,19990.48541670967,23.303174503265865,22.758730161757697,20.810457422926618,1.0700896,0.48307088
lat22_lon13,22,13,13,13,22.5,-112.5,83,285578.36309585243,26336.671263284166,23.967469893306134,23.366265078625048,21.39933659003033,1.0967408,0.47693068
lat22_lon14,22,14,13,14,22.5,-107.5,278,285578.36309585243,88211.98326738553,21.453956809832896,20.385971282025892,19.01395834170706,0.9986994,0.5003254
lat22_lon15,22,15,13,15,22.5,-102.5,900,285578.36309585243,285578.36309585243,18.131000021828545,16.64611112170749,10.05535103003184,3.5096552,0.22174646
lat22_lon16,22,16,13,16,22.5,-97.5,464,285578.36309585243,147231.51164052836,21.72478447083769,20.805172379674584,14.287699223006213,3.310478,0.23199283
lat22_lon17,22,17,13,17,22.5,-92.5,26,285578.36309585243,8250.041600546847,26.430769260113056,26.057692601130558,21.518166333978826,2.2330883,0.3093018
lat22_lon18,22,18,13,18,22.5,-87.5,185,285578.36309585243,58702.21908081411,25.851351320421372,25.446486540098448,22.056615895848818,1.701475,0.37016812
lat22_lon19,22,19,13,19,22.5,-82.5,248,285578.36309585243,78692.70449752378,25.329032236529933,24.930645242814094,22.174930902832713,1.4024197,0.41624704
lat22_lon20,22,20,13,20,22.5,-77.5,407,285578.36309585243,129144.88197779105,25.472481523743426,25.01302212520665,22.44922001504968,1.3301752,0.42915228
lat22_lon21,22,21,13,21,22.5,-72.5,110,285578.36309585243,34904.02215615974,26.213636328957296,25.587272782759232,22.178845091636138,1.7729213,0.3606305
lat22_lon32,22,32,13,32,22.5,-17.5,249,285578.36309585243,79010.01378985251,24.906024074937445,24.018875543372218,21.522587156884462,1.432408,0.41111526
lat22_lon33,22,33,13,33,22.5,-12.5,900,285578.36309585243,285578.36309585243,26.387000037299263,25.2998888736301,20.438641160329183,2.5862138,0.2788456
lat22_lon34,22,34,13,34,22.5,-7.5,900,285578.36309585243,285578.36309585243,27.532222209506564,26.341777826944988,20.246565204196507,3.191126,0.23859937
lat22_lon35,22,35,13,35,22.5,-2.5,900,285578.36309585243,285578.36309585243,27.922888832092283,26.792444489796956,19.96239410824246,3.5165794,0.22140647
lat22_lon36,22,36,13,36,22.5,2.5,900,285578.36309585243,285578.36309585243,27.080888873206245,26.013000038994683,18.972092475891113,3.5973346,0.21751733
lat22_lon37,22,37,13,37,22.5,7.5,900,285578.36309585243,285578.36309585243,24.46200002140469,23.39188887808058,15.482860012584263,4.0044813,0.1998209
lat22_lon38,22,38,13,38,22.5,12.5,900,285578.36309585243,285578.36309585243,24.75755557378133,23.638111125098334,15.753764433330959,4.006721,0.19973151
lat22_lon39,22,39,13,39,22.5,17.5,900,285578.36309585243,285578.36309585243,22.800222262276545,21.741666707992554,14.448998222351074,3.7125387,0.21219985
lat22_lon40,22,40,13,40,22.5,22.5,900,285578.36309585243,285578.36309585243,23.341777761247425,22.3782221921285,15.156374006271362,3.6527672,0.21492586
lat22_lon41,22,41,13,41,22.5,27.5,900,285578.36309585243,285578.36309585243,23.55566668404473,22.628222228156197,15.896318226920235,3.413117,0.22659722
lat22_lon42,22,42,13,42,22.5,32.5,900,285578.36309585243,285578.36309585243,26.876222248077394,26.06455556657579,19.44615245819092,3.3277955,0.23106453
lat22_lon43,22,43,13,43,22.5,37.5,529,285578.36309585243,167856.61564189548,27.833837458677237,27.215311901330498,21.06336512857554,3.0562925,0.24653055
lat22_lon44,22,44,13,44,22.5,42.5,900,285578.36309585243,285578.36309585243,26.16144443935818,25.510444458855524,16.85259927749634,4.243121,0.19072609
lat22_lon45,22,45,13,45,22.5,47.5,900,285578.36309585243,285578.36309585243,27.787666640811498,26.716555519104006,18.238968861897785,4.2712784,0.18970731
lat22_lon46,22,46,13,46,22.5,52.5,846,285578.36309585243,268443.6613101013,28.845981101899564,27.716548493567934,21.333125008477104,3.30768,0.2321435
lat22_lon47,22,47,13,47,22.5,57.5,663,285578.36309585243,210376.06081394464,28.72413271908307,27.679788776472503,21.960218641641255,2.9731143,0.25169173
lat22_lon49,22,49,13,49,22.5,67.5,230,285578.36309585243,72981.13723560673,26.973043483236562,26.28652169600777,22.803208958750535,1.8255075,0.3539187
lat22_lon50,22,50,13,50,22.5,72.5,811,285578.36309585243,257337.8360785959,26.67916154449877,26.392601711682413,22.233006123436823,2.0317657,0.32984078
lat22_lon51,22,51,13,51,22.5,77.5,900,285578.36309585243,285578.36309585243,25.97555554072062,25.581111115349664,19.434551802741158,2.9948196,0.2503242
lat22_lon52,22,52,13,52,22.5,82.5,900,285578.36309585243,285578.36309585243,25.445333336724175,24.624999963972304,19.726159874598185,2.5249977,0.28368813
lat22_lon53,22,53,13,53,22.5,87.5,732,285578.36309585243,232270.40198462666,25.52814214477122,24.099453537841963,21.537020196097238,1.6511366,0.3771967
lat22_lon54,22,54,13,54,22.5,92.5,753,285578.36309585243,238933.89712352987,23.96347946633064,22.30903055690041,19.87224013972468,1.6803898,0.37308004
lat22_lon55,22,55,13,55,22.5,97.5,900,285578.36309585243,285578.36309585243,22.1341111140781,21.226111110051473,16.04553506480323,2.6819062,0.27159846
lat22_lon56,22,56,13,56,22.5,102.5,900,285578.36309585243,285578.36309585243,19.163555579715304,18.47799997859531,12.603550203641255,2.9441621,0.25353926
lat22_lon57,22,57,13,57,22.5,107.5,785,285578.36309585243,249087.79447804907,21.25082800555381,20.82993630208787,16.583664592107137,2.1079319,0.32175738
lat22_lon58,22,58,13,58,22.5,112.5,640,285578.36309585243,203077.94709038397,21.46437499374151,20.980937518179417,17.381618317341644,1.8214071,0.3544331
lat22_lon59,22,59,13,59,22.5,117.5,251,285578.36309585243,79644.63237450997,21.262948214770315,20.40677288708934,17.080140173334698,1.8041743,0.3566112
lat22_lon60,22,60,13,60,22.5,122.5,170,285578.36309585243,53942.579695883236,20.827058848212747,20.18294116188498,16.129823321003023,2.0791738,0.32476243
lat22_lon61,22,61,13,61,22.5,127.5,6,285578.36309585243,1903.8557539723497,23.933333079020183,23.199999809265137,19.391722520192463,1.9907279,0.33436677
lat23_lon0,23,0,12,0,27.5,-177.5,6,274181.96082207304,1827.8797388138205,22.383333206176758,21.649999618530273,17.97037053991247,1.930794,0.34120446
lat23_lon12,23,12,12,12,27.5,-117.5,31,274181.96082207304,9444.045317204738,18.69032262986706,17.92258084204889,16.276806592941284,1.0068134,0.4983024
lat23_lon13,23,13,12,13,27.5,-112.5,516,274181.96082207304,157197.65753798856,22.6381783004879,22.05658917094386,19.277897796864174,1.4663203,0.40546235
lat23_lon14,23,14,12,14,27.5,-107.5,855,274181.96082207304,260472.8627809694,17.753801185206363,17.179181317558065,12.160519827532742,2.5122356,0.28471893
lat23_lon15,23,15,12,15,27.5,-102.5,900,274181.96082207304,274181.96082207304,20.24922223409017,19.70511110517714,11.014754609796736,4.230757,0.1911769
lat23_lon16,23,16,12,16,27.5,-97.5,636,274181.96082207304,193755.25231426494,22.26493709192336,21.958490569636506,12.97549502673316,4.3086715,0.18837105
lat23_lon17,23,17,12,17,27.5,-92.5,116,274181.96082207304,35339.008283733856,20.913793087005615,20.566379316921893,13.448499169460563,3.440212,0.22521447
lat23_lon18,23,18,12,18,27.5,-87.5,50,274181.96082207304,15232.331156781835,21.411999969482423,20.977999992370606,15.08093391663847,2.8876393,0.2572255
lat23_lon19,23,19,12,19,27.5,-82.5,408,274181.96082207304,124295.82223933977,22.303431356654446,21.868872544344732,17.776955075644278,2.039107,0.329044
lat23_lon20,23,20,12,20,27.5,-77.5,92,274181.96082207304,28027.48932847858,24.992391213126805,24.44891297298929,21.241751314519526,1.6549103,0.37666056
lat23_lon32,23,32,12,32,27.5,-17.5,48,274181.96082207304,14623.037910510564,18.900000055631,18.695833444595337,16.412073765482223,1.1277815,0.4699731
lat23_lon33,23,33,12,33,27.5,-12.5,541,274181.96082207304,164813.82311637947,21.77560072949986,20.993530523754973,18.635769828039273,1.3345498,0.4283481
lat23_lon34,23,34,12,34,27.5,-7.5,899,274181.96082207304,273877.31419893744,24.346829794140096,23.360734121685432,17.562910860909355,2.992745,0.25045428
lat23_lon35,23,35,12,35,27.5,-2.5,900,274181.96082207304,274181.96082207304,25.490999980502657,24.453999989827473,17.21477173169454,3.6814513,0.21360897
lat23_lon36,23,36,12,36,27.5,2.5,900,274181.96082207304,274181.96082207304,25.170000038146974,24.144111143747967,17.31369278801812,3.486938,0.22286914
lat23_lon37,23,37,12,37,27.5,7.5,900,274181.96082207304,274181.96082207304,23.464222221374513,22.41611112382677,15.15830633799235,3.6932747,0.21307085
lat23_lon38,23,38,12,38,27.5,12.5,900,274181.96082207304,274181.96082207304,22.875111136966282,21.90855554792616,14.151226423051622,3.904649,0.2038882
lat23_lon39,23,39,12,39,27.5,17.5,900,274181.96082207304,274181.96082207304,22.27688889397515,21.38966667175293,14.6412115044064,3.4096656,0.22677457
lat23_lon40,23,40,12,40,27.5,22.5,900,274181.96082207304,274181.96082207304,22.566777708265516,21.735222240024143,14.888215403027004,3.440499,0.2251999
lat23_lon41,23,41,12,41,27.5,27.5,900,274181.96082207304,274181.96082207304,22.19488894144694,21.396333266364202,15.197076530456544,3.1276164,0.24227057
lat23_lon42,23,42,12,42,27.5,32.5,836,274181.96082207304,254684.5769413923,22.768779917767173,22.092464128749793,16.784560702449486,2.6758616,0.27204508
lat23_lon43,23,43,12,43,27.5,37.5,791,274181.96082207304,240975.47890028867,22.847281879179096,22.334007557363787,15.52784863731213,3.3360214,0.23062617
lat23_lon44,23,44,12,44,27.5,42.5,900,274181.96082207304,274181.96082207304,23.972666668362088,23.587000005510117,15.050954423480563,4.117844,0.19539477
lat23_lon45,23,45,12,45,27.5,47.5,780,274181.96082207304,237624.36604579663,25.92858975239289,25.460384618318997,18.179687057071263,3.5476637,0.21989313
lat23_lon46,23,46,12,46,27.5,52.5,543,274181.96082207304,165423.11636265076,23.146961292948294,22.393922630155505,19.48762340651618,1.5777761,0.38793132
lat23_lon47,23,47,12,47,27.5,57.5,777,274181.96082207304,236710.4261763897,24.04041186324111,23.110553402698176,17.2974802803664,2.9837258,0.2510213
lat23_lon48,23,48,12,48,27.5,62.5,878,274181.96082207304,267479.73511308903,24.152391782382626,23.172209572411887,16.694223821428086,3.309067,0.2320688
lat23_lon49,23,49,12,49,27.5,67.5,883,274181.96082207304,269002.9682287672,25.073499407395637,23.95436011948375,18.765790763431124,2.747947,0.26681274
lat23_lon50,23,50,12,50,27.5,72.5,900,274181.96082207304,274181.96082207304,26.81111110687256,26.152000005510118,20.849446273379854,2.6686025,0.27258337
lat23_lon51,23,51,12,51,27.5,77.5,900,274181.96082207304,274181.96082207304,24.85733332316081,23.813555551105075,20.673306103812322,1.7781614,0.35995027
lat23_lon52,23,52,12,52,27.5,82.5,900,274181.96082207304,274181.96082207304,18.21533333513472,17.04999998264015,13.744299125572045,1.8937267,0.34557512
lat23_lon53,23,53,12,53,27.5,87.5,900,274181.96082207304,274181.96082207304,11.222222199994658,9.360888912520474,4.721358557119966,2.7335575,0.26784107
lat23_lon54,23,54,12,54,27.5,92.5,900,274181.96082207304,274181.96082207304,12.779222242029176,10.490888906493783,5.525168177195721,3.0279467,0.24826546
lat23_lon55,23,55,12,55,27.5,97.5,900,274181.96082207304,274181.96082207304,12.103000003563034,10.738777787850962,4.876322535183151,3.1350057,0.24183762
lat23_lon56,23,56,12,56,27.5,102.5,900,274181.96082207304,274181.96082207304,11.784111128888197,10.832000002372595,5.584145387753378,2.72613,0.26837495
lat23_lon57,23,57,12,57,27.5,107.5,900,274181.96082207304,274181.96082207304,16.095888907114666,15.597555555767483,10.692635700967577,2.4381623,0.29085305
lat23_lon58,23,58,12,58,27.5,112.5,900,274181.96082207304,274181.96082207304,17.464888894822863,16.933888918558758,11.982482070393033,2.4688094,0.28828335
lat23_lon59,23,59,12,59,27.5,117.5,897,274181.96082207304,273268.0209526661,18.092196214690787,17.481493875467393,11.844335020383198,2.812399,0.26230204
lat23_lon60,23,60,12,60,27.5,122.5,228,274181.96082207304,69459.43007492517,17.84912281705622,17.24517542437503,13.65075264569395,1.8532536,0.35047707
lat23_lon61,23,61,12,61,27.5,127.5,73,274181.96082207304,22239.20348890148,22.256164446268997,21.449315110298052,15.45224772488393,3.035148,0.2478224
lat23_lon62,23,62,12,62,27.5,132.5,5,274181.96082207304,1523.2331156781836,22.960000228881835,22.280000305175783,17.799943288167317,2.2890925,0.30403522
lat23_lon64,23,64,12,64,27.5,142.5,14,274181.96082207304,4265.052723898914,23.157142911638534,22.10000024523054,19.541747172673542,1.5177943,0.39717305
lat24_lon11,24,11,11,11,32.5,-122.5,21,260698.8682708433,6082.973592986344,15.55714275723412,14.599999972752162,13.41304549574852,0.8769984,0.5327655
lat24_lon12,24,12,11,12,32.5,-117.5,484,260698.8682708433,140198.05804787573,18.2266528882271,17.409710752077338,12.208688286770695,2.6652899,0.2728297
lat24_lon13,24,13,11,13,32.5,-112.5,827,260698.8682708433,239553.293399986,20.66590085542764,20.11886337676965,13.010732015447982,3.4869022,0.22287092
lat24_lon14,24,14,11,14,32.5,-107.5,900,260698.8682708433,260698.8682708433,15.33588888698154,15.05488890753852,5.671742640862488,4.4909554,0.18211767
lat24_lon15,24,15,11,15,32.5,-102.5,900,260698.8682708433,260698.8682708433,17.10100000169542,16.86055553648207,5.527209635178248,5.400156,0.15624619
lat24_lon16,24,16,11,16,32.5,-97.5,900,260698.8682708433,260698.8682708433,18.538444436391195,18.23400002055698,5.619886425799794,6.0193915,0.14246249
lat24_lon17,24,17,11,17,32.5,-92.5,900,260698.8682708433,260698.8682708433,18.416777770784165,18.095888872146606,7.06432663652632,5.277589,0.15929683
lat24_lon18,24,18,11,18,32.5,-87.5,878,260698.8682708433,254326.2292686671,17.78428246165734,17.415148076815594,8.815134558412764,4.143832,0.19440758
lat24_lon19,24,19,11,19,32.5,-82.5,807,260698.8682708433,233759.98521618947,17.789343258409843,17.36109046746955,10.378925485573792,3.3968666,0.22743468
lat24_lon20,24,20,11,20,32.5,-77.5,163,260698.8682708433,47215.46169794162,18.012883449624653,17.450306728573665,11.35029310635158,3.0169294,0.24894635
lat24_lon32,24,32,11,32,32.5,-17.5,20,260698.8682708433,5793.308183796517,18.404999923706054,18.189999866485596,15.434698892676312,1.3523887,0.4250998
lat24_lon34,24,34,11,34,32.5,-7.5,677,260698.8682708433,196103.4820215121,17.55672082027621,16.81580502666434,13.854031675636849,1.5996863,0.38466182
lat24_lon35,24,35,11,35,32.5,-2.5,900,260698.8682708433,260698.8682708433,18.881666691038344,17.872444444232517,11.51452715979682,3.2611585,0.23467797
lat24_lon36,24,36,11,36,32.5,2.5,900,260698.8682708433,260698.8682708433,19.890777779685127,18.881444425582885,12.315755926238166,3.3583722,0.22944346
lat24_lon37,24,37,11,37,32.5,7.5,900,260698.8682708433,260698.8682708433,22.25977779706319,21.286999997033014,14.783568320804171,3.3188791,0.23154156
lat24_lon38,24,38,11,38,32.5,12.5,601,260698.8682708433,174088.91092308535,20.61747088567191,19.84675539749831,14.63043355815625,2.6593363,0.2732736
lat24_lon39,24,39,11,39,32.5,17.5,208,260698.8682708433,60250.40511148378,21.50673078573667,20.837500049517704,15.697839417983856,2.5950208,0.2781625
lat24_lon40,24,40,11,40,32.5,22.5,473,260698.8682708433,137011.73854678764,20.648202982815828,20.0082452443387,14.267361831280493,2.869038,0.25846216
lat24_lon41,24,41,11,41,32.5,27.5,258,260698.8682708433,74733.67557097509,20.665503834569176,20.05232561835947,14.870296401037297,2.599441,0.27782091
lat24_lon42,24,42,11,42,32.5,32.5,305,260698.8682708433,88347.9498028969,20.595082001607928,20.060327851967735,15.946265730406623,2.0769358,0.32499865
lat24_lon43,24,43,11,43,32.5,37.5,867,260698.8682708433,251139.90976757905,18.78788926444664,18.268050750921617,12.314554015112634,2.9367106,0.25401917
lat24_lon44,24,44,11,44,32.5,42.5,900,260698.8682708433,260698.8682708433,22.804777800242107,22.322333335876465,15.518405698140462,3.3269506,0.23110965
lat24_lon45,24,45,11,45,32.5,47.5,900,260698.8682708433,260698.8682708433,21.02166670428382,20.441777770254348,14.267184785828123,3.056594,0.24651223
lat24_lon46,24,46,11,46,32.5,52.5,900,260698.8682708433,260698.8682708433,16.72533332771725,15.897222252421908,8.400979060258607,3.7442446,0.21078171
lat24_lon47,24,47,11,47,32.5,57.5,900,260698.8682708433,260698.8682708433,20.07,19.271111093097264,11.14880699965689,4.0304084,0.19879101
lat24_lon48,24,48,11,48,32.5,62.5,900,260698.8682708433,260698.8682708433,18.50311110337575,17.625888894399008,11.166160926974392,3.2715685,0.23410605
lat24_lon49,24,49,11,49,32.5,67.5,900,260698.8682708433,260698.8682708433,12.828222229679426,11.782888906581535,5.233126075871219,3.361177,0.2292959
lat24_lon50,24,50,11,50,32.5,72.5,900,260698.8682708433,260698.8682708433,20.683666668492886,19.401222212786475,16.348498227056634,1.818347,0.35481793
lat24_lon51,24,51,11,51,32.5,77.5,900,260698.8682708433,260698.8682708433,3.329888890410463,1.8392222222685815,-4.4038617579809705,3.350109,0.22987929
lat24_lon52,24,52,11,52,32.5,82.5,900,260698.8682708433,260698.8682708433,-5.126333335546984,-7.04933333830701,-16.309746408727435,4.882189,0.17000474
lat24_lon53,24,53,11,53,32.5,87.5,900,260698.8682708433,260698.8682708433,-3.6558888855162595,-5.876333339479235,-15.04673846774631,4.9303837,0.16862315
lat24_lon54,24,54,11,54,32.5,92.5,900,260698.8682708433,260698.8682708433,-2.6885555579347744,-4.823222221657634,-13.89664104408688,4.859183,0.17067227
lat24_lon55,24,55,11,55,32.5,97.5,900,260698.8682708433,260698.8682708433,-1.3699999961091411,-2.63244444437325,-11.555737771723006,4.5334334,0.18071963
lat24_lon56,24,56,11,56,32.5,102.5,900,260698.8682708433,260698.8682708433,3.974444451878468,3.0076666748689282,-3.403306211840439,3.273911,0.23397774
lat24_lon57,24,57,11,57,32.5,107.5,900,260698.8682708433,260698.8682708433,13.300222237110138,12.51599999083413,6.636109718659621,2.9739332,0.25163987
lat24_lon58,24,58,11,58,32.5,112.5,900,260698.8682708433,260698.8682708433,14.825666684574552,14.157333325809903,8.54539413947198,2.8162694,0.262036
lat24_lon59,24,59,11,59,32.5,117.5,892,260698.8682708433,258381.5449973247,15.516816163811448,14.867376679262238,9.288987171914842,2.7953544,0.26348
lat24_lon60,24,60,11,60,32.5,122.5,248,260698.8682708433,71837.02147907682,16.136693535312528,15.526612927836757,9.08367102570004,3.190765,0.23861992
lat24_lon61,24,61,11,61,32.5,127.5,192,260698.8682708433,55615.75856444657,15.61666670938333,14.806770806511244,9.339508042616004,2.7878628,0.2640011
lat24_lon62,24,62,11,62,32.5,132.5,423,260698.8682708433,122528.46808729634,16.311583938328088,15.677304941993516,8.992628784288264,3.3108292,0.23197393
lat24_lon63,24,63,11,63,32.5,137.5,141,260698.8682708433,40842.82269576545,16.041843935107508,15.331205672406135,8.786486135052808,3.265622,0.23443238
lat25_lon11,25,11,10,11,37.5,-122.5,481,245231.6999177919,131062.71962273102,14.270062375217366,13.437214135627984,9.076432577586127,2.2775192,0.30510882
lat25_lon12,25,12,10,12,37.5,-117.5,900,245231.6999177919,245231.6999177919,13.028777785963483,11.726777778714895,2.150713336310663,4.850298,0.17093146
lat25_lon13,25,13,10,13,37.5,-112.5,900,245231.6999177919,245231.6999177919,11.847333347267575,10.675111113389333,0.18679095811341287,5.2424254,0.16019414
lat25_lon14,25,14,10,14,37.5,-107.5,900,245231.6999177919,245231.6999177919,7.470222244991197,6.831555553012424,-3.983139218594685,5.2551036,0.15986945
lat25_lon15,25,15,10,15,37.5,-102.5,900,245231.6999177919,245231.6999177919,12.139666656388178,11.954555572138892,-1.3659909716698975,6.3234487,0.13654768
lat25_lon16,25,16,10,16,37.5,-97.5,900,245231.6999177919,245231.6999177919,14.049888879987929,13.717111141416762,-2.7214267357536115,7.8288164,0.11326546
lat25_lon17,25,17,10,17,37.5,-92.5,900,245231.6999177919,245231.6999177919,13.84777777671814,13.547888888253105,-2.4350208770180175,7.606086,0.11619684
lat25_lon18,25,18,10,18,37.5,-87.5,900,245231.6999177919,245231.6999177919,13.96333334604899,13.670777773327298,-1.3393411368947614,7.145792,0.12276277
lat25_lon19,25,19,10,19,37.5,-82.5,900,245231.6999177919,245231.6999177919,12.657666676839193,12.300444458855523,-2.0841788050616086,6.8667235,0.12711772
lat25_lon20,25,20,10,20,37.5,-77.5,834,245231.6999177919,227248.0419238205,14.129136704712463,13.585491605799833,0.8761973482572567,6.1233807,0.14038278
lat25_lon21,25,21,10,21,37.5,-72.5,31,245231.6999177919,8446.869663835054,13.058064583809145,12.454838691219207,3.9697600625817544,4.1494007,0.19419736
lat25_lon29,25,29,10,29,37.5,-32.5,5,245231.6999177919,1362.3983328766217,17.4,16.820000076293944,14.916332085927328,1.0608674,0.4852326
lat25_lon30,25,30,10,30,37.5,-27.5,37,245231.6999177919,10081.747663287,17.013513384638607,16.42702698063206,14.538474754853683,1.0560099,0.486379
lat25_lon34,25,34,10,34,37.5,-7.5,539,245231.6999177919,146866.5402840998,16.713543614120344,16.15714285678899,13.111775217704402,1.5831257,0.3871279
lat25_lon35,25,35,10,35,37.5,-2.5,625,245231.6999177919,170299.79160957772,15.654559970092773,14.785759978485107,11.09502804740502,1.9766877,0.33594388
lat25_lon36,25,36,10,36,37.5,2.5,364,245231.6999177919,99182.59863341806,16.830494524358393,15.964560469428262,12.12900877883982,2.043017,0.32862124
lat25_lon37,25,37,10,37,37.5,7.5,437,245231.6999177919,119073.61429341674,16.26727686648511,15.514874157152677,11.130473502869469,2.2650933,0.30626997
lat25_lon38,25,38,10,38,37.5,12.5,214,245231.6999177919,58310.64864711941,17.631775704499717,16.97383175609268,13.567898151698147,1.7810227,0.35957998
lat25_lon39,25,39,10,39,37.5,17.5,126,245231.6999177919,34332.43798849087,16.16031745123485,15.46031752086821,11.539306214877538,2.0335538,0.32964638
lat25_lon40,25,40,10,40,37.5,22.5,474,245231.6999177919,129155.36195670372,15.56181432023833,14.800000027765202,10.874387845032183,2.0537975,0.32746112
lat25_lon41,25,41,10,41,37.5,27.5,609,245231.6999177919,165940.1169443725,15.535632185943804,14.824794750495498,10.220610632563911,2.3559206,0.29798084
lat25_lon42,25,42,10,42,37.5,32.5,700,245231.6999177919,190735.76660272703,12.543142869131906,11.824714287008558,6.300021472567063,2.7891643,0.26391044
lat25_lon43,25,43,10,43,37.5,37.5,859,245231.6999177919,234060.0335882036,13.90849829497243,13.106868445526318,6.976541552488322,3.0961542,0.24413143
lat25_lon44,25,44,10,44,37.5,42.5,900,245231.6999177919,245231.6999177919,13.82211109413041,12.87888889975018,5.979047369834992,3.4962063,0.22240973
lat25_lon45,25,45,10,45,37.5,47.5,872,245231.6999177919,237602.26925368284,11.692111105496684,10.78833334054384,5.329012736135297,2.8108919,0.26240575
lat25_lon46,25,46,10,46,37.5,52.5,681,245231.6999177919,185558.65293779588,15.909333353439967,15.200999997009834,10.204411428142066,2.5388923,0.2825743
lat25_lon47,25,47,10,47,37.5,57.5,900,245231.6999177919,245231.6999177919,15.518555549515618,15.063222231864929,9.175264874964357,2.8889196,0.25714082
lat25_lon48,25,48,10,48,37.5,62.5,900,245231.6999177919,245231.6999177919,16.610888897577922,15.939444442590078,10.966442653155989,2.5175242,0.28429085
lat25_lon49,25,49,10,49,37.5,67.5,900,245231.6999177919,245231.6999177919,11.83500000378324,10.531444450277421,5.625432559338709,2.6734693,0.27222222
lat25_lon50,25,50,10,50,37.5,72.5,900,245231.6999177919,245231.6999177919,-2.1939999969138038,-3.8832222305983306,-11.217744161028984,3.9168673,0.20338154
lat25_lon51,25,51,10,51,37.5,77.5,900,245231.6999177919,245231.6999177919,1.997000007323093,0.19722220277620686,-5.376590680799887,3.1389387,0.24160782
lat25_lon52,25,52,10,52,37.5,82.5,900,245231.6999177919,245231.6999177919,5.591000007697278,3.8311110963258477,-1.6584354770902752,3.0873694,0.24465613
lat25_lon53,25,53,10,53,37.5,87.5,900,245231.6999177919,245231.6999177919,0.1477777823723025,-1.4337777637938658,-7.767731246087286,3.4201295,0.2262377
lat25_lon54,25,54,10,54,37.5,92.5,900,245231.6999177919,245231.6999177919,0.5218888819052113,-1.00222222370406,-7.678088631673406,3.5610507,0.21924774
lat25_lon55,25,55,10,55,37.5,97.5,900,245231.6999177919,245231.6999177919,-1.6118888907300102,-3.3635555643422737,-9.784226579452191,3.5131571,0.2215744
lat25_lon56,25,56,10,56,37.5,102.5,900,245231.6999177919,245231.6999177919,5.043555558779174,4.060111127992471,-1.9160395551476783,3.075305,0.2453804
lat25_lon57,25,57,10,57,37.5,107.5,900,245231.6999177919,245231.6999177919,8.585333343876732,7.669777788652314,0.5056732811111383,3.612379,0.21680786
lat25_lon58,25,58,10,58,37.5,112.5,900,245231.6999177919,245231.6999177919,9.75722221771876,8.925000004900827,2.308562208366404,3.3325396,0.2308115
lat25_lon59,25,59,10,59,37.5,117.5,783,245231.6999177919,213351.57892847896,13.132056207035694,12.512643674933287,6.270702751457122,3.0988111,0.24397318
lat25_lon60,25,60,10,60,37.5,122.5,260,245231.6999177919,70844.71330958432,11.564999980192917,10.858076924544115,4.676295603381263,3.0942314,0.24424608
lat25_lon61,25,61,10,61,37.5,127.5,619,245231.6999177919,168664.91361012578,11.344264962561489,10.62730210701753,3.2148467033675505,3.6749296,0.21390696
lat25_lon62,25,62,10,62,37.5,132.5,77,245231.6999177919,20980.934326299972,14.351948044516824,13.651948024700214,5.998387260291413,3.783722,0.20904225
lat25_lon63,25,63,10,63,37.5,137.5,423,245231.6999177919,115258.8989613622,12.192198589902116,11.52033097016896,4.415591833858665,3.518275,0.22132339
lat25_lon64,25,64,10,64,37.5,142.5,225,245231.6999177919,61307.92497944798,11.973333314259847,11.250666658613417,5.321318902143963,2.9800951,0.25125027
lat26_lon11,26,11,9,11,42.5,-122.5,783,227898.1702534172,198271.40812047294,9.322988509827342,8.699106015464812,2.7225809007992026,2.975333,0.25155124
lat26_lon12,26,12,9,12,42.5,-117.5,900,227898.1702534172,227898.1702534172,8.772999999788073,7.768666681183709,-2.6384578800037466,5.1590085,0.1623638
lat26_lon13,26,13,9,13,42.5,-112.5,900,227898.1702534172,227898.1702534172,6.571777778731452,5.737666665613651,-6.811321788860692,6.12173,0.14041533
lat26_lon14,26,14,9,14,42.5,-107.5,900,227898.1702534172,227898.1702534172,5.810777787723475,5.272666666342152,-8.58463256186909,6.66285,0.13049975
lat26_lon15,26,15,9,15,42.5,-102.5,900,227898.1702534172,227898.1702534172,9.294111103216807,8.866666660838657,-8.497615449825922,8.288188,0.107663624
lat26_lon16,26,16,9,16,42.5,-97.5,900,227898.1702534172,227898.1702534172,9.265777778625488,8.764666688177321,-11.59071459611257,9.715886,0.09331939
lat26_lon17,26,17,9,17,42.5,-92.5,900,227898.1702534172,227898.1702534172,9.093333353466457,8.4300000111262,-11.103917022811041,9.368641,0.09644466
lat26_lon18,26,18,9,18,42.5,-87.5,900,227898.1702534172,227898.1702534172,9.136777784029643,8.417777786254883,-12.92308745543162,10.233861,0.089016594
lat26_lon19,26,19,9,19,42.5,-82.5,900,227898.1702534172,227898.1702534172,8.993555557992723,8.217333329518636,-14.395192112392849,10.847234,0.08440789
lat26_lon20,26,20,9,20,42.5,-77.5,900,227898.1702534172,227898.1702534172,8.754666672812569,7.909444456100464,-14.16486565960778,10.610763,0.08612699
lat26_lon21,26,21,9,21,42.5,-72.5,740,227898.1702534172,187382.93998614303,8.543378375994193,7.637297295879673,-14.503236206246457,10.657135,0.08578437
lat26_lon22,26,22,9,22,42.5,-67.5,185,227898.1702534172,46845.73499653576,7.243783780690786,6.234594602842589,-9.811561138326576,7.812969,0.11346914
lat26_lon23,26,23,9,23,42.5,-62.5,71,227898.1702534172,17978.63343110291,6.936619711593843,6.109859204628099,-10.378066203587174,7.974498,0.111426845
lat26_lon34,26,34,9,34,42.5,-7.5,532,227898.1702534172,134713.1406386866,12.617105251864382,12.273496246875677,8.39347991805061,1.9151909,0.3430307
lat26_lon35,26,35,9,35,42.5,-2.5,706,227898.1702534172,178773.45355434727,12.055665707115411,11.525212470769207,6.911406409236525,2.3101704,0.30209926
lat26_lon36,26,36,9,36,42.5,2.5,584,227898.1702534172,147880.5904755507,12.420890410469003,11.825684934650383,7.773692229737464,2.0647671,0.32628906
lat26_lon37,26,37,9,37,42.5,7.5,384,227898.1702534172,97236.55264145801,12.313020853558555,11.646875015382344,6.860264204299469,2.428716,0.29165438
lat26_lon38,26,38,9,38,42.5,12.5,493,227898.1702534172,124837.55326103854,13.880324542643333,13.07342799440117,8.271493307420032,2.4758532,0.28769913
lat26_lon39,26,39,9,39,42.5,17.5,643,227898.1702534172,162820.58163660805,12.266874016721735,11.437169555557274,6.637805160316156,2.4812346,0.28725442
lat26_lon40,26,40,9,40,42.5,22.5,880,227898.1702534172,222833.76647000792,11.003636362606828,10.16545454764908,5.177285722120416,2.5718722,0.27996522
lat26_lon41,26,41,9,41,42.5,27.5,669,227898.1702534172,169404.3065550401,12.735575484944388,11.955455897634874,7.896288330522464,2.1214285,0.32036614
lat26_lon42,26,42,9,42,42.5,32.5,342,227898.1702534172,86601.30469629854,10.483040919777944,9.966666660810771,6.0711471445575125,1.9693913,0.33676934
lat26_lon43,26,43,9,43,42.5,37.5,341,227898.1702534172,86348.08450712806,10.340469191850456,9.772140738901156,6.053296684866967,1.9012465,0.34467942
lat26_lon44,26,44,9,44,42.5,42.5,810,227898.1702534172,205108.3532280755,7.596666662578966,6.8556790058167625,3.1025548034007575,1.9672893,0.3370079
lat26_lon45,26,45,9,45,42.5,47.5,832,227898.1702534172,210679.19738982565,11.206555564180016,10.55266668110258,7.187807670181078,1.7606875,0.36222863
lat26_lon46,26,46,9,46,42.5,52.5,752,227898.1702534172,190421.5822561886,13.671444452073839,13.318777764638265,9.076267118783708,2.0880327,0.32383075
lat26_lon47,26,47,9,47,42.5,57.5,900,227898.1702534172,227898.1702534172,12.863777765697904,12.300555548138089,7.784221682283613,2.2734306,0.3054899
lat26_lon48,26,48,9,48,42.5,62.5,900,227898.1702534172,227898.1702534172,13.19233332104153,12.430666677686903,7.517143406867981,2.5150795,0.2844886
lat26_lon49,26,49,9,49,42.5,67.5,900,227898.1702534172,227898.1702534172,13.190777798228794,12.029111114078098,7.957703692979282,2.243779,0.3082824
lat26_lon50,26,50,9,50,42.5,72.5,900,227898.1702534172,227898.1702534172,7.965333353471425,6.5125555584083,2.5590012045244737,2.2844787,0.3044623
lat26_lon51,26,51,9,51,42.5,77.5,900,227898.1702534172,227898.1702534172,3.4495555512358744,1.8602222223662668,-2.7455397548271705,2.6271706,0.275697
lat26_lon52,26,52,9,52,42.5,82.5,900,227898.1702534172,227898.1702534172,5.620777779577507,4.122222229192654,-0.8012098444643845,2.7432296,0.26714897
lat26_lon53,26,53,9,53,42.5,87.5,900,227898.1702534172,227898.1702534172,7.3107777999838195,6.134333331874675,0.5350909317184586,2.9560761,0.25277573
lat26_lon54,26,54,9,54,42.5,92.5,900,227898.1702534172,227898.1702534172,8.704777763361733,7.363333326801658,1.0159655477495515,3.3533795,0.22970662
lat26_lon55,26,55,9,55,42.5,97.5,900,227898.1702534172,227898.1702534172,6.708555551336871,5.026000002672275,-1.4017373730180827,3.494816,0.22247852
lat26_lon56,26,56,9,56,42.5,102.5,900,227898.1702534172,227898.1702534172,6.853555555865168,5.294444459759527,-1.9899033818811667,3.8542807,0.20600376
lat26_lon57,26,57,9,57,42.5,107.5,900,227898.1702534172,227898.1702534172,6.3425555499394735,4.914111110634274,-2.513882697078426,3.8823252,0.20482044
lat26_lon58,26,58,9,58,42.5,112.5,900,227898.1702534172,227898.1702534172,4.581444443538785,3.4794444431364537,-4.401606726211385,4.0002856,0.19998857
lat26_lon59,26,59,9,59,42.5,117.5,900,227898.1702534172,227898.1702534172,4.843333330220647,3.9102222220848004,-3.65992635919415,3.8076425,0.20800215
lat26_lon60,26,60,9,60,42.5,122.5,868,227898.1702534172,219795.12419996236,7.672811073641623,6.6410138291148,-1.3336808794647126,4.0246086,0.19902048
lat26_lon61,26,61,9,61,42.5,127.5,871,227898.1702534172,220554.78476747373,4.598851888867183,3.6547646342715767,-4.2267667185084745,3.9567297,0.20174591
lat26_lon62,26,62,9,62,42.5,132.5,422,227898.1702534172,106858.91982993562,4.254739334886249,3.384123215495975,-4.268080068174108,3.8290212,0.20708129
lat26_lon63,26,63,9,63,42.5,137.5,76,227898.1702534172,19244.73437695523,5.105263144268017,4.2131578683068875,-2.502667296578367,3.3957288,0.22749355
lat26_lon64,26,64,9,64,42.5,142.5,436,227898.1702534172,110404.00247832212,7.38876146549752,6.294266057807371,-1.0864250506827504,3.7638826,0.2099128
lat26_lon65,26,65,9,65,42.5,147.5,74,227898.1702534172,18738.293998614303,5.508108090709996,3.6581081168071643,-2.0964290437639006,3.2380753,0.23595616
lat27_lon10,27,10,8,10,47.5,-127.5,72,208830.1979047364,16706.415832378912,8.109722200367186,7.615277787049611,-0.3671086757987117,3.8847227,0.20471992
lat27_lon11,27,11,8,11,47.5,-122.5,809,208830.1979047364,187715.14456103527,8.324845488640227,7.744004943066165,-3.5161005671930856,5.450131,0.15503561
lat27_lon12,27,12,8,12,47.5,-117.5,900,208830.1979047364,208830.1979047364,7.295777784751521,6.788222227940957,-8.601903142762927,7.377517,0.1193671
lat27_lon13,27,13,8,13,47.5,-112.5,900,208830.1979047364,208830.1979047364,5.058777777494655,4.465777777325776,-15.610458380911085,9.606851,0.09427869
lat27_lon14,27,14,8,14,47.5,-107.5,900,208830.1979047364,208830.1979047364,6.6956666798724065,6.079333338505692,-15.08426612218221,10.125014,0.08988752
lat27_lon15,27,15,8,15,47.5,-102.5,900,208830.1979047364,208830.1979047364,5.695333344141642,4.9453333271874325,-17.74156073358324,10.875792,0.08420491
lat27_lon16,27,16,8,16,47.5,-97.5,900,208830.1979047364,208830.1979047364,4.9183333378367955,4.06966666009691,-21.211443738937376,12.122615,0.07620432
lat27_lon17,27,17,8,17,47.5,-92.5,900,208830.1979047364,208830.1979047364,4.375777771472931,3.4021111077484156,-21.930044621361628,12.177677,0.07588591
lat27_lon18,27,18,8,18,47.5,-87.5,900,208830.1979047364,208830.1979047364,3.811444446378284,2.7844444487078324,-24.548749062220256,13.133751,0.07075263
lat27_lon19,27,19,8,19,47.5,-82.5,900,208830.1979047364,208830.1979047364,3.375000000463592,2.3856666644000346,-27.920162417093913,14.525109,0.06441178
lat27_lon20,27,20,8,20,47.5,-77.5,900,208830.1979047364,208830.1979047364,3.0714444431331422,2.0133333287967576,-29.126983144548205,14.935333,0.06275363
lat27_lon21,27,21,8,21,47.5,-72.5,900,208830.1979047364,208830.1979047364,3.2542222241643404,1.9304444414873918,-25.76942412694295,13.380778,0.06953727
lat27_lon22,27,22,8,22,47.5,-67.5,814,208830.1979047364,188875.3123271727,4.071990166079134,2.7916461922759215,-20.48919198877671,11.28858,0.08137637
lat27_lon23,27,23,8,23,47.5,-62.5,388,208830.1979047364,90029.01865226413,5.282989674929491,4.373195879468598,-17.437846955920673,10.502834,0.086935095
lat27_lon24,27,24,8,24,47.5,-57.5,377,208830.1979047364,87476.64956676179,4.087798408551305,3.366843497089113,-17.15398515399391,9.847941,0.09218339
lat27_lon25,27,25,8,25,47.5,-52.5,211,208830.1979047364,48959.079730999314,4.710900470543812,4.213270138790257,-12.934874784271672,8.203522,0.10865406
lat27_lon35,27,35,8,35,47.5,-2.5,469,208830.1979047364,108823.7364636904,11.860341155452769,11.529211070745992,7.41551720258193,2.0217865,0.33093008
lat27_lon36,27,36,8,36,47.5,2.5,897,208830.1979047364,208134.09724505394,10.906465995537664,10.344593101786398,5.122642065279134,2.604208,0.27745345
lat27_lon37,27,37,8,37,47.5,7.5,900,208830.1979047364,208830.1979047364,8.684555547941063,7.926999998117487,0.8711801858787981,3.5183222,0.2213211
lat27_lon38,27,38,8,38,47.5,12.5,882,208830.1979047364,204653.59394664166,7.776303870827298,6.89954650277048,-0.4555586336851939,3.6912785,0.21316151
lat27_lon39,27,39,8,39,47.5,17.5,900,208830.1979047364,208830.1979047364,9.733666674031152,8.871777775552538,1.8645112858225346,3.5240166,0.22104253
lat27_lon40,27,40,8,40,47.5,22.5,900,208830.1979047364,208830.1979047364,8.802666661077076,7.9492222270038395,0.6009563782957896,3.6816878,0.21359818
lat27_lon41,27,41,8,41,47.5,27.5,897,208830.1979047364,208134.09724505394,8.783166114568976,8.157859537912453,0.6144934244863867,3.712151,0.2122173
lat27_lon42,27,42,8,42,47.5,32.5,790,208830.1979047364,183306.50704971305,9.598354454885555,9.084303804590732,2.221996463734876,3.3626406,0.22921899
lat27_lon43,27,43,8,43,47.5,37.5,795,208830.1979047364,184466.67481585048,9.651823917724801,9.159748442667835,2.993807680572281,3.029304,0.24818182
lat27_lon44,27,44,8,44,47.5,42.5,900,208830.1979047364,208830.1979047364,9.523666674296061,9.042777784665425,3.113821048540863,2.9149024,0.25543422
lat27_lon45,27,45,8,45,47.5,47.5,900,208830.1979047364,208830.1979047364,9.793222205373976,9.422333351241218,3.2269044845317207,3.011781,0.24926586
lat27_lon46,27,46,8,46,47.5,52.5,900,208830.1979047364,208830.1979047364,9.570555551846821,9.401444454193115,3.098336248668242,3.011965,0.24925444
lat27_lon47,27,47,8,47,47.5,57.5,900,208830.1979047364,208830.1979047364,7.66366666369968,7.098000011444092,1.2340233657049566,2.9068217,0.25596255
lat27_lon48,27,48,8,48,47.5,62.5,900,208830.1979047364,208830.1979047364,7.806444448894925,7.115777793460422,1.6831501316162345,2.7383125,0.26750037
lat27_lon49,27,49,8,49,47.5,67.5,900,208830.1979047364,208830.1979047364,6.859111120965745,6.109444453451369,1.0831412682267143,2.564448,0.28054833
lat27_lon50,27,50,8,50,47.5,72.5,900,208830.1979047364,208830.1979047364,5.7499999985429975,4.926111118727261,-0.15793325792116067,2.612576,0.2768108
lat27_lon51,27,51,8,51,47.5,77.5,900,208830.1979047364,208830.1979047364,5.4346666632095975,4.455222224220633,-0.009538334704985168,2.3695467,0.29677582
lat27_lon52,27,52,8,52,47.5,82.5,900,208830.1979047364,208830.1979047364,4.198666669403513,3.126777774774366,-1.756380312260876,2.5917983,0.27841207
lat27_lon53,27,53,8,53,47.5,87.5,900,208830.1979047364,208830.1979047364,1.9724444423284795,0.7637777784466744,-6.385917754836264,3.688439,0.21329062
lat27_lon54,27,54,8,54,47.5,92.5,900,208830.1979047364,208830.1979047364,-0.6951111143165164,-2.1581111180699533,-8.970109193854862,3.6058483,0.21711527
lat27_lon55,27,55,8,55,47.5,97.5,900,208830.1979047364,208830.1979047364,-2.253111108649108,-3.7911111159125963,-11.655144815180037,4.117803,0.19539633
lat27_lon56,27,56,8,56,47.5,102.5,900,208830.1979047364,208830.1979047364,-0.08922222465276718,-1.4548888887630569,-7.844263735877143,3.380168,0.22830175
lat27_lon57,27,57,8,57,47.5,107.5,900,208830.1979047364,208830.1979047364,0.11488888839880626,-0.9765555564728048,-8.125265397495694,3.6544561,0.21484788
lat27_lon58,27,58,8,58,47.5,112.5,900,208830.1979047364,208830.1979047364,0.5674444449692965,-0.4714444465521309,-7.789429621431562,3.718864,0.21191542
lat27_lon59,27,59,8,59,47.5,117.5,900,208830.1979047364,208830.1979047364,0.9022222193413311,-0.08911111125515567,-8.525148635440402,4.2298512,0.19121003
lat27_lon60,27,60,8,60,47.5,122.5,900,208830.1979047364,208830.1979047364,2.0254444432424172,1.026222223614653,-7.561427218649122,4.303155,0.188567
lat27_lon61,27,61,8,61,47.5,127.5,900,208830.1979047364,208830.1979047364,2.2482222225599817,1.1602222203877237,-7.838710654576619,4.520457,0.18114443
lat27_lon62,27,62,8,62,47.5,132.5,900,208830.1979047364,208830.1979047364,2.096888886657026,0.8935555552608437,-7.666054708162943,4.3465185,0.1870376
lat27_lon63,27,63,8,63,47.5,137.5,721,208830.1979047364,167296.1918770166,0.28141470050927503,-0.952288491343989,-9.357131746846022,4.2825875,0.18930116
lat27_lon64,27,64,8,64,47.5,142.5,262,208830.1979047364,60792.79094560103,2.4057251820411847,1.4083969538164047,-7.418692312113019,4.4150167,0.18467164
lat27_lon65,27,65,8,65,47.5,147.5,33,208830.1979047364,7657.107256507001,3.6575757265090942,2.5939393946618745,-5.720124065876007,4.192536,0.19258413
lat27_lon66,27,66,8,66,47.5,152.5,55,208830.1979047364,12761.845427511667,2.7999999978325585,2.105454542420127,-7.10962378081455,4.5166445,0.18126962
lat28_lon0,28,0,7,0,52.5,-177.5,63,188172.9016548795,13172.103115841566,4.779365062713623,3.6761904690000744,-1.0020002345455454,2.5061402,0.28521392
lat28_lon1,28,1,7,1,52.5,-172.5,39,188172.9016548795,8154.159071711446,4.710256423705664,3.5948717838678603,-0.31922768930018003,2.1566427,0.31679228
lat28_lon2,28,2,7,2,52.5,-167.5,83,188172.9016548795,17353.723152616665,4.577108465045331,3.369879525828074,-1.7669209421340084,2.7505722,0.26662597
lat28_lon3,28,3,7,3,52.5,-162.5,67,188172.9016548795,14008.427123196585,4.441791009547106,3.385074609918381,-4.28738187532374,3.889897,0.20450327
lat28_lon4,28,4,7,4,52.5,-157.5,7,188172.9016548795,1463.567012871285,5.185714244842529,4.099999972752163,-2.8560707905353646,3.5627081,0.2191681
lat28_lon9,28,9,7,9,52.5,-132.5,172,188172.9016548795,35961.93231626586,7.931976753611897,7.365116288495618,-1.1063139202188168,4.133564,0.19479644
lat28_lon10,28,10,7,10,52.5,-127.5,750,188172.9016548795,156810.75137906626,4.507200013607741,3.946799994200468,-12.106298097807084,7.7029886,0.114903055
lat28_lon11,28,11,7,11,52.5,-122.5,900,188172.9016548795,188172.9016548795,3.0538888922995993,2.411888884868887,-23.14409362581041,12.201342,0.075749874
lat28_lon12,28,12,7,12,52.5,-117.5,900,188172.9016548795,188172.9016548795,1.367888887764679,0.7846666669597229,-28.36256802558899,13.879647,0.06720589
lat28_lon13,28,13,7,13,52.5,-112.5,900,188172.9016548795,188172.9016548795,3.408222219571471,2.6782222187932994,-27.251747211880154,14.284295,0.06542663
lat28_lon14,28,14,7,14,52.5,-107.5,900,188172.9016548795,188172.9016548795,2.4715555524163775,1.4071111116806667,-25.654799166785345,13.015255,0.07135083
lat28_lon15,28,15,7,15,52.5,-102.5,900,188172.9016548795,188172.9016548795,1.474222219619486,0.4034444466729959,-27.32802666346232,13.332294,0.0697725
lat28_lon16,28,16,7,16,52.5,-97.5,900,188172.9016548795,188172.9016548795,0.9944444424079524,0.06177777496476968,-28.925430312686498,13.889752,0.067160286
lat28_lon17,28,17,7,17,52.5,-92.5,900,188172.9016548795,188172.9016548795,0.0006666660639974806,-1.127999998902281,-31.9328165435791,14.794736,0.06331223
lat28_lon18,28,18,7,18,52.5,-87.5,900,188172.9016548795,188172.9016548795,-0.7376666651500596,-1.828333329591486,-35.59876752005683,16.182735,0.058197953
lat28_lon19,28,19,7,19,52.5,-82.5,715,188172.9016548795,149492.91631470982,-0.6935664330745911,-1.6247552461661658,-36.475154105292425,16.652458,0.056649335
lat28_lon20,28,20,7,20,52.5,-77.5,845,188172.9016548795,176673.44655374798,-1.3194082832636211,-2.236568046109916,-38.41836538526747,17.276497,0.054715082
lat28_lon21,28,21,7,21,52.5,-72.5,900,188172.9016548795,188172.9016548795,-1.894222221399347,-3.0715555530786514,-36.40454344007704,15.998043,0.058830302
lat28_lon22,28,22,7,22,52.5,-67.5,893,188172.9016548795,186709.3346420082,-2.063269873182023,-3.0704367365458642,-33.52139423582289,14.597902,0.06411119
lat28_lon23,28,23,7,23,52.5,-62.5,879,188172.9016548795,183782.20061626565,-0.8948805444747786,-1.6946530137317037,-30.103322514428033,13.584408,0.068566374
lat28_lon24,28,24,7,24,52.5,-57.5,658,188172.9016548795,137575.2992099008,0.40577507561418064,-0.0822188437981446,-24.461497368157136,11.609233,0.07930697
lat28_lon33,28,33,7,33,52.5,-12.5,30,188172.9016548795,6272.43005516265,10.846666622161866,11.006666660308838,4.9514912852534545,2.817482,0.2619528
lat28_lon34,28,34,7,34,52.5,-7.5,480,188172.9016548795,100358.8808826024,9.898749999205272,9.944374992450077,1.3575869490970218,4.03714,0.19852535
lat28_lon35,28,35,7,35,52.5,-2.5,704,188172.9016548795,147193.02529448352,9.626420449804176,9.355397757481445,-0.37157956410529397,4.650538,0.1769743
lat28_lon36,28,36,7,36,52.5,2.5,356,188172.9016548795,74432.83665459679,10.349157336052883,9.91994383361902,0.5587074601399541,4.517495,0.18124166
lat28_lon37,28,37,7,37,52.5,7.5,739,188172.9016548795,154510.86035883994,9.330446571716598,8.86346416254005,-0.7482017739538747,4.6449656,0.177149
lat28_lon38,28,38,7,38,52.5,12.5,829,188172.9016548795,173328.1505243279,8.778045842961035,8.23835943633886,-5.306473489051536,6.516027,0.13304901
lat28_lon39,28,39,7,39,52.5,17.5,835,188172.9016548795,174582.63653536045,8.362395219174688,7.8610778688670635,-8.286233896679349,7.732786,0.11451099
lat28_lon40,28,40,7,40,52.5,22.5,900,188172.9016548795,188172.9016548795,7.782777803738912,7.241888899803161,-7.886702084276411,7.2625327,0.12102826
lat28_lon41,28,41,7,41,52.5,27.5,900,188172.9016548795,188172.9016548795,7.046555548773871,6.4936666568120325,-7.3133090970251295,6.6428237,0.13084169
lat28_lon42,28,42,7,42,52.5,32.5,900,188172.9016548795,188172.9016548795,6.686555572615729,6.112888888782925,-6.225139983759986,5.956023,0.14376031
lat28_lon43,28,43,7,43,52.5,37.5,900,188172.9016548795,188172.9016548795,6.281000006993612,5.812888890372382,-5.942716474003262,5.6552105,0.15025821
lat28_lon44,28,44,7,44,52.5,42.5,900,188172.9016548795,188172.9016548795,6.062888885604011,5.527333327134451,-5.035074685017268,5.110078,0.16366404
lat28_lon45,28,45,7,45,52.5,47.5,900,188172.9016548795,188172.9016548795,5.771222224765354,5.116444446510739,-4.559976372586356,4.723411,0.17472099
lat28_lon46,28,46,7,46,52.5,52.5,900,188172.9016548795,188172.9016548795,5.238666673766242,5.133777769671546,-4.239058488408724,4.4433265,0.18371119
lat28_lon47,28,47,7,47,52.5,57.5,900,188172.9016548795,188172.9016548795,3.7268888834532765,3.6115555526067813,-5.029407463736004,4.100844,0.196046
lat28_lon48,28,48,7,48,52.5,62.5,900,188172.9016548795,188172.9016548795,3.7988888941870798,3.5227777796321447,-4.791337506241269,3.9859858,0.20056215
lat28_lon49,28,49,7,49,52.5,67.5,900,188172.9016548795,188172.9016548795,3.0363333359029556,2.5856666644414266,-4.986295915842057,3.6802824,0.21366231
lat28_lon50,28,50,7,50,52.5,72.5,900,188172.9016548795,188172.9016548795,2.878333333068424,2.215555550323592,-5.160106590323978,3.6432004,0.21536869
lat28_lon51,28,51,7,51,52.5,77.5,900,188172.9016548795,188172.9016548795,2.9772222208976746,2.1795555524693597,-4.995873202747769,3.5853608,0.21808536
lat28_lon52,28,52,7,52,52.5,82.5,900,188172.9016548795,188172.9016548795,2.2204444406761064,1.3387777742164002,-5.40307905488544,3.4050303,0.2270132
lat28_lon53,28,53,7,53,52.5,87.5,900,188172.9016548795,188172.9016548795,-0.16222222379512258,-1.090333332055145,-7.578839690287908,3.2992983,0.2325961
lat28_lon54,28,54,7,54,52.5,92.5,900,188172.9016548795,188172.9016548795,-0.8615555527226793,-1.8082222241825527,-8.18285700586107,3.2512152,0.23522687
lat28_lon55,28,55,7,55,52.5,97.5,900,188172.9016548795,188172.9016548795,-3.648999997758203,-4.557555559981201,-12.121162736150954,3.7978234,0.20842785
lat28_lon56,28,56,7,56,52.5,102.5,900,188172.9016548795,188172.9016548795,-1.896777775072389,-2.77477777318822,-9.533471037016975,3.4119058,0.22665942
lat28_lon57,28,57,7,57,52.5,107.5,900,188172.9016548795,188172.9016548795,-1.4597777769135105,-2.331333334826761,-11.39909440888299,4.4941187,0.18201281
lat28_lon58,28,58,7,58,52.5,112.5,900,188172.9016548795,188172.9016548795,-2.9397777761601738,-3.892777777231402,-13.918370136684842,4.9659977,0.16761656
lat28_lon59,28,59,7,59,52.5,117.5,900,188172.9016548795,188172.9016548795,-2.988111108392477,-3.9637777728752956,-13.57219509548611,4.7760563,0.1731285
lat28_lon60,28,60,7,60,52.5,122.5,900,188172.9016548795,188172.9016548795,-2.9939999962680868,-3.8562222105595803,-13.537218669255575,4.779872,0.17301421
lat28_lon61,28,61,7,61,52.5,127.5,900,188172.9016548795,188172.9016548795,-1.578000000466903,-2.4495555525190302,-12.655647946463692,5.029228,0.1658587
lat28_lon62,28,62,7,62,52.5,132.5,900,188172.9016548795,188172.9016548795,-4.056888880406817,-5.033111105097665,-14.83996770646837,4.869431,0.17037426
lat28_lon63,28,63,7,63,52.5,137.5,827,188172.9016548795,172909.9885206504,-1.7663845237358018,-2.6877871737010244,-13.590784364276463,5.3700895,0.15698366
lat28_lon64,28,64,7,64,52.5,142.5,401,188172.9016548795,83841.48173734076,-0.6057356642628846,-1.3002493732104872,-12.621867522283825,5.508063,0.15365556
lat28_lon67,28,67,7,67,52.5,157.5,479,188172.9016548795,100149.79988076366,-0.07098121416904732,-0.39081419326193895,-12.441975115275964,5.757838,0.14797632
lat28_lon68,28,68,7,68,52.5,162.5,52,188172.9016548795,10872.21209561526,-0.08653845838629283,-0.7576923096695771,-12.316765600984747,5.6138825,0.15119712
lat28_lon69,28,69,7,69,52.5,167.5,16,188172.9016548795,3345.2960294200802,3.0437500178813934,1.9500000104308128,-9.476635378460552,5.6620016,0.15010504
lat28_lon70,28,70,7,70,52.5,172.5,22,188172.9016548795,4599.78204045261,4.063636346296831,3.122727247801694,-4.6873054269333965,3.9223137,0.2031565
lat28_lon71,28,71,7,71,52.5,177.5,29,188172.9016548795,6063.349053323895,4.572413839142898,3.5137930902941474,-2.3129009681589463,3.0272577,0.24830791
lat29_lon1,29,1,6,1,57.5,-172.5,5,166083.49600152444,922.6860888973581,2.5399999618530273,1.8199999809265137,-7.346239371614142,4.500322,0.18180755
lat29_lon2,29,2,6,2,57.5,-167.5,17,166083.49600152444,3137.1327022510172,0.6235293991425458,0.14117646743269527,-6.422060413348338,3.21367,0.23732282
lat29_lon3,29,3,6,3,57.5,-162.5,246,166083.49600152444,45396.15557375001,2.0077235677801983,1.4032520350159667,-5.826982622676425,3.5594053,0.21932685
lat29_lon4,29,4,6,4,57.5,-157.5,534,166083.49600152444,98542.87429423784,2.2014981214975595,1.5968164759879926,-6.855210336107834,4.1342254,0.19477135
lat29_lon5,29,5,6,5,57.5,-152.5,312,166083.49600152444,57575.61194719514,3.335897431923793,2.599038469891709,-6.732448048771841,4.582469,0.17913221
lat29_lon6,29,6,6,6,57.5,-147.5,28,166083.49600152444,5167.042097825205,4.842857169253485,4.057142862251827,-2.173454358099022,3.1387599,0.24161829
lat29_lon7,29,7,6,7,57.5,-142.5,25,166083.49600152444,4613.430444486789,3.9440000009536744,3.3200000429153445,-4.0564233627379505,3.6332994,0.21582893
lat29_lon8,29,8,6,8,57.5,-137.5,319,166083.49600152444,58867.37247165144,1.3614420054661442,0.8194357358082709,-9.034969625357917,4.7782893,0.1730616
lat29_lon9,29,9,6,9,57.5,-132.5,857,166083.49600152444,158148.39563700717,1.5771295245445596,1.0043173870082636,-14.250212355288815,7.3297987,0.12005092
lat29_lon10,29,10,6,10,57.5,-127.5,900,166083.49600152444,166083.49600152444,-1.0134444434940815,-1.4897777739332783,-24.276671006944444,10.855859,0.08434648
lat29_lon11,29,11,6,11,57.5,-122.5,900,166083.49600152444,166083.49600152444,-0.05188888818025589,-0.6811111095299324,-30.21538549847073,14.073244,0.06634272
lat29_lon12,29,12,6,12,57.5,-117.5,900,166083.49600152444,166083.49600152444,0.548222224108047,-0.13433333453204896,-33.79339084201389,16.030334,0.058718752
lat29_lon13,29,13,6,13,57.5,-112.5,900,166083.49600152444,166083.49600152444,0.27711111021538576,-0.3686666635092762,-35.35789712905884,16.64838,0.056662425
lat29_lon14,29,14,6,14,57.5,-107.5,900,166083.49600152444,166083.49600152444,-0.9836666647841533,-1.6887777761618297,-34.67361099455092,15.718032,0.05981565
lat29_lon15,29,15,6,15,57.5,-102.5,900,166083.49600152444,166083.49600152444,-2.72255555006365,-3.4762222225715718,-33.71035937627157,14.43343,0.064794414
lat29_lon16,29,16,6,16,57.5,-97.5,900,166083.49600152444,166083.49600152444,-4.241777778863907,-5.07288888613383,-33.246212230258514,13.481197,0.069055066
lat29_lon17,29,17,6,17,57.5,-92.5,554,166083.49600152444,102233.61864982726,-4.023104692194005,-5.064801445936898,-35.19990366273007,14.45761,0.064693056
lat29_lon18,29,18,6,18,57.5,-87.5,236,166083.49600152444,43550.7833959553,-4.4127118597596375,-5.403389832731021,-38.46126460601396,15.822307,0.05944488
lat29_lon19,29,19,6,19,57.5,-82.5,56,166083.49600152444,10334.08419565041,-5.174999994891031,-6.048214316368103,-40.498116800761764,16.449522,0.05730816
lat29_lon20,29,20,6,20,57.5,-77.5,587,166083.49600152444,108323.34683654984,-5.313458246916685,-5.920954007306334,-39.492867027010234,15.9710655,0.05892382
lat29_lon21,29,21,6,21,57.5,-72.5,900,166083.49600152444,166083.49600152444,-5.487555557092031,-6.062555563714769,-35.31411306593153,13.926824,0.06699349
lat29_lon22,29,22,6,22,57.5,-67.5,758,166083.49600152444,139879.21107683948,-4.405936664515875,-4.934168862793251,-32.11453311902464,12.939249,0.071739875
lat29_lon23,29,23,6,23,57.5,-62.5,624,166083.49600152444,115151.22389439028,-4.608653852190727,-4.928044869731634,-26.86693249861173,10.418188,0.08757957
lat29_lon24,29,24,6,24,57.5,-57.5,26,166083.49600152444,4797.967662266262,-1.1192307678552775,-1.4615384569534888,-19.24458945315817,8.464847,0.10565411
lat29_lon27,29,27,6,27,57.5,-42.5,19,166083.49600152444,3506.2071378099604,0.4105263262202865,0.7684210531021419,-14.111868898073832,6.9318194,0.12607448
lat29_lon34,29,34,6,34,57.5,-7.5,251,166083.49600152444,46318.84166264738,8.852988047428815,8.764143404257725,-2.6417315632629452,5.397844,0.15630266
lat29_lon35,29,35,6,35,57.5,-2.5,395,166083.49600152444,72892.20102289128,7.969620265236384,7.7655696289448795,-7.340253982509198,7.169533,0.12240602
lat29_lon37,29,37,6,37,57.5,7.5,462,166083.49600152444,85256.19461411587,6.049134204785029,5.993506493087197,-10.720324838602984,7.89212,0.112459116
lat29_lon38,29,38,6,38,57.5,12.5,733,166083.49600152444,135265.7806323527,7.000954984480167,6.894952249722136,-16.5496146452373,11.076944,0.0828024
lat29_lon39,29,39,6,39,57.5,17.5,429,166083.49600152444,79166.46642739332,6.75174826064032,6.422843824177633,-17.516928340465878,11.363634,0.08088237
lat29_lon40,29,40,6,40,57.5,22.5,563,166083.49600152444,103894.45360984252,6.737655415204659,6.4309058511236,-17.145817064729396,11.187177,0.08205346
lat29_lon41,29,41,6,41,57.5,27.5,868,166083.49600152444,160178.30503258135,5.732488479482414,5.414746532242419,-17.097141609191894,10.687885,0.085558675
lat29_lon42,29,42,6,42,57.5,32.5,900,166083.49600152444,166083.49600152444,4.991888869868385,4.644111114607917,-15.61378477520413,9.632682,0.09404965
lat29_lon43,29,43,6,43,57.5,37.5,900,166083.49600152444,166083.49600152444,4.4336666676733225,4.022888886663649,-12.881153859032525,8.067206,0.110287555
lat29_lon44,29,44,6,44,57.5,42.5,900,166083.49600152444,166083.49600152444,4.0272222267256845,3.5031111073493957,-11.039495182037353,6.9822636,0.12527774
lat29_lon45,29,45,6,45,57.5,47.5,900,166083.49600152444,166083.49600152444,3.5217777733008067,3.317111110554801,-10.006278785599603,6.3294983,0.13643499
lat29_lon46,29,46,6,46,57.5,52.5,900,166083.49600152444,166083.49600152444,2.8320000007417465,2.9132222167650856,-9.39828997876909,5.784653,0.14739147
lat29_lon47,29,47,6,47,57.5,57.5,900,166083.49600152444,166083.49600152444,1.874333328091436,1.5851111101110775,-9.330025960074531,5.214952,0.16090229
lat29_lon48,29,48,6,48,57.5,62.5,900,166083.49600152444,166083.49600152444,2.1023333281609746,1.6418888900760147,-9.441722770267063,5.336704,0.15781075
lat29_lon49,29,49,6,49,57.5,67.5,900,166083.49600152444,166083.49600152444,1.4339999981555673,0.8982222218232022,-10.021564121246337,5.2784543,0.15927488
lat29_lon50,29,50,6,50,57.5,72.5,900,166083.49600152444,166083.49600152444,0.780222225346499,0.12111111204657289,-10.653795057932536,5.241605,0.1602152
lat29_lon51,29,51,6,51,57.5,77.5,900,166083.49600152444,166083.49600152444,0.326111111930675,-0.23144444259504476,-11.228129584524366,5.3201756,0.15822345
lat29_lon52,29,52,6,52,57.5,82.5,900,166083.49600152444,166083.49600152444,0.054555556318826144,-0.43444444419609174,-11.256257161564298,5.220528,0.16075805
lat29_lon53,29,53,6,53,57.5,87.5,900,166083.49600152444,166083.49600152444,-0.0044444448086950515,-0.5179999979668194,-11.09203140258789,5.1099954,0.16366625
lat29_lon54,29,54,6,54,57.5,92.5,900,166083.49600152444,166083.49600152444,-0.47977777798142696,-1.0145555536200603,-11.31023331006368,4.984261,0.167105
lat29_lon55,29,55,6,55,57.5,97.5,900,166083.49600152444,166083.49600152444,-1.0283333304027715,-1.7285555530587833,-12.022516080538432,5.0257998,0.16595307
lat29_lon56,29,56,6,56,57.5,102.5,900,166083.49600152444,166083.49600152444,-2.0402222190300625,-2.949777772095468,-13.445981370078194,5.1756797,0.1619255
lat29_lon57,29,57,6,57,57.5,107.5,900,166083.49600152444,166083.49600152444,-3.5538888829284243,-4.477333331373003,-15.287598805957371,5.3270226,0.15805222
lat29_lon58,29,58,6,58,57.5,112.5,900,166083.49600152444,166083.49600152444,-5.69466667731603,-6.598666673236423,-18.223935438791912,5.7052283,0.14913735
lat29_lon59,29,59,6,59,57.5,117.5,900,166083.49600152444,166083.49600152444,-6.399777793089549,-7.313444446457757,-19.313649717966715,5.8841386,0.14526145
lat29_lon60,29,60,6,60,57.5,122.5,900,166083.49600152444,166083.49600152444,-5.960777774386936,-6.753555562231276,-18.536333900027806,5.7504296,0.14813872
lat29_lon61,29,61,6,61,57.5,127.5,900,166083.49600152444,166083.49600152444,-6.939666678375668,-7.669777781168619,-19.489299786885578,5.7515936,0.14811318
lat29_lon62,29,62,6,62,57.5,132.5,900,166083.49600152444,166083.49600152444,-7.372444445292155,-8.086666673024496,-19.601133952670626,5.6039066,0.15142553
lat29_lon63,29,63,6,63,57.5,137.5,726,166083.49600152444,133974.0201078964,-7.245592301870509,-7.950275499630237,-18.917016530785325,5.3436165,0.15763879
lat29_lon64,29,64,6,64,57.5,142.5,217,166083.49600152444,40044.57625814534,-4.729493097226191,-5.114285704726997,-15.872380980855844,5.1645007,0.16221914
lat29_lon65,29,65,6,65,57.5,147.5,132,166083.49600152444,24358.91274689025,-4.055303027232488,-4.167424220027345,-15.351243114761306,5.2987275,0.15876223
lat29_lon66,29,66,6,66,57.5,152.5,167,166083.49600152444,30817.715369171758,-4.275449106793204,-4.275449095371955,-15.196299056888734,5.148138,0.16265087
lat29_lon67,29,67,6,67,57.5,157.5,484,166083.49600152444,89316.01340526425,-1.7809917369380224,-1.971074374115541,-14.457502868940246,5.9314694,0.14426956
lat29_lon68,29,68,6,68,57.5,162.5,539,166083.49600152444,99465.5603831352,-2.4059369195536027,-2.821706869496043,-16.17086271730035,6.393104,0.13526118
lat29_lon69,29,69,6,69,57.5,167.5,17,166083.49600152444,3137.1327022510172,1.176470571581055,0.5352940980125876,-12.193404854468579,6.1570597,0.13972218
lat30_lon0,30,0,5,0,62.5,-177.5,9,142730.094659641,1427.30094659641,-5.266666677263048,-5.533333354526096,-15.052364045240747,4.5514703,0.18013246
lat30_lon1,30,1,5,1,62.5,-172.5,115,142730.094659641,18237.734317620794,-4.22608696313008,-4.5826087029083915,-14.391996075312296,4.7104716,0.17511688
lat30_lon2,30,2,5,2,62.5,-167.5,153,142730.094659641,24264.116092138975,-1.758169933520501,-2.0895424837770027,-12.653103477689955,5.0596247,0.16502672
lat30_lon3,30,3,5,3,62.5,-162.5,751,142730.094659641,119100.33454376711,-1.4099866849743574,-1.8876165119750046,-11.005975040329828,4.415322,0.18466124
lat30_lon4,30,4,5,4,62.5,-157.5,900,142730.094659641,142730.094659641,-1.0555555556383398,-1.6634444454312325,-10.291165085368686,4.217735,0.19165404
lat30_lon5,30,5,5,5,62.5,-152.5,881,142730.094659641,139716.90377238192,-1.5460839892032467,-2.1207718501770265,-10.855780687332153,4.259644,0.19012694
lat30_lon6,30,6,5,6,62.5,-147.5,879,142730.094659641,139399.7257842494,-2.096814557816727,-2.822639362507238,-11.209971474033003,4.1355343,0.19472171
lat30_lon7,30,7,5,7,62.5,-142.5,898,142730.094659641,142412.91667150846,-4.232628063860874,-4.8874164785202465,-12.657630015479194,3.8265972,0.2071853
lat30_lon8,30,8,5,8,62.5,-137.5,900,142730.094659641,142730.094659641,-3.845000001912316,-4.52277777907749,-14.056439578268263,4.6621833,0.17661032
lat30_lon9,30,9,5,9,62.5,-132.5,900,142730.094659641,142730.094659641,-4.156000000660618,-4.860111114945677,-17.502093074586657,6.132189,0.1402094
lat30_lon10,30,10,5,10,62.5,-127.5,900,142730.094659641,142730.094659641,-5.309555563090576,-5.803222224911054,-21.217872267829048,7.3856444,0.119251415
lat30_lon11,30,11,5,11,62.5,-122.5,900,142730.094659641,142730.094659641,-3.5855555585357877,-4.141888887882232,-28.09636560228136,11.425635,0.08047878
lat30_lon12,30,12,5,12,62.5,-117.5,900,142730.094659641,142730.094659641,-3.8270000003443823,-4.4635555579927235,-30.62088689380222,12.483427,0.07416512
lat30_lon13,30,13,5,13,62.5,-112.5,900,142730.094659641,142730.094659641,-4.92033333407508,-5.579333334763845,-33.1130864100986,13.137618,0.07073327
lat30_lon14,30,14,5,14,62.5,-107.5,900,142730.094659641,142730.094659641,-6.898999996980032,-7.584888886345757,-36.69813960181342,13.888607,0.06716545
lat30_lon15,30,15,5,15,62.5,-102.5,900,142730.094659641,142730.094659641,-8.402444443172879,-9.156333328353034,-36.573770701090496,13.106011,0.07089176
lat30_lon16,30,16,5,16,62.5,-97.5,900,142730.094659641,142730.094659641,-9.621888890796237,-10.373555574417114,-33.00461271074083,10.849893,0.08438895
lat30_lon17,30,17,5,17,62.5,-92.5,561,142730.094659641,88968.42567117623,-10.38912654985506,-11.108377917352632,-35.659029367210415,11.746488,0.07845298
lat30_lon18,30,18,5,18,62.5,-87.5,203,142730.094659641,32193.565795452363,-10.404926088643192,-10.895073890686035,-40.56076173636908,14.101488,0.06621864
lat30_lon19,30,19,5,19,62.5,-82.5,266,142730.094659641,42184.672421627234,-9.927443576038332,-10.43909774507795,-39.42026219394423,13.784033,0.06764054
lat30_lon20,30,20,5,20,62.5,-77.5,449,142730.094659641,71206.45833575423,-8.540534546221284,-8.984855257854164,-37.50319250816722,13.549615,0.06873034
lat30_lon21,30,21,5,21,62.5,-72.5,657,142730.094659641,104192.96910153794,-8.635920867165112,-8.943835651856398,-34.50064296225298,12.120823,0.07621473
lat30_lon22,30,22,5,22,62.5,-67.5,549,142730.094659641,87065.357742381,-9.402367925383354,-9.59326046889814,-31.239692155907793,10.249516,0.08889272
lat30_lon23,30,23,5,23,62.5,-62.5,107,142730.094659641,16969.022365090652,-7.150467315566874,-7.362616833125319,-24.986280417590407,8.358328,0.1068567
lat30_lon25,30,25,5,25,62.5,-52.5,165,142730.094659641,26167.184020934183,-3.0799999991149614,-2.936969691514969,-15.854899825665775,6.0561395,0.14172055
lat30_lon26,30,26,5,26,62.5,-47.5,768,142730.094659641,121796.34744289366,-10.964453128302315,-11.000651050523933,-28.944106022611386,8.467171,0.10562818
lat30_lon27,30,27,5,27,62.5,-42.5,623,142730.094659641,98800.94330328482,-10.20690206616495,-10.237720674534671,-28.376625567306707,8.558035,0.10462402
lat30_lon31,30,31,5,31,62.5,-22.5,152,142730.094659641,24105.527098072704,3.529605260118842,2.813157887198031,-11.768851219584501,7.048964,0.1242396
lat30_lon32,30,32,5,32,62.5,-17.5,244,142730.094659641,38695.714552169346,0.141803291427796,-0.5454918020939241,-17.103355871392534,7.9723883,0.11145305
lat30_lon33,30,33,5,33,62.5,-12.5,29,142730.094659641,4599.080827921765,2.862068948303831,1.9896551884453872,-12.16503168597366,6.8874283,0.12678404
lat30_lon34,30,34,5,34,62.5,-7.5,34,142730.094659641,5392.025798253105,6.776470591040218,6.141176476198084,0.3560762123400516,2.88853,0.2571666
lat30_lon35,30,35,5,35,62.5,-2.5,30,142730.094659641,4757.669821988034,8.143333466847738,7.639999977747599,-5.376968491478126,6.258269,0.1377739
lat30_lon36,30,36,5,36,62.5,2.5,30,142730.094659641,4757.669821988034,7.906666771570841,7.499999984105428,-9.458562410191485,8.091899,0.10998803
lat30_lon37,30,37,5,37,62.5,7.5,605,142730.094659641,95946.34141009202,2.739504131157536,2.5742148739863033,-17.237614751761136,9.378588,0.09635222
lat30_lon38,30,38,5,38,62.5,12.5,890,142730.094659641,141144.20471897835,2.7144943823556553,2.475842694075925,-24.187171163708307,12.625692,0.07339077
lat30_lon39,30,39,5,39,62.5,17.5,692,142730.094659641,109743.5838938573,3.4767340969703446,3.1923410383435344,-26.088017154326643,13.870411,0.06724764
lat30_lon40,30,40,5,40,62.5,22.5,687,142730.094659641,108950.63892352597,4.209170301581747,3.959970887571443,-26.33960645251804,14.342456,0.06517861
lat30_lon41,30,41,5,41,62.5,27.5,887,142730.094659641,140668.4377367795,3.364487035298697,3.097632471241032,-26.018900131649442,13.788994,0.067617856
lat30_lon42,30,42,5,42,62.5,32.5,900,142730.094659641,142730.094659641,2.846555550628238,2.5533333256509567,-24.604514906141493,12.872003,0.072087646
lat30_lon43,30,43,5,43,62.5,37.5,854,142730.094659641,135435.0009325927,2.312412175557094,2.0125292646382396,-23.324848579830594,12.015461,0.0768317
lat30_lon44,30,44,5,44,62.5,42.5,899,142730.094659641,142571.50566557475,1.7802002215809765,1.439154608728358,-20.309329454633925,10.333657,0.08823277
lat30_lon45,30,45,5,45,62.5,47.5,900,142730.094659641,142730.094659641,1.0338888882183366,0.6621111062417427,-18.579189133114284,9.159323,0.09843176
lat30_lon46,30,46,5,46,62.5,52.5,900,142730.094659641,142730.094659641,0.33100000182787576,-0.20555555339488718,-17.64306760576036,8.349463,0.10695801
lat30_lon47,30,47,5,47,62.5,57.5,900,142730.094659641,142730.094659641,-1.1799999979800648,-1.816999998986721,-17.321923818588257,7.463765,0.118150726
lat30_lon48,30,48,5,48,62.5,62.5,900,142730.094659641,142730.094659641,-1.235999999485082,-1.9245555543651183,-17.575689824422202,7.5455475,0.11702
lat30_lon49,30,49,5,49,62.5,67.5,900,142730.094659641,142730.094659641,-1.7487777754498852,-2.4576666627575956,-18.40515044318305,7.69025,0.11507148
lat30_lon50,30,50,5,50,62.5,72.5,900,142730.094659641,142730.094659641,-2.604999999039703,-3.2221111105548013,-19.28604651874966,7.722177,0.11465027
lat30_lon51,30,51,5,51,62.5,77.5,900,142730.094659641,142730.094659641,-3.054777774877018,-3.614888889922036,-19.566291297276816,7.654999,0.11554017
lat30_lon52,30,52,5,52,62.5,82.5,900,142730.094659641,142730.094659641,-3.2552222214804756,-3.8456666639116075,-19.434865338007608,7.4918666,0.117759734
lat30_lon53,30,53,5,53,62.5,87.5,900,142730.094659641,142730.094659641,-3.579999996026357,-4.245555556880103,-19.093319531546697,7.1613326,0.122529
lat30_lon54,30,54,5,54,62.5,92.5,900,142730.094659641,142730.094659641,-5.408555555476083,-6.092111117309994,-19.788498646418255,6.6235356,0.13117273
lat30_lon55,30,55,5,55,62.5,97.5,900,142730.094659641,142730.094659641,-6.409888874424828,-7.1585555622312755,-21.176161276499432,6.7913065,0.12834817
lat30_lon56,30,56,5,56,62.5,102.5,900,142730.094659641,142730.094659641,-6.455555559264289,-7.274333338737488,-21.854071943495008,7.0738444,0.12385672
lat30_lon57,30,57,5,57,62.5,107.5,900,142730.094659641,142730.094659641,-6.507222213215298,-7.30044444931878,-21.994194518195258,7.1210313,0.12313708
lat30_lon58,30,58,5,58,62.5,112.5,900,142730.094659641,142730.094659641,-6.99588889280955,-7.69644444571601,-22.263766606648762,7.0380373,0.124408476
lat30_lon59,30,59,5,59,62.5,117.5,900,142730.094659641,142730.094659641,-6.852222220632765,-7.533444456524319,-21.76379549238417,6.8744454,0.12699308
lat30_lon60,30,60,5,60,62.5,122.5,900,142730.094659641,142730.094659641,-7.550888897048102,-8.209000011020237,-22.080862706502277,6.699766,0.12987408
lat30_lon61,30,61,5,61,62.5,127.5,900,142730.094659641,142730.094659641,-8.740000009536743,-9.404555571873983,-21.630542907714844,5.926236,0.14437856
lat30_lon62,30,62,5,62,62.5,132.5,900,142730.094659641,142730.094659641,-10.524555571344164,-11.095888879564074,-21.77492731306288,5.174072,0.16196766
lat30_lon63,30,63,5,63,62.5,137.5,900,142730.094659641,142730.094659641,-11.882333330578275,-12.41155556042989,-22.40774461534288,4.84181,0.17117982
lat30_lon64,30,64,5,64,62.5,142.5,900,142730.094659641,142730.094659641,-11.849555554389953,-12.215666666030884,-24.11210851881239,5.696291,0.1493364
lat30_lon65,30,65,5,65,62.5,147.5,900,142730.094659641,142730.094659641,-11.059444470935398,-11.473444446457757,-23.487986687554255,5.7637687,0.14784656
lat30_lon66,30,66,5,66,62.5,152.5,898,142730.094659641,142412.91667150846,-10.168708243986016,-10.563251672715015,-23.903491562737358,6.3836765,0.13543388
lat30_lon67,30,67,5,67,62.5,157.5,669,142730.094659641,106096.03703033314,-9.550373695000049,-9.970852022570167,-20.882952325484332,5.24593,0.16010426
lat30_lon68,30,68,5,68,62.5,162.5,793,142730.094659641,125761.07229455035,-7.0918032709617185,-7.4648171583611,-20.114916440116033,6.05315,0.14178061
lat30_lon69,30,69,5,69,62.5,167.5,854,142730.094659641,135435.0009325927,-6.169789226276395,-6.763817340414753,-19.406169632805717,6.1044946,0.14075597
lat30_lon70,30,70,5,70,62.5,172.5,726,142730.094659641,115135.6096921104,-6.432093671202331,-7.2508264555090385,-19.736925791860667,6.088163,0.14108028
lat30_lon71,30,71,5,71,62.5,177.5,408,142730.094659641,64704.30957903725,-5.406127442331875,-6.164705879548016,-18.08547133523247,5.8065658,0.14691697
lat31_lon0,31,0,4,0,67.5,-177.5,554,118290.43111461028,72814.3320416601,-8.264801454888355,-8.766967508336696,-23.765845144059924,7.191823,0.12207295
lat31_lon1,31,1,4,1,67.5,-172.5,315,118290.43111461028,41401.6508901136,-6.838412701137482,-7.20507937840053,-21.9181738726298,7.0238385,0.12462864
lat31_lon2,31,2,4,2,67.5,-167.5,183,118290.43111461028,24052.38765997076,-5.558469941707257,-5.809289624782208,-18.556248424318103,6.068957,0.1414636
lat31_lon3,31,3,4,3,67.5,-162.5,763,118290.43111461028,100283.9988227196,-7.396068173029788,-7.807863699186832,-16.717731377283734,4.3005004,0.18866143
lat31_lon4,31,4,4,4,67.5,-157.5,900,118290.43111461028,118290.43111461028,-7.524666679700216,-8.162444442643059,-16.37358926773071,4.029517,0.19882624
lat31_lon5,31,5,4,5,67.5,-152.5,900,118290.43111461028,118290.43111461028,-7.612888887458378,-8.28122221575843,-16.58878711912367,4.082878,0.19673893
lat31_lon6,31,6,4,6,67.5,-147.5,900,118290.43111461028,118290.43111461028,-7.332666672070821,-8.041666668521033,-17.089651992585924,4.441815,0.18376222
lat31_lon7,31,7,4,7,67.5,-142.5,883,118290.43111461028,116056.05630466765,-7.378708944450284,-8.074292182652353,-17.30235010464986,4.5230217,0.1810603
lat31_lon8,31,8,4,8,67.5,-137.5,788,118290.43111461028,103569.84413145878,-7.502791886704827,-8.13667512968712,-18.164004100530438,4.883198,0.1699756
lat31_lon9,31,9,4,9,67.5,-132.5,871,118290.43111461028,114478.85055647284,-7.059931118370608,-7.492652130455429,-18.356438535054526,5.2262177,0.16061115
lat31_lon10,31,10,4,10,67.5,-127.5,882,118290.43111461028,115924.62249231807,-7.642290243756474,-8.092970526407635,-21.496093730841363,6.427153,0.1346411
lat31_lon11,31,11,4,11,67.5,-122.5,861,118290.43111461028,113164.51243297718,-9.138211395405449,-9.602903597030906,-25.416142964767197,7.56634,0.11673597
lat31_lon12,31,12,4,12,67.5,-117.5,805,118290.43111461028,105804.21894140143,-9.471428576167325,-10.006956532282858,-28.213667214059033,8.711695,0.10296864
lat31_lon13,31,13,4,13,67.5,-112.5,856,118290.43111461028,112507.34337122933,-11.07266356566242,-11.67990653314323,-29.490058181541308,8.542513,0.1047942
lat31_lon14,31,14,4,14,67.5,-107.5,867,118290.43111461028,113953.11530707458,-12.31372546929664,-12.905651677713537,-30.652591393788654,8.508938,0.105164215
lat31_lon15,31,15,4,15,67.5,-102.5,768,118290.43111461028,100941.16788446745,-12.83307292064031,-13.40377602726221,-32.107083854675295,8.954371,0.100458376
lat31_lon16,31,16,4,16,67.5,-97.5,798,118290.43111461028,104884.18225495446,-12.911027583263273,-13.503634097880887,-32.72366194407145,9.203267,0.09800782
lat31_lon17,31,17,4,17,67.5,-92.5,860,118290.43111461028,113033.07862062761,-13.708139553735423,-14.292674420600713,-35.1377393468221,9.967092,0.091181874
lat31_lon18,31,18,4,18,67.5,-87.5,650,118290.43111461028,85431.97802721853,-12.825692288325383,-13.322923092475305,-38.588694765947864,12.02931,0.07675003
lat31_lon19,31,19,4,19,67.5,-82.5,559,118290.43111461028,73471.50110340794,-13.339355992503158,-13.812343484813711,-39.699635356590704,12.316384,0.07509546
lat31_lon20,31,20,4,20,67.5,-77.5,328,118290.43111461028,43110.29045065797,-11.501829252010438,-11.920426819382644,-38.014588559468585,12.400747,0.074622706
lat31_lon21,31,21,4,21,67.5,-72.5,775,118290.43111461028,101861.20457091441,-11.445806451612903,-11.810064518836237,-36.17668782128228,11.573348,0.07953331
lat31_lon22,31,22,4,22,67.5,-67.5,738,118290.43111461028,96998.15351398043,-11.63401083571478,-11.949729002588164,-31.291684299781362,9.193204,0.09810458
lat31_lon23,31,23,4,23,67.5,-62.5,283,118290.43111461028,37195.76889492746,-11.252296833604468,-11.277385196079214,-25.95862176044878,6.926722,0.12615556
lat31_lon25,31,25,4,25,67.5,-52.5,655,118290.43111461028,86089.14708896638,-5.589007634060984,-5.653740458634063,-23.408680503495074,8.385058,0.10655235
lat31_lon26,31,26,4,26,67.5,-47.5,900,118290.43111461028,118290.43111461028,-13.425444428126017,-13.664000016848247,-37.42831890741984,11.259256,0.08157101
lat31_lon27,31,27,4,27,67.5,-42.5,900,118290.43111461028,118290.43111461028,-18.443666679329343,-18.74677777316835,-43.52456058502197,11.752455,0.07841627
lat31_lon28,31,28,4,28,67.5,-37.5,806,118290.43111461028,105935.65275375098,-16.98883375799094,-17.38945407962089,-38.121257108392065,9.868848,0.09200607
lat31_lon29,31,29,4,29,67.5,-32.5,470,118290.43111461028,61773.89180429649,-13.85829785554967,-14.27787235696265,-30.513858400269818,7.7545037,0.11422693
lat31_lon30,31,30,4,30,67.5,-27.5,278,118290.43111461028,36538.59983317962,-12.58561149689791,-13.070503574481114,-26.076477518677713,6.248502,0.13795954
lat31_lon31,31,31,4,31,67.5,-22.5,224,118290.43111461028,29441.173966303002,-0.17053571133874357,-0.8495535750740341,-18.1424529933671,8.316618,0.10733509
lat31_lon32,31,32,4,32,67.5,-17.5,243,118290.43111461028,31938.416400944778,0.8395061734833835,-0.027983541535251916,-25.203409715747156,12.077473,0.07646737
lat31_lon33,31,33,4,33,67.5,-12.5,53,118290.43111461028,6965.99205452705,2.46792452852681,1.4867924441987614,-21.34063429098863,10.999502,0.08333679
lat31_lon38,31,38,4,38,67.5,12.5,344,118290.43111461028,45213.23144825104,3.5537790720632603,3.143313950794034,-20.212192170825595,11.107903,0.082590684
lat31_lon39,31,39,4,39,67.5,17.5,835,118290.43111461028,109747.23331188844,0.29736526596867396,-0.13988023976722877,-24.20611521932814,11.449384,0.08032526
lat31_lon40,31,40,4,40,67.5,22.5,858,118290.43111461028,112770.21099592847,0.23100233057162145,-0.17703962720287986,-29.157807763417562,13.75885,0.06775595
lat31_lon41,31,41,4,41,67.5,27.5,900,118290.43111461028,118290.43111461028,0.32866666741669176,-0.15422222447064188,-29.733955535888672,14.05922,0.0664045
lat31_lon42,31,42,4,42,67.5,32.5,835,118290.43111461028,109747.23331188844,0.48610778624961476,-0.04419161685391101,-26.89436990905691,12.7841215,0.07254724
lat31_lon43,31,43,4,43,67.5,37.5,509,118290.43111461028,66899.8104859296,0.0035363436330746573,-0.5333988240577852,-26.32274534963711,12.2857275,0.075268745
lat31_lon44,31,44,4,44,67.5,42.5,406,118290.43111461028,53362.1278139242,-0.12906403760678076,-0.5701970461700937,-28.18134766543677,13.121233,0.07081535
lat31_lon45,31,45,4,45,67.5,47.5,559,118290.43111461028,73471.50110340794,-1.142039355803581,-1.7431126985172467,-27.995201926761204,12.519433,0.0739676
lat31_lon46,31,46,4,46,67.5,52.5,665,118290.43111461028,87403.48521246205,-2.1278195427772695,-2.812481198633524,-27.409083875020347,11.759648,0.07837207
lat31_lon47,31,47,4,47,67.5,57.5,712,118290.43111461028,93580.8743928917,-3.5148876349577742,-4.160533705789052,-27.281058317820232,11.054443,0.08295696
lat31_lon48,31,48,4,48,67.5,62.5,851,118290.43111461028,111850.1743094815,-5.480611039945018,-6.050998821101654,-27.890924021402995,10.43248,0.087470084
lat31_lon49,31,49,4,49,67.5,67.5,814,118290.43111461028,106987.12325254754,-6.100737106595051,-6.539680593429678,-27.742133238050673,10.099982,0.09009024
lat31_lon50,31,50,4,50,67.5,72.5,754,118290.43111461028,99101.0945115735,-6.505702925613767,-6.849071636756472,-27.76093603769938,9.939869,0.091408774
lat31_lon51,31,51,4,51,67.5,77.5,886,118290.43111461028,116450.35774171635,-7.359367954542621,-7.685440203944394,-27.570951868693033,9.451914,0.09567626
lat31_lon52,31,52,4,52,67.5,82.5,900,118290.43111461028,118290.43111461028,-7.419666669103834,-7.772222228580051,-27.11753011279636,9.20369,0.09800377
lat31_lon53,31,53,4,53,67.5,87.5,900,118290.43111461028,118290.43111461028,-7.764555561807421,-8.174999999470181,-26.033136755625407,8.516798,0.105077356
lat31_lon54,31,54,4,54,67.5,92.5,900,118290.43111461028,118290.43111461028,-10.412111117574904,-10.80366665204366,-26.078768694135878,7.2947946,0.12055755
lat31_lon55,31,55,4,55,67.5,97.5,900,118290.43111461028,118290.43111461028,-11.722000006569756,-12.066444425582885,-26.793288436465794,7.0248947,0.12461223
lat31_lon56,31,56,4,56,67.5,102.5,900,118290.43111461028,118290.43111461028,-10.18922221713596,-10.519444445504083,-27.69020479626126,8.17332,0.10901179
lat31_lon57,31,57,4,57,67.5,107.5,900,118290.43111461028,118290.43111461028,-10.635222227308486,-10.892222208446926,-28.599200341966416,8.40838,0.10628823
lat31_lon58,31,58,4,58,67.5,112.5,900,118290.43111461028,118290.43111461028,-11.033777772055732,-11.258666664759318,-28.830228616926405,8.336826,0.107102774
lat31_lon59,31,59,4,59,67.5,117.5,900,118290.43111461028,118290.43111461028,-10.898888897365994,-11.134444423251681,-28.609761661953396,8.294022,0.10759605
lat31_lon60,31,60,4,60,67.5,122.5,900,118290.43111461028,118290.43111461028,-10.963222217559814,-11.1766666592492,-26.65676764594184,7.3482156,0.11978608
lat31_lon61,31,61,4,61,67.5,127.5,900,118290.43111461028,118290.43111461028,-13.273555548985799,-13.445222229427761,-26.06872088962131,5.9916463,0.14302783
lat31_lon62,31,62,4,62,67.5,132.5,900,118290.43111461028,118290.43111461028,-13.188666672176785,-13.196333335240682,-26.12473258972168,6.0963135,0.14091824
lat31_lon63,31,63,4,63,67.5,137.5,900,118290.43111461028,118290.43111461028,-13.827777764002482,-13.654777770572238,-26.41507891125149,5.9749045,0.14337113
lat31_lon64,31,64,4,64,67.5,142.5,900,118290.43111461028,118290.43111461028,-13.451555528640746,-13.5813333468967,-26.438481585184732,6.0917373,0.14100917
lat31_lon65,31,65,4,65,67.5,147.5,900,118290.43111461028,118290.43111461028,-12.555333330366347,-12.828111118740505,-26.84490258110894,6.6728024,0.13033047
lat31_lon66,31,66,4,66,67.5,152.5,900,118290.43111461028,118290.43111461028,-11.38488887892829,-11.717333335876464,-27.133552708095973,7.346887,0.119805135
lat31_lon67,31,67,4,67,67.5,157.5,900,118290.43111461028,118290.43111461028,-10.906777777141995,-11.392444452709622,-26.267695956759983,7.129491,0.12300894
lat31_lon68,31,68,4,68,67.5,162.5,857,118290.43111461028,112638.7771835789,-11.040956839936477,-11.703500595226311,-25.33704519483778,6.588632,0.13177605
lat31_lon69,31,69,4,69,67.5,167.5,837,118290.43111461028,110010.10093658757,-11.163440863861121,-11.967741928647495,-25.320018382602267,6.492208,0.133472
lat31_lon70,31,70,4,70,67.5,172.5,882,118290.43111461028,115924.62249231807,-10.147732437332742,-10.954988657482087,-24.42441093656752,6.548117,0.13248336
lat31_lon71,31,71,4,71,67.5,177.5,790,118290.43111461028,103832.71175615792,-9.96493670668783,-10.65075950320763,-23.99922713056023,6.460248,0.1340438
lat32_lon0,32,0,3,0,72.5,-177.5,72,92950.50596308213,7436.040477046571,-11.043055494626364,-11.588888857099745,-26.96640724346792,7.38105,0.119316794
lat32_lon3,32,3,3,3,72.5,-162.5,41,92950.50596308213,4234.411938318186,-9.802439038346453,-10.10243908951922,-23.93462041054205,6.5924015,0.13171063
lat32_lon4,32,4,3,4,72.5,-157.5,208,92950.50596308213,21481.89471146787,-10.913461497196785,-11.259615334180685,-22.770823509604842,5.509837,0.15361367
lat32_lon5,32,5,3,5,72.5,-152.5,149,92950.50596308213,15388.472653888044,-10.649664482014291,-11.003355621491503,-21.057228989797096,4.8249683,0.17167476
lat32_lon6,32,6,3,6,72.5,-147.5,77,92950.50596308213,7952.432176841471,-9.522077944371608,-9.946753241799094,-18.337032704353334,4.0590167,0.19766687
lat32_lon7,32,7,3,7,72.5,-142.5,13,92950.50596308213,1342.618419466742,-8.946153934185322,-9.446153934185322,-18.056729872249864,4.1819005,0.1929794
lat32_lon9,32,9,3,9,72.5,-132.5,7,92950.50596308213,722.948379712861,-9.942856924874443,-10.199999809265137,-21.715378996502658,5.4900146,0.15408286
lat32_lon10,32,10,3,10,72.5,-127.5,66,92950.50596308213,6816.3704372926895,-11.049999930641867,-11.213636340516986,-21.32000665773045,4.8032227,0.17231804
lat32_lon11,32,11,3,11,72.5,-122.5,562,92950.50596308213,58042.42705694684,-14.481316725978647,-14.622597858999123,-20.439002147797616,2.7757788,0.26484603
lat32_lon12,32,12,3,12,72.5,-117.5,598,92950.50596308213,61760.44729547013,-14.72775919700546,-15.101003369360066,-24.63940155596581,4.5869503,0.17898853
lat32_lon13,32,13,3,13,72.5,-112.5,625,92950.50596308213,64548.96247436259,-14.609120008850098,-15.03840000152588,-28.13185877855434,6.275945,0.13743919
lat32_lon14,32,14,3,14,72.5,-107.5,630,92950.50596308213,65065.35417415749,-15.008730179922921,-15.428571425543891,-29.588609077597177,6.7762313,0.12859699
lat32_lon15,32,15,3,15,72.5,-102.5,297,92950.50596308213,30673.666967817106,-14.769360253305146,-15.21717169148352,-31.879338610406016,7.9622703,0.11157887
lat32_lon16,32,16,3,16,72.5,-97.5,538,92950.50596308213,55563.74689793132,-15.995910788114186,-16.513940523991355,-33.51245622011484,8.138026,0.109432824
lat32_lon17,32,17,3,17,72.5,-92.5,510,92950.50596308213,52671.953379079874,-16.52176472719978,-17.043921605278463,-33.15428267750994,7.720514,0.11467214
lat32_lon18,32,18,3,18,72.5,-87.5,699,92950.50596308213,72191.55963132712,-16.18640915757426,-16.665808292929196,-34.02442280598824,8.298233,0.10754731
lat32_lon19,32,19,3,19,72.5,-82.5,760,92950.50596308213,78491.53836882491,-16.37342104284387,-16.779078945360684,-34.742794614477255,8.5653925,0.104543544
lat32_lon20,32,20,3,20,72.5,-77.5,609,92950.50596308213,62896.509035018906,-15.644334970045168,-16.08620686523237,-32.64710631408691,7.9130898,0.11219454
lat32_lon21,32,21,3,21,72.5,-72.5,299,92950.50596308213,30880.223647735063,-15.820066908131475,-16.276588608987357,-30.138021965247358,6.64456,0.13081197
lat32_lon22,32,22,3,22,72.5,-67.5,65,92950.50596308213,6713.092097333709,-12.99230773632343,-13.553846168518067,-23.017011772873055,4.599052,0.17860167
lat32_lon24,32,24,3,24,72.5,-57.5,244,92950.50596308213,25199.91494999116,-8.64590163113641,-9.30901638406222,-24.951507117935936,7.5351033,0.1171632
lat32_lon25,32,25,3,25,72.5,-52.5,864,92950.50596308213,89232.48572455885,-12.84490741568583,-13.329050926698578,-31.304175956064164,8.589943,0.104275905
lat32_lon26,32,26,3,26,72.5,-47.5,900,92950.50596308213,92950.50596308213,-19.97288887341817,-20.53266666730245,-43.98434460322062,11.189502,0.08203781
lat32_lon27,32,27,3,27,72.5,-42.5,900,92950.50596308213,92950.50596308213,-24.52811111662123,-25.131555550893147,-52.049432593451606,12.833807,0.07228668
lat32_lon28,32,28,3,28,72.5,-37.5,900,92950.50596308213,92950.50596308213,-26.518666689130995,-27.08577781253391,-53.36731447855632,12.525044,0.07393691
lat32_lon29,32,29,3,29,72.5,-32.5,900,92950.50596308213,92950.50596308213,-23.617999997668797,-24.13388888147142,-46.12161631266276,10.488825,0.0870411
lat32_lon30,32,30,3,30,72.5,-27.5,893,92950.50596308213,92227.55758336927,-16.181410994535064,-16.601679744805896,-34.45529622765227,8.517062,0.10507444
lat32_lon31,32,31,3,31,72.5,-22.5,650,92950.50596308213,67130.9209733371,-11.658307698323176,-12.103538452295156,-27.355368648358244,7.296988,0.12052567
lat32_lon32,32,32,3,32,72.5,-17.5,39,92950.50596308213,4027.855258400226,-9.47948719904973,-10.200000004890638,-24.992958972328587,7.149348,0.122709215
lat32_lon34,32,34,3,34,72.5,-7.5,13,92950.50596308213,1342.618419466742,-0.43076922457951766,-1.6999999926640437,-23.494598293304442,10.585922,0.086311646
lat32_lon39,32,39,3,39,72.5,17.5,25,92950.50596308213,2581.9584989745035,2.751999985873699,1.9439999890327453,-24.78966556770214,12.7970705,0.07247915
lat32_lon40,32,40,3,40,72.5,22.5,135,92950.50596308213,13942.57589446232,1.653333323476491,0.9370370325666887,-26.555852859977662,13.132361,0.07075958
lat32_lon41,32,41,3,41,72.5,27.5,191,92950.50596308213,19726.16293216521,0.31361256399391835,-0.4418848179163733,-26.339349070206065,12.390094,0.07468208
lat32_lon42,32,42,3,42,72.5,32.5,23,92950.50596308213,2375.4018190565434,0.7347826108984326,-0.1695652173265167,-27.06117967458872,12.895271,0.07196693
lat32_lon46,32,46,3,46,72.5,52.5,297,92950.50596308213,30673.666967817106,-5.496969695845839,-6.064309751144563,-32.34594480443445,12.5251465,0.07393635
lat32_lon47,32,47,3,47,72.5,57.5,396,92950.50596308213,40898.22262375614,-7.332828291738876,-7.857070725373547,-31.75762671023259,11.3924055,0.080694586
lat32_lon48,32,48,3,48,72.5,62.5,10,92950.50596308213,1032.7833995898015,-7.509999990463257,-8.07000012397766,-30.699239274918042,10.801938,0.08473185
lat32_lon49,32,49,3,49,72.5,67.5,258,92950.50596308213,26645.81170941688,-8.762790711351144,-8.886046511258266,-31.70225925554548,10.784835,0.08485482
lat32_lon50,32,50,3,50,72.5,72.5,444,92950.50596308213,45855.58294178719,-9.173423440606744,-9.302927934371674,-32.250163281758624,10.8480835,0.08440184
lat32_lon51,32,51,3,51,72.5,77.5,483,92950.50596308213,49883.43820018741,-9.73291924478598,-9.844099392308458,-32.34479052225749,10.63323,0.08596065
lat32_lon52,32,52,3,52,72.5,82.5,652,92950.50596308213,67337.47765325506,-10.752453966374778,-10.885736197781709,-31.965773739284938,9.968788,0.09116778
lat32_lon53,32,53,3,53,72.5,87.5,892,92950.50596308213,92124.2792434103,-11.043273536613704,-11.11760089643333,-31.33464962217543,9.547976,0.09480492
lat32_lon54,32,54,3,54,72.5,92.5,900,92950.50596308213,92950.50596308213,-11.853333356645372,-11.828444446987575,-30.73061716503567,8.904709,0.10096208
lat32_lon55,32,55,3,55,72.5,97.5,900,92950.50596308213,92950.50596308213,-12.41888887723287,-12.292777783075968,-30.96369493484497,8.771981,0.1023334
lat32_lon56,32,56,3,56,72.5,102.5,900,92950.50596308213,92950.50596308213,-12.747222231758965,-12.660666666030885,-31.564285424550373,8.890921,0.10110282
lat32_lon57,32,57,3,57,72.5,107.5,870,92950.50596308213,89852.15576431273,-13.356321828118686,-13.270000008330948,-31.94545604493883,8.783419,0.10221376
lat32_lon58,32,58,3,58,72.5,112.5,791,92950.50596308213,81693.1669075533,-13.32692793738827,-13.21605564821535,-32.138324911329484,8.894026,0.10107109
lat32_lon59,32,59,3,59,72.5,117.5,657,92950.50596308213,67853.86935304996,-13.09452053110712,-13.000608823070788,-32.238686917622886,9.046863,0.09953356
lat32_lon60,32,60,3,60,72.5,122.5,615,92950.50596308213,63516.179074772794,-13.309105691677187,-13.249756109036081,-31.764559523264566,8.714006,0.102944136
lat32_lon61,32,61,3,61,72.5,127.5,606,92950.50596308213,62586.67401514197,-13.553465331741686,-13.520462021969333,-31.06919398413764,8.264784,0.1079356
lat32_lon62,32,62,3,62,72.5,132.5,260,92950.50596308213,26852.368389334835,-13.151153839551485,-12.971153831481933,-30.801309288872613,8.363112,0.10680209
lat32_lon63,32,63,3,63,72.5,137.5,372,92950.50596308213,38419.54246474062,-13.090860189930085,-12.886827968781994,-30.599778508080377,8.302292,0.10750039
lat32_lon64,32,64,3,64,72.5,142.5,627,92950.50596308213,64755.519154280555,-13.203349256439452,-13.062998389893552,-30.66423607084486,8.2644205,0.10793983
lat32_lon65,32,65,3,65,72.5,147.5,473,92950.50596308213,48850.65480059761,-13.28646934057643,-13.123255810324284,-30.621028469933403,8.21033,0.10857374
lat32_lon66,32,66,3,66,72.5,152.5,231,92950.50596308213,23857.296530524414,-12.96277057350456,-13.00995667775472,-30.35271102693346,8.186597,0.108854234
lat32_lon67,32,67,3,67,72.5,157.5,194,92950.50596308213,20035.997952042148,-12.51340212772802,-12.886082408354454,-29.886812564002142,8.103491,0.10984797
lat32_lon68,32,68,3,68,72.5,162.5,15,92950.50596308213,1549.1750993847022,-12.133333333333333,-12.599999936421712,-29.36512882232666,8.015416,0.110921115
lat32_lon70,32,70,3,70,72.5,172.5,9,92950.50596308213,929.5050596308214,-11.477777693006727,-12.0,-28.424706535339354,7.8686585,0.11275663
lat32_lon71,32,71,3,71,72.5,177.5,24,92950.50596308213,2478.6801590155237,-11.30833331743876,-11.883333325386047,-27.906869091565095,7.6926785,0.11503934
lat33_lon11,33,11,2,11,77.5,-122.5,96,66903.17133612499,7136.338275853333,-15.156249980131784,-15.239583363135656,-26.798436384934647,5.468643,0.15459192
lat33_lon12,33,12,2,12,77.5,-117.5,349,66903.17133612499,25943.563107008467,-15.532664788145048,-15.745845300078734,-26.299782888624403,5.0261745,0.16594276
lat33_lon13,33,13,2,13,77.5,-112.5,424,66903.17133612499,31518.82738501888,-15.88537740257551,-16.153301889041686,-28.28761753467245,5.784356,0.14739792
lat33_lon14,33,14,2,14,77.5,-107.5,286,66903.17133612499,21260.341113479717,-15.185664340332671,-15.479720285722426,-31.77179053555364,7.750395,0.11428056
lat33_lon15,33,15,2,15,77.5,-102.5,458,66903.17133612499,34046.2805243836,-16.48973801666993,-16.791921419868302,-31.959462342899087,7.2223263,0.12162008
lat33_lon16,33,16,2,16,77.5,-97.5,519,66903.17133612499,38580.828803832075,-16.21194607030909,-16.607129091472295,-32.82672163707325,7.740816,0.114405796
lat33_lon17,33,17,2,17,77.5,-92.5,629,66903.17133612499,46757.88307824735,-18.949920519357267,-19.40063592549917,-34.180612254238,7.075975,0.12382405
lat33_lon18,33,18,2,18,77.5,-87.5,717,66903.17133612499,53299.52649777957,-18.48730820691735,-18.99818689753321,-33.906596518030355,7.151349,0.12267908
lat33_lon19,33,19,2,19,77.5,-82.5,823,66903.17133612499,61179.23334403429,-19.258809231031563,-19.87958688608496,-31.79443266511248,5.7686005,0.14774103
lat33_lon20,33,20,2,20,77.5,-77.5,524,66903.17133612499,38952.51308903277,-18.00553433767712,-18.69351147877351,-30.702901469694602,5.830208,0.14640842
lat33_lon21,33,21,2,21,77.5,-72.5,257,66903.17133612499,19104.57225931569,-14.971206242008432,-15.848638156044808,-29.489435075204582,6.6468053,0.13077356
lat33_lon22,33,22,2,22,77.5,-67.5,577,66903.17133612499,42892.36651216013,-15.119930682190576,-15.984922007423547,-32.0286495394823,7.7749896,0.113960244
lat33_lon23,33,23,2,23,77.5,-62.5,724,66903.17133612499,53819.88449706054,-17.27817677924646,-17.909668508814185,-36.50585553998477,8.918898,0.10081766
lat33_lon24,33,24,2,24,77.5,-57.5,873,66903.17133612499,64896.076196041235,-18.671821310211566,-19.290607119207394,-38.89906276967609,9.392761,0.09622082
lat33_lon25,33,25,2,25,77.5,-52.5,900,66903.17133612499,66903.17133612499,-22.067111103269788,-22.708111118740504,-45.1547651969062,10.735729,0.08520988
lat33_lon26,33,26,2,26,77.5,-47.5,900,66903.17133612499,66903.17133612499,-24.959111120435928,-25.646222231123183,-49.32851818508572,11.329369,0.081107154
lat33_lon27,33,27,2,27,77.5,-42.5,900,66903.17133612499,66903.17133612499,-26.49588894950019,-27.193222183651393,-50.79556738959418,11.294204,0.08133914
lat33_lon28,33,28,2,28,77.5,-37.5,900,66903.17133612499,66903.17133612499,-25.911555557250978,-26.579555536905925,-49.3764650132921,10.907425,0.083981216
lat33_lon29,33,29,2,29,77.5,-32.5,900,66903.17133612499,66903.17133612499,-23.77577778286404,-24.34677778032091,-46.79627493540446,10.719915,0.085324846
lat33_lon30,33,30,2,30,77.5,-27.5,900,66903.17133612499,66903.17133612499,-19.705333307054307,-20.200888896518283,-41.06220499674479,9.952979,0.09129936
lat33_lon31,33,31,2,31,77.5,-22.5,880,66903.17133612499,65416.4341953222,-15.008409096977928,-15.4735227227211,-31.46868920856052,7.6521783,0.11557784
lat33_lon32,33,32,2,32,77.5,-17.5,264,66903.17133612499,19624.93025859666,-12.704166676058914,-13.171212109652432,-27.41766329545241,6.8285875,0.12773697
lat33_lon38,33,38,2,38,77.5,12.5,307,66903.17133612499,22821.415111322633,-6.44918566650987,-7.1804560178265895,-27.349013328552246,9.684514,0.0935934
lat33_lon39,33,39,2,39,77.5,17.5,480,66903.17133612499,35681.69137926666,-7.763333327074846,-8.425833329558372,-30.4928838471821,10.562123,0.086489305
lat33_lon40,33,40,2,40,77.5,22.5,338,66903.17133612499,25125.857679566936,-7.518639076390915,-8.082840255026282,-32.76455742548527,11.77031,0.07830663
lat33_lon41,33,41,2,41,77.5,27.5,68,66903.17133612499,5054.906278729443,-8.295588240903967,-8.882352948188782,-34.33634073107546,12.139791,0.076104715
lat33_lon42,33,42,2,42,77.5,32.5,5,66903.17133612499,371.6842852006944,-7.820000171661377,-8.620000076293945,-34.587746728326856,12.434165,0.07443708
lat33_lon45,33,45,2,45,77.5,47.5,5,66903.17133612499,371.6842852006944,-9.820000076293946,-10.560000228881837,-35.18012756347656,11.784332,0.07822075
lat33_lon46,33,46,2,46,77.5,52.5,9,66903.17133612499,669.0317133612499,-10.255555576748318,-10.555555555555555,-36.835299007228166,12.4597025,0.07429585
lat33_lon47,33,47,2,47,77.5,57.5,120,66903.17133612499,8920.422844816665,-9.13666672706604,-9.560833271344503,-35.30945357808306,12.239218,0.07553317
lat33_lon48,33,48,2,48,77.5,62.5,185,66903.17133612499,13752.318552425691,-10.3345945848001,-10.611891911480878,-33.77379455013551,10.984569,0.08344063
lat33_lon49,33,49,2,49,77.5,67.5,136,66903.17133612499,10109.812557458887,-10.926470574210672,-11.156617634436664,-33.7071450496542,10.68508,0.085579224
lat33_lon51,33,51,2,51,77.5,77.5,16,66903.17133612499,1189.3897126422219,-12.243749976158142,-12.481250047683716,-34.14414415799654,10.268423,0.08874356
lat33_lon52,33,52,2,52,77.5,82.5,37,66903.17133612499,2750.4637104851386,-11.208108025628167,-11.370270290890256,-34.36908854930222,10.88017,0.08417388
lat33_lon53,33,53,2,53,77.5,87.5,66,66903.17133612499,4906.232564649165,-12.172727266947428,-12.159090952439742,-34.39190452475297,10.477436,0.08712747
lat33_lon54,33,54,2,54,77.5,92.5,317,66903.17133612499,23564.783681724024,-14.008517340530732,-13.95993694822871,-33.75627820968628,9.320656,0.096893065
lat33_lon55,33,55,2,55,77.5,97.5,551,66903.17133612499,40959.60822911652,-14.60054442930135,-14.602903835137397,-33.81394990321321,9.05673,0.099435896
lat33_lon56,33,56,2,56,77.5,102.5,657,66903.17133612499,48839.31507537124,-15.074429224615228,-15.15616437978759,-34.14158770307225,8.969142,0.100309536
lat33_lon57,33,57,2,57,77.5,107.5,434,66903.17133612499,32262.19595542027,-15.131797221399122,-15.16705069124424,-34.772557130054246,9.250444,0.09755675
lat33_lon58,33,58,2,58,77.5,112.5,232,66903.17133612499,17246.15083331222,-15.120689671615075,-15.024568985248434,-34.565112013100254,9.188929,0.098145746
lat33_lon63,33,63,2,63,77.5,137.5,142,66903.17133612499,10555.833699699719,-14.302112653221883,-14.49084510937543,-33.36442780781941,8.941909,0.100584306
lat33_lon64,33,64,2,64,77.5,142.5,174,66903.17133612499,12934.613124984164,-14.172988518901255,-14.362068943593695,-33.125766249560805,8.890194,0.10111025
lat33_lon65,33,65,2,65,77.5,147.5,83,66903.17133612499,6169.959134331526,-13.202409721282592,-13.406024048127323,-32.851109716627334,9.214869,0.09789651
lat33_lon66,33,66,2,66,77.5,152.5,16,66903.17133612499,1189.3897126422219,-13.337499856948853,-13.668749809265137,-32.552616270688866,8.981034,0.10019002
lat33_lon67,33,67,2,67,77.5,157.5,5,66903.17133612499,371.6842852006944,-13.660000038146972,-14.080000305175782,-32.02990869123136,8.56238,0.104576476
lat34_lon16,34,16,1,16,82.5,-97.5,63,40346.66317806058,2824.266422464241,-17.7904761026776,-18.24920630076575,-30.02440537556563,5.6621037,0.15010273
lat34_lon17,34,17,1,17,82.5,-92.5,259,40346.66317806058,11610.873070130769,-22.32046329837048,-22.693050215143035,-32.221946970621744,4.5823097,0.17913732
lat34_lon18,34,18,1,18,82.5,-87.5,368,40346.66317806058,16497.302277251438,-21.339130417160366,-21.806793451309204,-32.46664760836321,5.1388807,0.16289614
lat34_lon19,34,19,1,19,82.5,-82.5,470,40346.66317806058,21069.924104098307,-21.745106376485623,-22.287872314453125,-32.98949388899597,5.177468,0.16187863
lat34_lon20,34,20,1,20,82.5,-77.5,564,40346.66317806058,25283.908924917967,-21.76081560689507,-22.301595772411808,-33.01592762612889,5.182952,0.16173504
lat34_lon21,34,21,1,21,82.5,-72.5,586,40346.66317806058,26270.16069149278,-21.417918052282758,-21.93327646776271,-33.949611736690485,5.7898498,0.14727867
lat34_lon22,34,22,1,22,82.5,-67.5,483,40346.66317806058,21652.709238892512,-19.434782592899804,-19.97826085179489,-34.5191273527469,6.9862533,0.12521516
lat34_lon23,34,23,1,23,82.5,-62.5,415,40346.66317806058,18604.29468766127,-18.369156653622547,-18.991325291093574,-34.32676258087158,7.3802133,0.119328715
lat34_lon24,34,24,1,24,82.5,-57.5,408,40346.66317806058,18290.487307387462,-19.60416663861742,-20.243137280146282,-34.80773089417314,7.02127,0.12466854
lat34_lon25,34,25,1,25,82.5,-52.5,435,40346.66317806058,19500.887202729282,-19.685976988693763,-20.32850577255775,-36.84268686988137,7.940639,0.111848824
lat34_lon26,34,26,1,26,82.5,-47.5,535,40346.66317806058,23983.849778069347,-19.753458001680464,-20.449906518526166,-36.938498788457665,7.9420424,0.11183128
lat34_lon27,34,27,1,27,82.5,-42.5,613,40346.66317806058,27480.560586834596,-21.523001666170156,-22.15970637086554,-38.208693029029575,7.720015,0.11467871
lat34_lon28,34,28,1,28,82.5,-37.5,653,40346.66317806058,29273.74561697062,-22.28070442526848,-22.900306275208546,-37.98191778921667,7.2599893,0.12106554
lat34_lon29,34,29,1,29,82.5,-32.5,660,40346.66317806058,29587.552997244424,-21.944545433738014,-22.579848462885078,-37.00402414205234,6.954202,0.12571971
lat34_lon30,34,30,1,30,82.5,-27.5,601,40346.66317806058,26942.60507779379,-21.061231292623052,-21.710815343999624,-35.44042223646989,6.6306124,0.13105108
lat34_lon31,34,31,1,31,82.5,-22.5,427,40346.66317806058,19142.250196702076,-18.934192027643636,-19.508196721311474,-32.35896282844339,6.197635,0.13893452
lat34_lon32,34,32,1,32,82.5,-17.5,308,40346.66317806058,13807.524732047399,-17.15941559494316,-17.65422077922078,-29.9472601210501,5.9150715,0.14461167
lat34_lon33,34,33,1,33,82.5,-12.5,78,40346.66317806058,3496.7108087652505,-14.324358940124512,-14.951282097743107,-30.735296445827547,7.5927377,0.11637735
lat34_lon39,34,39,1,39,82.5,17.5,45,40346.66317806058,2017.3331589030292,-7.580000008477105,-8.19777773751153,-27.3128770609371,9.160028,0.09842492
lat34_lon40,34,40,1,40,82.5,22.5,95,40346.66317806058,4258.814446573061,-8.78631578244661,-9.281052649648567,-29.356666366259258,9.582475,0.094495855
lat34_lon41,34,41,1,41,82.5,27.5,33,40346.66317806058,1479.3776498622215,-8.960606025926994,-9.521212086533055,-30.894615969211934,10.21022,0.08920431
lat34_lon42,34,42,1,42,82.5,32.5,20,40346.66317806058,896.592515068013,-9.420000028610229,-9.785000038146972,-31.40963536556636,10.281062,0.08864413
lat34_lon43,34,43,1,43,82.5,37.5,5,40346.66317806058,224.14812876700324,-9.600000190734864,-10.339999961853028,-31.65007541490638,10.224549,0.08909044
lat34_lon45,34,45,1,45,82.5,47.5,119,40346.66317806058,5334.725464654676,-10.54705879467876,-11.044537856799213,-32.847128415511825,10.39708,0.08774177
lat34_lon46,34,46,1,46,82.5,52.5,127,40346.66317806058,5693.362470681882,-10.798425186337449,-11.432283431526244,-33.3903676259149,10.50373,0.08692833
lat34_lon47,34,47,1,47,82.5,57.5,267,40346.66317806058,11969.510076157974,-11.348689147149132,-11.82097377134173,-32.798003732976944,10.001843,0.09089386
lat34_lon48,34,48,1,48,82.5,62.5,143,40346.66317806058,6410.636482736292,-12.183216801890126,-12.528671324669897,-31.808803176879884,9.17125,0.09831633
lat34_lon49,34,49,1,49,82.5,67.5,8,40346.66317806058,358.6370060272052,-12.300000071525574,-12.537499904632568,-32.12998714447021,9.292472,0.09715839
lat34_lon51,34,51,1,51,82.5,77.5,12,40346.66317806058,537.9555090408078,-13.258333524068197,-13.433333237965902,-34.85744960491474,10.140924,0.089759156
lat34_lon54,34,54,1,54,82.5,92.5,144,40346.66317806058,6455.466108489693,-16.02222224076589,-15.955555571450127,-32.29363229677275,7.6861777,0.11512543
lat34_lon55,34,55,1,55,82.5,97.5,131,40346.66317806058,5872.680973695485,-15.81526717702851,-15.722900791022614,-33.382237915444165,8.303006,0.107492134
