grid_cell_id,row,col,longitude,latitude,delta_t_lgm_c,delta_t_mh_c,observed_species_richness,gbif_occurrence_count
113_1249,113,1249,28.250010861083865,71.08334016986191,24.099958,1.1999999,2,2
116_1228,116,1228,24.75001067854464,70.58334014378488,21.000042,1.1000211,1,1
122_1260,122,1260,30.083344290032983,69.58334009163082,21.599987,1.2999853,4,8
123_1190,123,1190,18.416677014902234,69.4166734162718,18.200096,0.8000883,1,1
124_1199,124,1199,19.91667709313333,69.2500067409128,19.000235,0.90021414,1,1
125_1199,125,1199,19.91667709313333,69.08334006555378,19.299866,0.8998699,1,1
127_1182,127,1182,17.08334361203015,68.75000671483576,17.300014,0.7000272,1,1
136_1166,136,1166,14.416676806285977,67.25000663660467,18.999989,0.70002174,10,10
137_1175,137,1175,15.916676884517074,67.08333996124566,18.800032,0.7000419,1,1
137_1244,137,1244,27.41667748428881,67.08333996124566,25.199982,1.100004,1,1
138_1168,138,1168,14.750010157003999,66.91667328588665,19.0001,0.8000988,1,1
140_1234,140,1234,25.750010730698705,66.58333993516862,26.300009,1.1000118,2,3
141_1163,141,1163,13.916676780208945,66.41667325980961,19.300085,0.7000866,1,1
141_1164,141,1164,14.083343455567956,66.41667325980961,19.20013,0.7001302,1,1
141_1165,141,1165,14.250010130926967,66.41667325980961,19.200222,0.700227,1,4
141_1167,141,1167,14.583343481644988,66.41667325980961,19.100094,0.7000996,1,1
142_1159,142,1159,13.250010078772902,66.2500065844506,19.300001,0.7000036,1,1
142_1164,142,1164,14.083343455567956,66.2500065844506,19.000015,0.69999456,1,1
143_1162,143,1162,13.750010104849935,66.08333990909159,19.200047,0.70004106,1,1
144_1255,144,1255,29.25001091323793,65.91667323373258,24.600008,1.0000184,13,13
145_1227,145,1227,24.58334400318563,65.75000655837357,27.599998,1.0000079,10,10
146_1156,146,1156,12.75001005269587,65.58333988301456,19.600088,0.6000922,1,1
148_1209,148,1209,21.583343846723437,65.25000653229654,26.100018,0.9000079,1,1
149_1159,149,1159,13.250010078772902,65.08333985693753,19.400072,0.7000661,1,1
149_1232,149,1232,25.416677379980683,65.08333985693753,27.300007,1.0000143,21,21
150_193,150,193,-147.74999831803143,64.91667318157852,6.6000304,1.6000223,1,1
150_1231,150,1231,25.250010704621673,64.91667318157852,27.200012,0.9000118,1,1
150_1232,150,1232,25.416677379980683,64.91667318157852,27.200024,0.900035,10,10
150_1233,150,1233,25.583344055339694,64.91667318157852,27.10002,1.0000143,14,20
151_1147,151,1147,11.250009974464774,64.7500065062195,19.799995,0.6000023,4,5
151_1226,151,1226,24.41667732782662,64.7500065062195,27.40001,1.0,7,8
151_1231,151,1231,25.250010704621673,64.7500065062195,27.099995,0.8999959,15,21
151_1232,151,1232,25.416677379980683,64.7500065062195,27.100004,0.99999607,28,38
151_1233,151,1233,25.583344055339694,64.7500065062195,27.000008,0.90001404,3,3
152_1154,152,1154,12.416676701977849,64.5833398308605,19.100023,0.7000196,1,1
152_1227,152,1227,24.58334400318563,64.5833398308605,27.300014,1.0000024,4,4
154_1145,154,1145,10.916676623746753,64.25000648014247,19.399988,0.59997463,1,1
154_1223,154,1223,23.916677301749587,64.25000648014247,27.300001,0.9000064,1,1
154_1228,154,1228,24.75001067854464,64.25000648014247,27.000015,0.9000076,3,3
154_1229,154,1229,24.91667735390365,64.25000648014247,27.000011,0.90001404,12,12
154_1230,154,1230,25.083344029262662,64.25000648014247,26.900013,0.9000102,1,1
154_1246,154,1246,27.750010835006833,64.25000648014247,25.700003,0.9000039,1,1
154_1253,154,1253,28.916677562519908,64.25000648014247,25.100006,1.0000012,6,7
155_1227,155,1227,24.58334400318563,64.08333980478346,27.099995,0.9000001,3,3
155_1228,155,1228,24.75001067854464,64.08333980478346,27.000004,0.90001035,1,1
155_1249,155,1249,28.250010861083865,64.08333980478346,25.499989,0.90000516,10,10
157_1147,157,1147,11.250009974464774,63.75000645406544,18.70002,0.7000065,5,5
158_1224,158,1224,24.083343977108598,63.58333977870643,27.299995,0.9000037,1,1
158_1243,158,1243,27.2500108089298,63.58333977870643,25.90001,0.9000218,17,17
159_1146,159,1146,11.083343299105763,63.41667310334742,18.90001,0.70001054,1,1
160_1134,160,1134,9.083343194797635,63.25000642798841,18.100044,0.60002995,5,5
160_1244,160,1244,27.41667748428881,63.25000642798841,25.60001,0.80001414,12,12
160_1532,160,1532,75.41667998768389,63.25000642798841,14.600019,1.9000158,1,1
161_1126,161,1126,7.7500097919255495,63.0833397526294,17.299988,0.5,3,3
161_1147,161,1147,11.250009974464774,63.0833397526294,19.299969,0.59997904,1,1
161_1209,161,1209,21.583343846723437,63.0833397526294,27.50001,0.9000101,13,18
161_1213,161,1213,22.25001054815948,63.0833397526294,27.400007,0.90001035,13,13
162_400,162,400,-113.24999651871622,62.91667307727039,21.699997,1.7000093,1,1
162_1122,162,1122,7.083343090489507,62.91667307727039,17.50002,0.5000315,5,5
162_1207,162,1207,21.250010496005416,62.91667307727039,27.6,0.80000377,1,1
162_1217,162,1217,22.916677249595523,62.91667307727039,27.300009,0.90000653,2,2
162_1245,162,1245,27.583344159647822,62.91667307727039,25.499998,0.8000114,20,20
162_1246,162,1246,27.750010835006833,62.91667307727039,25.30002,0.8000181,16,16
162_1248,162,1248,28.083344185724854,62.91667307727039,25.20002,0.9000143,1,1
163_1122,163,1122,7.083343090489507,62.75000640191138,17.000027,0.49999475,2,2
163_1207,163,1207,21.250010496005416,62.75000640191138,27.699997,0.79999995,3,3
163_1217,163,1217,22.916677249595523,62.75000640191138,27.10001,0.8000066,12,12
164_1185,164,1185,17.58334363810718,62.58333972655237,26.499996,0.69999075,25,25
164_1224,164,1224,24.083343977108598,62.58333972655237,26.600006,0.8000102,4,4
164_1245,164,1245,27.583344159647822,62.58333972655237,25.399996,0.8000076,1,1
164_1248,164,1248,28.083344185724854,62.58333972655237,25.099998,0.79999995,4,4
164_1258,164,1258,29.75001093931496,62.58333972655237,24.400013,1.0000169,1,3
165_1119,165,1119,6.583343064412475,62.41667305119336,16.900047,0.7000394,6,6
165_1124,165,1124,7.416676441207528,62.41667305119336,17.39991,0.59990275,1,1
165_1125,165,1125,7.583343116566539,62.41667305119336,17.59997,0.59997475,1,2
165_1213,165,1213,22.25001054815948,62.41667305119336,27.300003,0.8000102,1,1
165_1226,165,1226,24.41667732782662,62.41667305119336,26.300014,0.7000115,1,2
165_1227,165,1227,24.58334400318563,62.41667305119336,26.299997,0.7000052,1,1
166_1114,166,1114,5.750009687617421,62.250006375834346,15.899992,0.5999942,27,27
166_1128,166,1128,8.083343142643571,62.250006375834346,17.700022,0.7000079,1,2
166_1224,166,1224,24.083343977108598,62.250006375834346,26.400017,0.70002174,1,2
166_1226,166,1226,24.41667732782662,62.250006375834346,26.3,0.8000014,1,1
166_1227,166,1227,24.58334400318563,62.250006375834346,26.100014,0.7000052,10,10
166_1228,166,1228,24.75001067854464,62.250006375834346,26.20002,0.8000245,1,1
166_1229,166,1229,24.91667735390365,62.250006375834346,26.099998,0.79999495,1,1
166_1234,166,1234,25.750010730698705,62.250006375834346,25.800007,0.8000088,80,81
167_1124,167,1124,7.416676441207528,62.083339700475335,16.999985,0.6999705,1,3
167_1207,167,1207,21.250010496005416,62.083339700475335,27.60001,0.80000997,1,2
167_1227,167,1227,24.58334400318563,62.083339700475335,26.100016,0.8000114,1,1
167_1233,167,1233,25.583344055339694,62.083339700475335,25.700005,0.80000234,3,3
167_1234,167,1234,25.750010730698705,62.083339700475335,25.600021,0.70002437,3,5
168_1218,168,1218,23.083343924954534,61.916673025116324,26.500017,0.8000102,8,8
170_1146,170,1146,11.083343299105763,61.5833396743983,21.100018,0.6000223,1,1
170_1222,170,1222,23.750010626390576,61.5833396743983,26.000021,0.7000239,11,16
170_1226,170,1226,24.41667732782662,61.5833396743983,25.700016,0.7000115,1,1
171_1210,171,1210,21.750010522082448,61.41667299903929,27.0,0.6999972,9,9
171_1217,171,1217,22.916677249595523,61.41667299903929,26.200006,0.6999972,18,18
171_1221,171,1221,23.583343951031566,61.41667299903929,26.00001,0.7000179,1,1
171_1223,171,1223,23.916677301749587,61.41667299903929,25.8,0.700001,1,1
171_1358,171,1358,46.41667847521603,61.41667299903929,17.100012,1.2000108,9,13
172_1209,172,1209,21.583343846723437,61.25000632368028,27.100008,0.70001006,19,19
172_1222,172,1222,23.750010626390576,61.25000632368028,25.700014,0.7000115,29,46
172_1224,172,1224,24.083343977108598,61.25000632368028,25.600006,0.7000103,1,2
172_1252,172,1252,28.750010887160897,61.25000632368028,24.80001,0.80001783,3,4
172_1361,172,1361,46.91667850129306,61.25000632368028,16.600021,1.2000109,6,6
173_1208,173,1208,21.416677171364427,61.08333964832127,27.100004,0.6000099,3,3
173_1209,173,1209,21.583343846723437,61.08333964832127,26.999998,0.60000396,5,7
173_1211,173,1211,21.91667719744146,61.08333964832127,26.7,0.70000386,3,4
173_1223,173,1223,23.916677301749587,61.08333964832127,25.600004,0.7000065,2,3
173_1224,173,1224,24.083343977108598,61.08333964832127,25.49999,0.6999936,2,3
173_1229,173,1229,24.91667735390365,61.08333964832127,25.300005,0.79999614,9,10
173_1248,173,1248,28.083344185724854,61.08333964832127,24.999998,0.70000386,17,17
173_1494,173,1494,69.08334632404149,61.08333964832127,13.400019,1.5000153,4,5
174_1208,174,1208,21.416677171364427,60.91667297296226,27.099998,0.6000037,15,15
174_1209,174,1209,21.583343846723437,60.91667297296226,26.999994,0.60000753,16,16
174_1212,174,1212,22.08334387280047,60.91667297296226,26.500002,0.60000753,3,3
174_1239,174,1239,26.583344107493758,60.91667297296226,25.100006,0.70000744,1,1
174_1240,174,1240,26.75001078285277,60.91667297296226,25.100006,0.70000744,1,3
175_1147,175,1147,11.250009974464774,60.75000629760325,22.400103,0.7001078,1,1
175_1183,175,1183,17.25001028738916,60.75000629760325,26.700012,0.5999975,1,1
175_1232,175,1232,25.416677379980683,60.75000629760325,25.300003,0.8000009,1,1
175_1233,175,1233,25.583344055339694,60.75000629760325,25.300007,0.8000014,3,3
175_1241,175,1241,26.91667745821178,60.75000629760325,25.000008,0.6000142,14,14
176_1127,176,1127,7.91667646728456,60.58333962224424,18.299921,0.49991655,3,3
176_1131,176,1131,8.583343168720603,60.58333962224424,19.40005,0.50004035,1,1
176_1134,176,1134,9.083343194797635,60.58333962224424,20.30014,0.6001281,2,2
176_1207,176,1207,21.250010496005416,60.58333962224424,27.0,0.599998,1,1
176_1208,176,1208,21.416677171364427,60.58333962224424,26.900002,0.5000038,2,2
176_1211,176,1211,21.91667719744146,60.58333962224424,26.600002,0.60000753,1,1
176_1212,176,1212,22.08334387280047,60.58333962224424,26.500002,0.60001135,1,1
176_1213,176,1213,22.25001054815948,60.58333962224424,26.400005,0.60002136,18,18
176_1232,176,1232,25.416677379980683,60.58333962224424,25.300001,0.70000505,8,8
176_1233,176,1233,25.583344055339694,60.58333962224424,25.300001,0.70001125,1,1
176_1243,176,1243,27.2500108089298,60.58333962224424,24.90002,0.7000177,2,2
177_1111,177,1111,5.250009661540389,60.41667294688523,18.100048,0.4000616,9,10
177_1112,177,1112,5.4166763368994,60.41667294688523,18.000008,0.50002193,13,23
177_1116,177,1116,6.0833430383354425,60.41667294688523,17.399906,0.49997878,13,13
177_1135,177,1135,9.250009870156646,60.41667294688523,20.700026,0.6000123,2,2
177_1212,177,1212,22.08334387280047,60.41667294688523,26.59999,0.60000753,5,5
177_1213,177,1213,22.25001054815948,60.41667294688523,26.40001,0.60001373,23,56
177_1214,177,1214,22.41667722351849,60.41667294688523,26.300005,0.60001373,1,1
177_1217,177,1217,22.916677249595523,60.41667294688523,26.000008,0.600008,5,5
177_1218,177,1218,23.083343924954534,60.41667294688523,26.000004,0.6000118,32,69
177_1219,177,1219,23.250010600313544,60.41667294688523,25.900013,0.6000242,14,14
177_1230,177,1230,25.083344029262662,60.41667294688523,25.400003,0.8000076,12,12
177_1232,177,1232,25.416677379980683,60.41667294688523,25.399998,0.700001,4,4
177_1233,177,1233,25.583344055339694,60.41667294688523,25.300005,0.60000753,3,3
178_1110,178,1110,5.083342986181378,60.25000627152622,18.299976,0.39999056,1,1
178_1111,178,1111,5.250009661540389,60.25000627152622,18.200048,0.40005207,8,8
178_1206,178,1206,21.083343820646405,60.25000627152622,26.899998,0.49999762,26,26
178_1207,178,1207,21.250010496005416,60.25000627152622,26.900007,0.5000038,1,1
178_1211,178,1211,21.91667719744146,60.25000627152622,26.699986,0.5000038,2,2
178_1213,178,1213,22.25001054815948,60.25000627152622,26.499989,0.5000038,33,290
178_1224,178,1224,24.083343977108598,60.25000627152622,25.7,0.6000142,2,2
178_1227,178,1227,24.58334400318563,60.25000627152622,25.69999,0.80000496,30,34
178_1229,178,1229,24.91667735390365,60.25000627152622,25.500013,0.7000246,39,75
178_1230,178,1230,25.083344029262662,60.25000627152622,25.500004,0.8000078,41,62
178_1234,178,1234,25.750010730698705,60.25000627152622,25.200008,0.59999704,3,3
178_1439,178,1439,59.9166791792959,60.25000627152622,12.200007,1.1999924,3,3
179_1141,179,1141,10.25000992231071,60.08333959616721,22.70015,0.5001545,1,1
179_1146,179,1146,11.083343299105763,60.08333959616721,23.400013,0.6000228,1,1
179_1147,179,1147,11.250009974464774,60.08333959616721,23.500011,0.6000252,12,12
179_1217,179,1217,22.916677249595523,60.08333959616721,26.300003,0.60001373,1,1
179_1226,179,1226,24.41667732782662,60.08333959616721,25.799992,0.7000046,37,43
179_1228,179,1228,24.75001067854464,60.08333959616721,25.600006,0.80000067,6,6
179_1229,179,1229,24.91667735390365,60.08333959616721,25.600006,0.7000241,11,11
179_1230,179,1230,25.083344029262662,60.08333959616721,25.400017,0.70001125,1,1
179_1261,179,1261,30.250010965391994,60.08333959616721,23.40001,1.0000148,8,30
179_1439,179,1439,59.9166791792959,60.08333959616721,12.10003,1.2000263,1,1
180_1132,180,1132,8.750009844079614,59.916672920808196,20.200014,0.5999983,1,2
180_1136,180,1136,9.416676545515656,59.916672920808196,21.700026,0.50002027,1,1
180_1144,180,1144,10.750009948387742,59.916672920808196,23.200104,0.6000862,14,15
180_1145,180,1145,10.916676623746753,59.916672920808196,23.500015,0.6000166,17,30
180_1146,180,1146,11.083343299105763,59.916672920808196,23.600012,0.60001326,13,22
180_1148,180,1148,11.416676649823785,59.916672920808196,23.799992,0.5999961,1,1
180_1185,180,1185,17.58334363810718,59.916672920808196,26.300013,0.50000143,1,1
180_1192,180,1192,18.750010365620255,59.916672920808196,26.700008,0.60001373,1,1
180_1220,180,1220,23.416677275672555,59.916672920808196,26.3,0.7000079,4,4
180_1269,180,1269,31.58334436826408,59.916672920808196,22.399996,0.80000687,18,49
181_1132,181,1132,8.750009844079614,59.750006245449185,20.499954,0.5999415,1,1
181_1179,181,1179,16.583343585953116,59.750006245449185,26.000008,0.50001144,1,1
182_1135,182,1135,9.250009870156646,59.583339570090175,22.000164,0.5001631,5,5
182_1144,182,1144,10.750009948387742,59.583339570090175,23.90002,0.5000329,3,6
182_1178,182,1178,16.416676910594106,59.583339570090175,25.80002,0.5000148,1,1
182_1179,182,1179,16.583343585953116,59.583339570090175,25.90002,0.50001144,1,1
182_1260,182,1260,30.083344290032983,59.583339570090175,23.59998,0.79998994,22,23
183_1112,183,1112,5.4166763368994,59.416672894731164,19.300003,0.40000153,1,1
183_1113,183,1113,5.5833430122584105,59.416672894731164,19.500065,0.40007496,1,1
183_1115,183,1115,5.916676362976432,59.416672894731164,19.50001,0.50000334,6,6
183_1116,183,1116,6.0833430383354425,59.416672894731164,19.700115,0.40013075,3,3
183_1136,183,1136,9.416676545515656,59.416672894731164,22.500013,0.49999785,1,1
183_1142,183,1142,10.41667659766972,59.416672894731164,23.90001,0.50002384,15,15
183_1193,183,1193,18.916677040979266,59.416672894731164,26.50002,0.50001144,1,1
184_1112,184,1112,5.4166763368994,59.25000621937215,19.500011,0.50001526,1,1
184_1142,184,1142,10.41667659766972,59.25000621937215,23.9,0.40001488,3,3
184_1145,184,1145,10.916676623746753,59.25000621937215,24.100027,0.4000268,9,9
184_1146,184,1146,11.083343299105763,59.25000621937215,24.20005,0.50005007,10,10
184_1171,184,1171,15.25001018308103,59.25000621937215,25.200008,0.40000772,1,1
184_1188,184,1188,18.083343664184213,59.25000621937215,26.400005,0.5000062,2,2
185_1113,185,1113,5.5833430122584105,59.08333954401314,19.600025,0.3000188,6,8
185_1140,185,1140,10.0833432469517,59.08333954401314,23.70001,0.4000106,11,11
185_1146,185,1146,11.083343299105763,59.08333954401314,24.100035,0.40002918,5,5
185_1307,185,1307,37.916678031906486,59.08333954401314,17.900015,0.7000036,15,19
186_1136,186,1136,9.416676545515656,58.91667286865413,22.800013,0.30001307,1,1
186_1138,186,1138,9.750009896233678,58.91667286865413,23.000036,0.40001297,22,22
187_1113,187,1113,5.5833430122584105,58.75000619329512,20.000046,0.40002346,1,1
187_1117,187,1117,6.250009713694453,58.75000619329512,21.100046,0.3000431,5,9
187_1311,187,1311,38.58334473334253,58.75000619329512,17.400011,0.70001435,8,8
187_1312,187,1312,38.75001140870154,58.75000619329512,17.300007,0.70001054,1,1
188_1118,188,1118,6.416676389053464,58.58333951793611,21.000053,0.30004835,12,18
188_1133,188,1133,8.916676519438624,58.58333951793611,22.100029,0.30002785,9,9
189_1131,189,1131,8.583343168720603,58.4166728425771,21.800024,0.40001583,10,26
189_1490,189,1490,68.41667962260544,58.4166728425771,11.000023,1.3000154,1,1
190_1120,190,1120,6.750009739771485,58.25000616721809,20.70008,0.40006495,8,8
190_1321,190,1321,40.250011486932635,58.25000616721809,15.900007,0.70000744,3,9
192_1439,192,1439,59.9166791792959,57.91667281650007,10.30003,1.0000149,8,8
192_1440,192,1440,60.08334585465491,57.91667281650007,10.400003,1.0000075,4,5
193_1151,193,1151,11.916676675900817,57.75000614114106,22.40004,0.30002308,2,2
193_1320,193,1320,40.083344811573625,57.75000614114106,15.599995,0.6999974,2,2
193_1448,193,1448,61.416679257526994,57.75000614114106,10.300008,1.0000036,1,1
194_1318,194,1318,39.7500114608556,57.583339465782046,15.600004,0.70000744,1,1
194_1319,194,1319,39.916678136214614,57.583339465782046,15.599997,0.8000004,3,3
194_1326,194,1326,41.08334486372769,57.583339465782046,14.9000225,0.7000215,16,25
195_1152,195,1152,12.083343351259828,57.416672790423036,22.400045,0.3000226,12,12
195_1170,195,1170,15.08334350772202,57.416672790423036,24.000008,0.2999978,2,2
195_1329,195,1329,41.58334488980472,57.416672790423036,14.600004,0.7000036,9,16
195_1441,195,1441,60.25001253001392,57.416672790423036,10.000022,1.0000186,2,2
195_1470,195,1470,65.08334611542523,57.416672790423036,10.20002,1.100015,3,3
196_1317,196,1317,39.58334478549659,57.250006115064025,15.300015,0.7000146,2,2
196_1511,196,1511,71.91667980514467,57.250006115064025,9.900007,1.2,1,1
196_1594,196,1594,85.75001385994256,57.250006115064025,9.19999,1.0999751,7,8
197_1315,197,1315,39.25001143477857,57.083339439705014,15.200001,0.6999998,1,1
197_1316,197,1316,39.41667811013758,57.083339439705014,15.200014,0.8000028,1,1
197_1470,197,1470,65.08334611542523,57.083339439705014,9.900015,1.1,1,1
197_1473,197,1473,65.58334614150226,57.083339439705014,9.899992,1.0999886,8,9
198_1312,198,1312,38.75001140870154,56.916672764346,15.300007,0.80000734,1,1
198_1443,198,1443,60.58334588073194,56.916672764346,9.600021,1.0000074,18,29
198_1444,198,1444,60.75001255609095,56.916672764346,9.700015,1.0000113,12,16
198_1515,198,1515,72.58334650658071,56.916672764346,9.700008,1.1000153,3,10
198_1596,198,1596,86.08334721066058,56.916672764346,8.999987,0.99999166,1,1
199_1157,199,1157,12.916676728054881,56.75000608898699,22.700047,0.30004263,4,4
199_1303,199,1303,37.25001133047044,56.75000608898699,16.000008,0.80001044,1,1
199_1312,199,1312,38.75001140870154,56.75000608898699,15.2,0.8000033,2,2
199_1313,199,1313,38.91667808406055,56.75000608898699,15.000008,0.7000103,10,22
199_1443,199,1443,60.58334588073194,56.75000608898699,9.599997,0.99999607,8,10
199_1444,199,1444,60.75001255609095,56.75000608898699,9.600026,1.0000223,11,15
199_1445,199,1445,60.91667923144996,56.75000608898699,9.600022,1.0000113,2,2
199_1446,199,1446,61.08334590680897,56.75000608898699,9.699992,0.9999925,6,6
199_1599,199,1599,86.58334723673761,56.75000608898699,8.799994,0.99999166,3,3
200_1178,200,1178,16.416676910594106,56.58333941362798,24.50001,0.39999008,1,1
200_1180,200,1180,16.750010261312127,56.58333941362798,24.599998,0.39999962,2,2
200_1445,200,1445,60.91667923144996,56.58333941362798,9.500015,1.0000037,1,1
200_1478,200,1478,66.41667951829731,56.58333941362798,9.500019,1.0000267,2,2
200_1588,200,1588,84.75001380778849,56.58333941362798,8.700024,0.90000737,5,5
200_1589,200,1589,84.9166804831475,56.58333941362798,8.800023,0.9000276,6,6
200_1623,200,1623,90.58334744535387,56.58333941362798,8.500012,0.9,1,1
201_1139,201,1139,9.916676571592689,56.41667273826897,18.600025,0.2000041,1,1
201_1178,201,1178,16.416676910594106,56.41667273826897,24.40001,0.39999723,1,1
201_1308,201,1308,38.083344707265496,56.41667273826897,15.499975,0.89997506,2,2
201_1326,201,1326,41.08334486372769,56.41667273826897,14.00001,0.8000035,14,27
201_1444,201,1444,60.75001255609095,56.41667273826897,9.4,1.0000001,1,2
201_1450,201,1450,61.750012608245015,56.41667273826897,9.400007,0.90000737,1,1
201_1589,201,1589,84.9166804831475,56.41667273826897,8.600031,0.9000239,5,7
201_1590,201,1590,85.08334715850651,56.41667273826897,8.600019,0.9000156,1,1
202_1300,202,1300,36.75001130439341,56.25000606290996,15.999996,0.8999927,6,8
202_1316,202,1316,39.41667811013758,56.25000606290996,14.5000105,0.80000377,11,32
202_1322,202,1322,40.416678162291646,56.25000606290996,14.099979,0.69999313,1,1
202_1326,202,1326,41.08334486372769,56.25000606290996,13.800004,0.70000696,6,7
203_1167,203,1167,14.583343481644988,56.08333938755095,23.200022,0.20000458,1,1
203_1296,203,1296,36.08334460295737,56.08333938755095,15.79999,0.69998527,1,1
203_1297,203,1297,36.25001127831638,56.08333938755095,15.9000025,0.79999924,3,3
203_1298,203,1298,36.41667795367539,56.08333938755095,15.899986,0.79998946,2,2
203_1322,203,1322,40.416678162291646,56.08333938755095,13.8000145,0.7000036,6,13
203_1444,203,1444,60.75001255609095,56.08333938755095,9.100011,0.90000737,1,1
203_1496,203,1496,69.41667967475951,56.08333938755095,9.200022,1.0000187,13,22
203_1497,203,1497,69.58334635011852,56.08333938755095,9.200019,1.0000073,1,1
203_1582,203,1582,83.75001375563443,56.08333938755095,8.299994,0.8999908,3,3
203_1637,203,1637,92.91668090038002,56.08333938755095,8.100017,0.80001324,4,5
204_1296,204,1296,36.08334460295737,55.91667271219194,15.700007,0.7000034,15,16
204_1298,204,1298,36.41667795367539,55.91667271219194,15.700004,0.7000003,2,2
204_1300,204,1300,36.75001130439341,55.91667271219194,15.700007,0.8999934,3,3
204_1303,204,1303,37.25001133047044,55.91667271219194,15.800007,1.000004,11,11
204_1304,204,1304,37.41667800582945,55.91667271219194,15.800008,1.0000107,18,59
204_1305,204,1305,37.583344681188464,55.91667271219194,15.800004,1.1000073,25,202
204_1306,204,1306,37.750011356547475,55.91667271219194,15.699997,1.1000073,14,61
204_1307,204,1307,37.916678031906486,55.91667271219194,15.500008,1.1000073,9,15
204_1321,204,1321,40.250011486932635,55.91667271219194,13.899993,0.70000696,1,1
204_1344,204,1344,44.08334502018988,55.91667271219194,12.600015,0.80001426,8,8
204_1574,204,1574,82.41668035276234,55.91667271219194,8.799988,0.9999954,1,1
204_1575,204,1575,82.58334702812135,55.91667271219194,8.699999,1.0000037,1,1
204_1576,204,1576,82.75001370348036,55.91667271219194,8.599998,0.99999547,1,1
204_1636,204,1636,92.750014225021,55.91667271219194,7.9999623,0.7999588,8,8
205_1304,205,1304,37.41667800582945,55.75000603683293,15.600008,1.0000072,33,281
205_1305,205,1305,37.583344681188464,55.75000603683293,15.500008,1.0000072,42,300
205_1306,205,1306,37.750011356547475,55.75000603683293,15.500014,1.100007,33,178
205_1307,205,1307,37.916678031906486,55.75000603683293,15.4,1.0000072,9,13
205_1313,205,1313,38.91667808406055,55.75000603683293,14.599997,0.8000033,8,11
205_1523,205,1523,73.9166799094528,55.75000603683293,8.900003,1.0000036,1,1
205_1574,205,1574,82.41668035276234,55.75000603683293,8.599999,0.9000037,2,2
206_1159,206,1159,13.250010078772902,55.58333936147392,22.100023,0.30001593,1,1
206_1302,206,1302,37.08334465511143,55.58333936147392,15.399997,0.89999986,14,24
206_1305,206,1305,37.583344681188464,55.58333936147392,15.399981,0.9999831,24,148
206_1306,206,1306,37.750011356547475,55.58333936147392,15.200001,0.9000037,39,107
206_1308,206,1308,38.083344707265496,55.58333936147392,15.100011,1.0000036,27,67
206_1442,206,1442,60.41667920537293,55.58333936147392,8.800007,0.9000032,3,3
206_1523,206,1523,73.9166799094528,55.58333936147392,8.899997,0.9999964,1,1
206_1585,206,1585,84.25001378171146,55.58333936147392,8.099992,0.7999917,1,1
206_1586,206,1586,84.41668045707047,55.58333936147392,8.199995,0.8999953,1,1
206_1587,206,1587,84.58334713242948,55.58333936147392,8.100008,0.8000083,1,1
206_1594,206,1594,85.75001385994256,55.58333936147392,8.100026,0.8000228,1,1
207_1303,207,1303,37.25001133047044,55.41667268611491,15.2,0.899997,27,68
207_1305,207,1305,37.583344681188464,55.41667268611491,15.100008,0.90000725,16,17
207_1311,207,1311,38.58334473334253,55.41667268611491,14.700008,0.9000106,23,34
207_1441,207,1441,60.25001253001392,55.41667268611491,8.600014,0.900003,5,5
207_1446,207,1446,61.08334590680897,55.41667268611491,9.0,0.99998534,3,3
207_1520,207,1520,73.41667988337576,55.41667268611491,9.000005,1.1000043,1,1
207_1573,207,1573,82.25001367740333,55.41667268611491,8.599996,0.9999954,1,1
207_1595,207,1595,85.91668053530157,55.41667268611491,8.100011,0.8000109,1,1
207_1596,207,1596,86.08334721066058,55.41667268611491,8.100023,0.80002284,1,1
207_1597,207,1597,86.25001388601959,55.41667268611491,8.100023,0.8000311,20,37
208_1300,208,1300,36.75001130439341,55.2500060107559,14.8000145,0.7000034,12,17
208_1447,208,1447,61.25001258216798,55.2500060107559,8.999996,0.8999964,6,6
208_1448,208,1448,61.416679257526994,55.2500060107559,8.999992,0.8999888,1,1
208_1449,208,1449,61.583345932886004,55.2500060107559,9.100004,1.0,1,1
208_1521,208,1521,73.58334655873477,55.2500060107559,9.000015,1.2000036,1,1
208_1573,208,1573,82.25001367740333,55.2500060107559,8.499994,0.99999905,1,1
208_1574,208,1574,82.41668035276234,55.2500060107559,8.500006,1.099999,1,2
208_1576,208,1576,82.75001370348036,55.2500060107559,8.400007,1.0000036,2,2
208_1580,208,1580,83.4166804049164,55.2500060107559,8.199992,0.9,1,1
208_1593,208,1593,85.58334718458354,55.2500060107559,8.000008,0.79999995,1,1
208_1594,208,1594,85.75001385994256,55.2500060107559,8.099975,0.79998696,1,1
209_1299,209,1299,36.5833446290344,55.083339335396886,14.600014,0.70000744,14,20
209_1306,209,1306,37.750011356547475,55.083339335396886,14.600011,0.80000377,5,5
209_1307,209,1307,37.916678031906486,55.083339335396886,14.600008,0.80000377,12,16
209_1447,209,1447,61.25001258216798,55.083339335396886,9.0,0.9999888,2,2
209_1448,209,1448,61.416679257526994,55.083339335396886,8.999992,0.89999247,3,3
209_1519,209,1519,73.25001320801675,55.083339335396886,9.000011,1.2000116,3,3
209_1521,209,1521,73.58334655873477,55.083339335396886,9.000004,1.2000036,2,2
209_1577,209,1577,82.91668037883937,55.083339335396886,8.300008,1.0000129,4,5
209_1594,209,1594,85.75001385994256,55.083339335396886,7.9000144,0.8000072,1,1
209_1595,209,1595,85.91668053530157,55.083339335396886,7.8999953,0.7999917,1,1
210_1520,210,1520,73.41667988337576,54.916672660037875,8.900026,1.2000151,3,3
210_1577,210,1577,82.91668037883937,54.916672660037875,8.200003,0.9000108,2,2
210_1578,210,1578,83.08334705419838,54.916672660037875,8.100035,0.9000345,4,6
211_1578,211,1578,83.08334705419838,54.750005984678864,8.100004,1.0,10,16
212_1580,212,1580,83.4166804049164,54.583339309319854,7.9000063,0.9000108,1,1
215_1317,215,1317,39.58334478549659,54.08333928324282,12.800004,0.6000037,2,2
215_1318,215,1318,39.7500114608556,54.08333928324282,12.799997,0.69999695,13,17
216_1583,216,1583,83.91668043099344,53.91667260788381,7.500021,0.80002606,1,1
217_341,217,341,-123.08333036489785,53.7500059325248,19.899994,0.99999285,1,1
217_1581,217,1581,83.58334708027542,53.7500059325248,7.5000224,0.90000707,1,1
217_1585,217,1585,84.25001378171146,53.7500059325248,7.2999997,0.6999965,1,1
217_1589,217,1589,84.9166804831475,53.7500059325248,7.200014,0.7000141,2,3
217_1600,217,1600,86.75001391209662,53.7500059325248,6.9999747,0.5999714,2,2
217_1601,217,1601,86.91668058745563,53.7500059325248,6.9999933,0.5999987,4,4
217_1602,217,1602,87.08334726281464,53.7500059325248,6.8999906,0.59998333,2,2
217_1603,217,1603,87.25001393817365,53.7500059325248,6.8000035,0.50000834,1,1
217_1604,217,1604,87.41668061353266,53.7500059325248,6.8000193,0.6000155,1,1
217_1608,217,1608,88.0833473149687,53.7500059325248,6.8000073,0.6000155,4,4
218_1583,218,1583,83.91668043099344,53.58333925716579,7.4000106,0.9000071,2,2
218_1591,218,1591,85.25001383386552,53.58333925716579,7.000018,0.600006,1,1
218_1608,218,1608,88.0833473149687,53.58333925716579,6.699997,0.5999929,1,1
219_1571,219,1571,81.91668032668531,53.41667258180678,7.5999894,0.8999976,1,1
219_1581,219,1581,83.58334708027542,53.41667258180678,7.499999,0.89999866,4,4
219_1582,219,1582,83.75001375563443,53.41667258180678,7.3999906,0.79999876,5,5
219_1587,219,1587,84.58334713242948,53.41667258180678,7.2000103,0.8000071,2,2
219_1591,219,1591,85.25001383386552,53.41667258180678,6.999984,0.59998345,1,1
220_1332,220,1332,42.08334491588175,53.25000590644777,11.600018,0.70002127,11,11
220_1563,220,1563,80.58334692381322,53.25000590644777,7.9000025,1.1000106,2,2
220_1564,220,1564,80.75001359917223,53.25000590644777,7.9000106,1.2000071,2,2
220_1579,220,1579,83.2500137295574,53.25000590644777,7.399988,0.8999882,2,2
220_1582,220,1582,83.75001375563443,53.25000590644777,7.2999907,0.7999953,3,3
222_1042,222,1042,-6.249990938231349,52.91667255572975,11.10001,0.29999447,1,1
223_1558,223,1558,79.75001354701817,52.750005880370736,7.9000072,1.2000035,1,1
223_1560,223,1560,80.08334689773619,52.750005880370736,7.8000154,1.2000082,1,1
224_1590,224,1590,85.08334715850651,52.583339205011725,6.5000057,0.70000243,1,1
224_1591,224,1591,85.25001383386552,52.583339205011725,6.4000177,0.6000104,2,2
225_1126,225,1126,7.7500097919255495,52.416672529652715,9.60002,0.20001602,1,1
225_1558,225,1558,79.75001354701817,52.416672529652715,7.7000036,1.1999999,1,1
225_1591,225,1591,85.25001383386552,52.416672529652715,6.300014,0.6000104,1,1
225_1592,225,1592,85.41668050922453,52.416672529652715,6.300006,0.6000104,1,1
226_397,226,397,-113.74999654479325,52.250005854293704,26.100012,0.60000205,1,1
226_1554,226,1554,79.08334684558213,52.250005854293704,7.8000073,1.299992,1,1
226_1592,226,1592,85.41668050922453,52.250005854293704,6.100007,0.59999156,4,5
226_1593,226,1593,85.58334718458354,52.250005854293704,6.1000032,0.5000119,5,6
226_1594,226,1594,85.75001385994256,52.250005854293704,6.100015,0.6000118,1,1
226_1705,226,1705,104.25001482479274,52.250005854293704,7.100028,0.9000248,1,1
227_1584,227,1584,84.08334710635245,52.08333917893469,6.3000116,0.7000084,1,1
227_1592,227,1592,85.41668050922453,52.08333917893469,6.0000286,0.60002494,1,1
227_1595,227,1595,85.91668053530157,52.08333917893469,5.900008,0.50000477,3,3
227_1602,227,1602,87.08334726281464,52.08333917893469,5.8000402,0.50003695,1,1
228_1559,228,1559,79.91668022237718,51.91667250357568,7.6000137,1.2000105,1,1
228_1586,228,1586,84.41668045707047,51.91667250357568,6.199945,0.6999532,1,1
228_1591,228,1591,85.25001383386552,51.91667250357568,5.8999,0.59989643,14,19
228_1592,228,1592,85.41668050922453,51.91667250357568,5.9000206,0.60001695,8,10
228_1594,228,1594,85.75001385994256,51.91667250357568,5.900008,0.5000167,1,1
228_1595,228,1595,85.91668053530157,51.91667250357568,5.900011,0.6000074,3,3
229_1583,229,1583,83.91668043099344,51.75000582821667,6.199933,0.59994125,1,1
229_1584,229,1584,84.08334710635245,51.75000582821667,6.1000204,0.6000167,3,3
230_1583,230,1583,83.91668043099344,51.58333915285766,6.0999575,0.5999625,2,2
230_1585,230,1585,84.25001378171146,51.58333915285766,5.999978,0.5999743,1,1
231_1099,231,1099,3.2500095572322607,51.41667247749865,8.600007,0.39999485,2,2
231_1100,231,1100,3.4166762325912714,51.41667247749865,8.600007,0.300004,1,2
231_1105,231,1105,4.250009609386325,51.41667247749865,8.500016,0.20001507,2,2
231_1106,231,1106,4.416676284745336,51.41667247749865,8.500012,0.29999924,4,5
231_1109,231,1109,4.916676310822368,51.41667247749865,8.500013,0.20000648,1,1
231_1561,231,1561,80.2500135730952,51.41667247749865,7.3000154,1.1000197,4,4
231_1595,231,1595,85.91668053530157,51.41667247749865,5.6999626,0.49997073,4,4
231_1596,231,1596,86.08334721066058,51.41667247749865,5.7001204,0.60010904,2,2
232_1096,232,1096,2.7500095311552286,51.25000580213964,8.200019,0.3000002,1,1
232_1097,232,1097,2.9166762065142393,51.25000580213964,8.400003,0.3000002,32,47
232_1098,232,1098,3.08334288187325,51.25000580213964,8.400003,0.3000002,6,11
232_1099,232,1099,3.2500095572322607,51.25000580213964,8.400007,0.300004,17,24
232_1101,232,1101,3.583342907950282,51.25000580213964,8.40001,0.300004,1,1
232_1103,232,1103,3.9166762586683035,51.25000580213964,8.40001,0.300004,4,4
232_1104,232,1104,4.083342934027314,51.25000580213964,8.40001,0.300004,1,1
232_1105,232,1105,4.250009609386325,51.25000580213964,8.40001,0.300004,10,12
232_1106,232,1106,4.416676284745336,51.25000580213964,8.300026,0.2000227,25,41
232_1107,232,1107,4.583342960104346,51.25000580213964,8.40001,0.300004,9,10
232_1108,232,1108,4.750009635463357,51.25000580213964,8.300015,0.2000122,10,13
232_1109,232,1109,4.916676310822368,51.25000580213964,8.300026,0.2000122,4,6
232_1110,232,1110,5.083342986181378,51.25000580213964,8.400016,0.20001793,1,2
232_1113,232,1113,5.5833430122584105,51.25000580213964,8.500002,0.19999886,4,4
233_394,233,394,-114.24999657087028,51.08333912678063,24.000029,0.60001135,2,2
233_1095,233,1095,2.583342855796218,51.08333912678063,8.200004,0.3000059,12,24
233_1096,233,1096,2.7500095311552286,51.08333912678063,8.100013,0.30000973,13,20
233_1097,233,1097,2.9166762065142393,51.08333912678063,8.100017,0.3000002,1,1
233_1098,233,1098,3.08334288187325,51.08333912678063,8.200007,0.3000002,2,2
233_1099,233,1099,3.2500095572322607,51.08333912678063,8.100007,0.19999981,4,4
233_1100,233,1100,3.4166762325912714,51.08333912678063,8.200002,0.29999447,4,7
233_1101,233,1101,3.583342907950282,51.08333912678063,8.2000065,0.3000002,5,7
233_1102,233,1102,3.750009583309293,51.08333912678063,8.200001,0.29999447,15,20
233_1103,233,1103,3.9166762586683035,51.08333912678063,8.20001,0.300004,4,4
233_1104,233,1104,4.083342934027314,51.08333912678063,8.20001,0.300004,6,6
233_1105,233,1105,4.250009609386325,51.08333912678063,8.20001,0.300004,4,6
233_1106,233,1106,4.416676284745336,51.08333912678063,8.100016,0.20000935,14,15
233_1107,233,1107,4.583342960104346,51.08333912678063,8.20002,0.30000687,5,5
233_1108,233,1108,4.750009635463357,51.08333912678063,8.200017,0.20001888,10,12
233_1109,233,1109,4.916676310822368,51.08333912678063,8.100021,0.20000935,5,11
233_1110,233,1110,5.083342986181378,51.08333912678063,8.200016,0.20001507,3,3
233_1111,233,1111,5.250009661540389,51.08333912678063,8.100022,0.2000103,1,1
233_1112,233,1112,5.4166763368994,51.08333912678063,8.2000065,0.19999981,3,3
233_1113,233,1113,5.5833430122584105,51.08333912678063,8.299995,0.2999792,1,1
233_1114,233,1114,5.750009687617421,51.08333912678063,8.300005,0.1999979,6,7
233_1593,233,1593,85.58334718458354,51.08333912678063,5.8000526,0.60004425,2,2
234_1096,234,1096,2.7500095311552286,50.91667245142162,7.9000125,0.20000935,2,3
234_1097,234,1097,2.9166762065142393,50.91667245142162,7.900013,0.2000103,2,2
234_1098,234,1098,3.08334288187325,50.91667245142162,7.9000072,0.19999981,3,3
234_1099,234,1099,3.2500095572322607,50.91667245142162,8.000002,0.29999447,5,6
234_1100,234,1100,3.4166762325912714,50.91667245142162,7.900011,0.20000458,3,3
234_1101,234,1101,3.583342907950282,50.91667245142162,7.900013,0.20000076,2,5
234_1102,234,1102,3.750009583309293,50.91667245142162,8.000004,0.20000076,9,13
234_1103,234,1103,3.9166762586683035,50.91667245142162,7.999989,0.19999123,1,1
234_1104,234,1104,4.083342934027314,50.91667245142162,8.000013,0.3000002,10,12
234_1105,234,1105,4.250009609386325,50.91667245142162,7.999997,0.19999981,3,6
234_1106,234,1106,4.416676284745336,50.91667245142162,7.9000125,0.19999981,15,24
234_1107,234,1107,4.583342960104346,50.91667245142162,8.000012,0.20001507,5,7
234_1108,234,1108,4.750009635463357,50.91667245142162,7.9000187,0.20000172,39,83
234_1109,234,1109,4.916676310822368,50.91667245142162,8.000003,0.19999981,5,5
234_1110,234,1110,5.083342986181378,50.91667245142162,8.000016,0.20000935,11,14
234_1111,234,1111,5.250009661540389,50.91667245142162,8.000016,0.2000122,7,8
234_1112,234,1112,5.4166763368994,50.91667245142162,8.000025,0.2000122,2,2
234_1113,234,1113,5.5833430122584105,50.91667245142162,8.100001,0.19999886,1,1
235_1099,235,1099,3.2500095572322607,50.75000577606261,7.8000016,0.29999447,2,4
235_1100,235,1100,3.4166762325912714,50.75000577606261,7.700019,0.20000648,2,2
235_1101,235,1101,3.583342907950282,50.75000577606261,7.8,0.199996,2,2
235_1103,235,1103,3.9166762586683035,50.75000577606261,7.80001,0.20000362,4,4
235_1104,235,1104,4.083342934027314,50.75000577606261,7.800003,0.19999981,2,2
235_1105,235,1105,4.250009609386325,50.75000577606261,7.8000183,0.20001125,3,4
235_1106,235,1106,4.416676284745336,50.75000577606261,7.699996,0.09999275,5,6
235_1107,235,1107,4.583342960104346,50.75000577606261,7.8000116,0.20000458,5,6
235_1108,235,1108,4.750009635463357,50.75000577606261,7.7999964,0.19999313,1,1
235_1110,235,1110,5.083342986181378,50.75000577606261,7.800006,0.19999886,1,1
235_1111,235,1111,5.250009661540389,50.75000577606261,7.9000115,0.29999924,1,1
235_1113,235,1113,5.5833430122584105,50.75000577606261,7.900009,0.199996,1,1
236_1770,236,1770,115.08334872312844,50.5833391007036,8.200024,1.0000232,21,24
237_1798,237,1798,119.75001563318074,50.416672425344586,8.200071,1.0000677,1,1
238_363,238,363,-119.41666350699961,50.250005749985576,19.70009,0.7000823,1,1
238_1113,238,1113,5.5833430122584105,50.250005749985576,7.6000204,0.30001688,1,1
240_329,240,329,-125.08333046920598,49.916672399267554,15.700006,0.69998074,1,1
241_402,241,402,-112.9166631679982,49.750005723908544,24.500027,0.700017,1,1
242_377,242,377,-117.08333005197346,49.58333904854953,18.800098,0.80009055,1,1
243_342,243,342,-122.91666368953884,49.41667237319052,15.7001,0.9000864,1,1
244_335,244,335,-124.08333041705191,49.25000569783151,14.699963,0.7999525,1,1
244_336,244,336,-123.9166637416929,49.25000569783151,14.799994,0.89999294,1,1
244_340,244,340,-123.24999704025686,49.25000569783151,15.200086,0.9001026,2,2
244_341,244,341,-123.08333036489785,49.25000569783151,15.400116,0.9001055,3,3
244_343,244,343,-122.74999701417983,49.25000569783151,15.400127,0.8001213,1,1
245_324,245,324,-125.91666384600103,49.0833390224725,11.100061,0.80002785,1,1
245_336,245,336,-123.9166637416929,49.0833390224725,14.999971,0.7999811,1,1
245_337,245,337,-123.74999706633389,49.0833390224725,14.999975,0.7999964,1,1
245_340,245,340,-123.24999704025686,49.0833390224725,14.500038,0.80000687,1,1
245_341,245,341,-123.08333036489785,49.0833390224725,15.100018,0.8000107,3,3
245_343,245,343,-122.74999701417983,49.0833390224725,15.200012,0.80000496,5,5
245_345,245,345,-122.4166636634618,49.0833390224725,15.20005,0.70004463,1,1
245_410,245,410,-111.58332976512611,49.0833390224725,23.900013,0.80000687,1,1
246_337,246,337,-123.74999706633389,48.91667234711349,14.499975,0.6999569,1,1
247_338,247,338,-123.58333039097488,48.75000567175448,14.699991,0.6999893,1,1
248_343,248,343,-122.74999701417983,48.58333899639547,14.599991,0.79998684,2,2
249_339,249,339,-123.41666371561587,48.41667232103646,14.400009,0.7000027,4,4
249_340,249,340,-123.24999704025686,48.41667232103646,14.400005,0.7000036,2,2
249_343,249,343,-122.74999701417983,48.41667232103646,14.500021,0.700017,1,1
249_344,249,344,-122.58333033882082,48.41667232103646,14.699995,0.6999941,1,1
250_338,250,338,-123.58333039097488,48.25000564567745,13.500046,0.60001945,1,1
252_345,252,345,-122.4166636634618,47.916672294959426,14.400024,0.80000496,1,1
252_346,252,346,-122.2499969881028,47.916672294959426,14.700004,0.7999964,2,2
252_347,252,347,-122.08333031274378,47.916672294959426,14.900021,0.80001926,2,2
252_1126,252,1126,7.7500097919255495,47.916672294959426,6.8001113,0.50010586,1,1
253_344,253,344,-122.58333033882082,47.750005619600415,14.599999,0.80000114,1,1
253_345,253,345,-122.4166636634618,47.750005619600415,14.500009,0.8000088,1,1
254_345,254,345,-122.4166636634618,47.583338944241405,14.600005,0.80000687,6,6
255_428,255,428,-108.58332960866392,47.416672268882394,23.100006,0.60000324,1,1
256_344,256,344,-122.58333033882082,47.25000559352338,14.10001,0.8000021,2,2
257_334,257,334,-124.24999709241092,47.08333891816437,9.200032,0.80000496,1,1
257_342,257,342,-122.91666368953884,47.08333891816437,13.300015,0.699996,4,4
259_657,259,657,-70.41666095145047,46.75000556744635,25.900003,1.1000072,1,1
261_505,261,505,-95.7499956060201,46.41667221672833,26.700012,0.8000157,1,1
263_336,263,336,-123.9166637416929,46.08333886601031,7.000057,0.80002785,1,1
265_413,265,413,-111.08332973904908,45.75000551529229,16.100136,0.5001035,1,1
266_340,266,340,-123.24999704025686,45.583338839933276,7.6000056,0.699975,1,1
266_342,266,342,-122.91666368953884,45.583338839933276,8.900042,0.60000896,1,1
266_343,266,343,-122.74999701417983,45.583338839933276,9.500023,0.4999962,1,1
266_704,266,704,-62.583327209576964,45.583338839933276,25.099995,1.199997,1,1
267_341,267,341,-123.08333036489785,45.416672164574265,7.6000137,0.59998703,1,1
267_342,267,342,-122.91666368953884,45.416672164574265,8.200031,0.5999985,1,1
267_344,267,344,-122.58333033882082,45.416672164574265,9.200043,0.6000109,2,2
267_625,267,625,-75.74999456293881,45.416672164574265,27.600021,1.00002,1,1
267_637,267,637,-73.74999445863068,45.416672164574265,27.900005,1.1000032,1,1
268_633,268,633,-74.41666116006672,45.250005489215255,27.600014,1.0000033,1,1
268_1305,268,1305,37.583344681188464,45.250005489215255,6.6999927,6.67572e-06,1,1
268_1306,268,1306,37.750011356547475,45.250005489215255,6.6000104,2.861023e-06,7,7
268_1307,268,1307,37.916678031906486,45.250005489215255,6.6000004,2.861023e-06,4,4
268_1308,268,1308,38.083344707265496,45.250005489215255,6.50001,2.861023e-06,2,3
268_1309,268,1309,38.25001138262451,45.250005489215255,6.50001,2.861023e-06,12,19
268_1310,268,1310,38.41667805798352,45.250005489215255,6.5000167,1.04904175e-05,21,37
268_1311,268,1311,38.58334473334253,45.250005489215255,6.5000067,1.04904175e-05,1,1
269_1304,269,1304,37.41667800582945,45.083338813856244,6.599993,0.09999657,1,1
269_1305,269,1305,37.583344681188464,45.083338813856244,6.499986,2.002716e-05,1,1
269_1311,269,1311,38.58334473334253,45.083338813856244,6.30001,0.09998608,17,21
269_1312,269,1312,38.75001140870154,45.083338813856244,6.2000165,0.09998703,15,20
270_520,270,520,-93.24999547563493,44.91667213849723,23.499994,0.7999973,1,1
270_1303,270,1303,37.25001133047044,44.91667213849723,6.100061,1.335144e-05,7,10
270_1304,270,1304,37.41667800582945,44.91667213849723,6.5000343,3.4332275e-05,7,7
270_1305,270,1305,37.583344681188464,44.91667213849723,6.3999977,9.536743e-07,3,3
270_1308,270,1308,38.083344707265496,44.91667213849723,6.1999993,0.10000038,2,2
270_1313,270,1313,38.91667808406055,44.91667213849723,6.100026,1.335144e-05,15,20
271_645,271,645,-72.4166610557586,44.75000546313822,26.99999,1.1999834,1,1
271_1304,271,1304,37.41667800582945,44.75000546313822,6.2999864,1.335144e-05,11,13
271_1306,271,1306,37.750011356547475,44.75000546313822,6.100044,3.71933e-05,9,12
272_335,272,335,-124.08333041705191,44.58333878777921,3.600017,0.700016,5,6
272_699,272,699,-63.41666058637202,44.58333878777921,25.40001,1.1000028,1,1
272_1308,272,1308,38.083344707265496,44.58333878777921,5.7000637,2.7656555e-05,34,85
272_1309,272,1309,38.25001138262451,44.58333878777921,5.9999905,1.2397766e-05,2,2
273_340,273,340,-123.24999704025686,44.4166721124202,4.6000185,0.7000065,1,1
273_591,273,591,-81.41666152514517,44.4166721124202,26.400013,1.0000095,1,1
273_615,273,615,-77.41666131652892,44.4166721124202,26.700016,0.90001297,2,2
273_640,273,640,-73.24999443255365,44.4166721124202,26.90003,1.0000267,2,2
273_693,273,693,-64.41666063852608,44.4166721124202,25.0,0.9999995,1,1
273_698,273,698,-63.58332726173103,44.4166721124202,25.500004,1.1000066,1,1
273_1308,273,1308,38.083344707265496,44.4166721124202,5.0001135,0.099946976,8,8
273_1309,273,1309,38.25001138262451,44.4166721124202,5.7000155,5.722046e-06,5,6
273_1311,273,1311,38.58334473334253,44.4166721124202,5.800032,2.5749207e-05,1,1
274_342,274,342,-122.91666368953884,44.25000543706119,4.899972,0.5999603,1,1
274_609,274,609,-78.41666136868298,44.25000543706119,26.600014,1.0000033,1,1
274_620,274,620,-76.58332793973386,44.25000543706119,26.600018,1.00001,1,1
274_1360,274,1360,46.75001182593405,44.25000543706119,5.100007,0.40000343,14,16
275_1359,275,1359,46.58334515057504,44.08333876170218,4.800014,0.30000305,11,16
275_1360,275,1360,46.75001182593405,44.08333876170218,5.000006,0.3999958,9,9
276_335,276,335,-124.08333041705191,43.91667208634317,3.8000174,0.70002556,1,2
276_606,276,606,-78.91666139476001,43.91667208634317,26.300041,1.1000357,1,1
276_1359,276,1359,46.58334515057504,43.91667208634317,4.9000034,0.30000687,5,6
277_603,277,603,-79.41666142083704,43.75000541098416,25.900032,1.0000196,1,2
277_604,277,604,-79.24999474547803,43.75000541098416,26.000023,1.0000196,1,1
277_1360,277,1360,46.75001182593405,43.75000541098416,4.800007,0.29999638,4,5
278_599,278,599,-80.08332812227309,43.58333873562515,25.500008,0.8999977,1,1
278_602,278,602,-79.58332809619606,43.58333873562515,25.600018,0.9000106,1,1
278_1360,278,1360,46.75001182593405,43.58333873562515,4.8000135,0.30000687,6,15
278_1361,278,1361,46.91667850129306,43.58333873562515,4.9000034,0.30000305,2,2
278_1948,278,1948,144.75001693703234,43.58333873562515,8.399991,1.0999875,2,2
279_533,279,533,-91.0833286959678,43.41667206026614,21.200008,0.7000179,2,2
279_601,279,601,-79.74999477155507,43.41667206026614,25.200024,0.90001297,1,1
279_1319,279,1319,39.916678136214614,43.41667206026614,4.6001577,0.09987259,7,7
279_1361,279,1361,46.91667850129306,43.41667206026614,4.900007,0.30000687,2,3
279_1362,279,1362,47.083345176652074,43.41667206026614,4.9000134,0.30000687,4,7
279_1541,279,1541,76.91668006591499,43.41667206026614,4.799961,0.7999692,1,1
279_1554,279,1554,79.08334684558213,43.41667206026614,4.8999805,0.5999837,1,1
280_600,280,600,-79.91666144691408,43.250005384907126,24.800016,0.9000039,1,1
280_614,280,614,-77.58332799188793,43.250005384907126,24.500023,0.9000063,3,3
280_1364,280,1364,47.416678527370095,43.250005384907126,5.1000032,0.30000687,5,10
280_1541,280,1541,76.91668006591499,43.250005384907126,4.700137,0.70013666,5,5
281_552,281,552,-87.91666186414659,43.083338709548116,21.800022,1.2000098,1,1
281_606,281,606,-78.91666139476001,43.083338709548116,24.500004,0.8999934,1,1
281_614,281,614,-77.58332799188793,43.083338709548116,24.200008,0.8000002,1,1
281_1363,281,1363,47.250011852011085,43.083338709548116,4.8999934,0.19998646,11,14
281_1364,281,1364,47.416678527370095,43.083338709548116,5.100006,0.3000059,10,16
281_1541,281,1541,76.91668006591499,43.083338709548116,4.700057,0.7000491,8,9
282_1365,282,1365,47.583345202729106,42.916672034189105,4.9999857,0.29998302,1,1
282_1508,282,1508,71.41667977906764,42.916672034189105,5.1000733,0.9000845,3,3
282_1923,282,1923,140.58335005305707,42.916672034189105,8.79996,1.0999603,1,2
283_402,283,402,-112.9166631679982,42.750005358830094,11.2000265,1.000032,1,1
283_637,283,637,-73.74999445863068,42.750005358830094,24.000046,1.00003,1,1
283_650,283,650,-71.58332767896354,42.750005358830094,23.900013,1.0000029,1,1
283_1364,283,1364,47.416678527370095,42.750005358830094,4.8999014,0.29989815,4,4
283_1365,283,1365,47.583345202729106,42.750005358830094,4.7999096,0.19990635,11,15
283_1366,283,1366,47.75001187808812,42.750005358830094,4.9,0.30000305,2,2
284_597,284,597,-80.41666147299111,42.583338683471084,23.100025,0.8000126,1,1
284_651,284,651,-71.41666100360453,42.583338683471084,23.700005,0.9999995,1,1
284_1364,284,1364,47.416678527370095,42.583338683471084,4.59978,0.19977379,7,7
284_1366,284,1366,47.75001187808812,42.583338683471084,4.699927,0.29992008,3,4
284_1367,284,1367,47.91667855344713,42.583338683471084,4.6000066,0.20001125,2,2
284_1930,284,1930,141.75001678057015,42.583338683471084,8.300003,1.0999937,1,1
285_346,285,346,-122.2499969881028,42.41667200811207,7.39999,0.39999294,1,1
285_550,285,550,-88.24999521486461,42.41667200811207,21.200016,1.1000056,1,1
285_644,285,644,-72.5833277311176,42.41667200811207,23.100063,1.0000429,1,1
285_646,285,646,-72.24999438039958,42.41667200811207,23.200043,1.0000229,2,3
285_652,285,652,-71.24999432824552,42.41667200811207,23.400002,0.9999895,3,4
285_653,285,653,-71.08332765288651,42.41667200811207,23.500015,1.0000067,3,3
285_1364,285,1364,47.416678527370095,42.41667200811207,4.299852,0.1998353,1,1
285_1365,285,1365,47.583345202729106,42.41667200811207,4.399726,0.19971943,2,2
285_1367,285,1367,47.91667855344713,42.41667200811207,4.499958,0.29995155,7,11
285_1368,285,1368,48.08334522880614,42.41667200811207,4.400017,0.20001316,1,1
285_1497,285,1497,69.58334635011852,42.41667200811207,5.2000546,0.90004635,3,3
286_578,286,578,-83.58332830481231,42.25000533275306,23.800007,0.80000687,1,1
286_651,286,651,-71.41666100360453,42.25000533275306,23.200008,1.0,1,1
286_653,286,653,-71.08332765288651,42.25000533275306,23.300007,1.0,1,1
286_1367,286,1367,47.91667855344713,42.25000533275306,4.2999363,0.19993305,1,1
286_1368,286,1368,48.08334522880614,42.25000533275306,4.300003,0.19999981,14,18
286_1497,286,1497,69.58334635011852,42.25000533275306,5.200059,0.8000622,2,2
287_455,287,455,-104.08332937397063,42.08333865739405,14.700041,0.50002337,1,1
287_650,287,650,-71.58332767896354,42.08333865739405,23.000006,1.0,1,1
288_549,288,549,-88.41666189022362,41.91667198203504,20.500015,0.9000068,1,1
288_550,288,550,-88.24999521486461,41.91667198203504,20.800022,1.0000038,1,1
288_643,288,643,-72.74999440647662,41.91667198203504,21.900013,0.90000534,1,1
288_644,288,644,-72.5833277311176,41.91667198203504,21.900051,0.9000368,1,1
289_550,289,550,-88.24999521486461,41.75000530667603,20.800013,1.0000038,1,1
289_554,289,554,-87.58332851342857,41.75000530667603,21.900013,1.2000103,1,1
289_626,289,626,-75.5833278875798,41.75000530667603,20.800026,0.8000164,1,1
289_651,289,651,-71.41666100360453,41.75000530667603,22.800003,0.9999962,1,1
289_1348,289,1348,44.750011721625924,41.75000530667603,4.0000396,0.20003891,7,7
289_1359,289,1359,46.58334515057504,41.75000530667603,3.5004425,0.10043955,3,3
289_1360,289,1360,46.75001182593405,41.75000530667603,3.5003579,0.10035062,1,1
290_407,290,407,-112.08332979120314,41.58333863131702,11.200047,1.1000466,1,1
290_1346,290,1346,44.4166783709079,41.58333863131702,4.199887,0.19989395,1,1
290_1359,290,1359,46.58334515057504,41.58333863131702,3.400384,0.100379944,1,1
291_335,291,335,-124.08333041705191,41.41667195595801,4.000022,0.6000042,1,1
292_637,292,637,-73.74999445863068,41.250005280599,21.40004,1.1000395,1,1
292_643,292,643,-72.74999440647662,41.250005280599,22.200024,1.0000162,1,1
292_1926,292,1926,141.0833500791341,41.250005280599,7.8999496,0.7999563,1,1
292_1927,292,1927,141.25001675449312,41.250005280599,7.89999,0.90000343,1,1
293_625,293,625,-75.74999456293881,41.08333860523999,19.300035,0.8000126,1,1
293_636,293,636,-73.91666113398969,41.08333860523999,21.000042,1.1000328,1,1
293_1254,293,1254,29.08334423787892,41.08333860523999,5.300004,2.2888184e-05,2,3
294_406,294,406,-112.24999646656215,40.91667192988098,10.999997,0.99999905,1,1
294_596,294,596,-80.58332814835012,40.91667192988098,20.399998,0.69999695,1,1
294_637,294,637,-73.74999445863068,40.91667192988098,20.700045,1.2000217,1,1
294_641,294,641,-73.08332775719464,40.91667192988098,21.100021,1.1000023,1,1
294_1254,294,1254,29.08334423787892,40.91667192988098,5.000058,4.196167e-05,4,5
295_408,295,408,-111.91666311584413,40.750005254521966,10.80009,1.0000916,2,2
295_635,295,635,-74.0833278093487,40.750005254521966,19.900036,1.1000118,1,1
295_636,295,636,-73.91666113398969,40.750005254521966,20.100044,1.100029,2,2
296_450,296,450,-104.91666275076568,40.583338579162955,11.800015,0.80001926,1,1
296_635,296,635,-74.0833278093487,40.583338579162955,19.300022,1.0999966,1,1
296_636,296,636,-73.91666113398969,40.583338579162955,19.600025,1.2000036,5,5
297_600,297,600,-79.91666144691408,40.416671903803945,19.300022,0.7000189,2,2
297_1772,297,1772,115.41668207384646,40.416671903803945,5.300156,1.0001564,1,1
297_1775,297,1775,115.91668209992349,40.416671903803945,5.3001647,1.000165,1,1
298_410,298,410,-111.58332976512611,40.250005228444934,10.60004,1.0000381,1,1
298_627,298,627,-75.41666121222079,40.250005228444934,16.300034,0.9000149,1,1
298_628,298,628,-75.24999453686178,40.250005228444934,16.300037,0.9000101,1,1
298_630,298,630,-74.91666118614376,40.250005228444934,16.600044,1.0000124,1,1
298_1253,298,1253,28.916677562519908,40.250005228444934,5.10001,3.2424927e-05,1,1
298_1777,298,1777,116.25001545064151,40.250005228444934,5.3000875,1.0001001,1,1
298_1786,298,1786,117.75001552887261,40.250005228444934,5.1000314,1.100028,1,1
299_447,299,447,-105.41666277684271,40.08333855308592,11.7998905,0.7998855,1,1
299_448,299,448,-105.2499961014837,40.08333855308592,12.000008,0.80000496,1,1
299_1759,299,1759,113.25001529417932,40.08333855308592,5.300019,1.1000156,1,1
299_1773,299,1773,115.58334874920547,40.08333855308592,5.199656,0.99965286,1,1
299_1776,299,1776,116.0833487752825,40.08333855308592,5.2998796,1.0998764,10,16
299_1777,299,1777,116.25001545064151,40.08333855308592,5.3000283,1.1000252,4,4
299_1778,299,1778,116.41668212600052,40.08333855308592,5.3000407,1.10005,20,26
300_580,300,580,-83.24999495409429,39.91667187772691,20.100004,0.5,1,1
300_627,300,627,-75.41666121222079,39.91667187772691,15.400015,0.9000025,1,1
300_628,300,628,-75.24999453686178,39.91667187772691,15.500034,1.0000191,1,1
300_633,300,633,-74.41666116006672,39.91667187772691,16.400023,0.9000025,1,1
300_1275,300,1275,32.58334442041814,39.91667187772691,5.3,2.861023e-06,1,1
300_1776,300,1776,116.0833487752825,39.91667187772691,5.299932,1.0999317,2,2
300_1777,300,1777,116.25001545064151,39.91667187772691,5.3,1.1000099,2,3
300_1778,300,1778,116.41668212600052,39.91667187772691,5.200009,1.1000061,9,10
301_349,301,349,-121.74999696202576,39.7500052023679,6.600069,0.30006886,1,1
301_450,301,450,-104.91666275076568,39.7500052023679,11.500023,0.90000725,1,1
301_506,301,506,-95.58332893066108,39.7500052023679,18.800007,0.50000095,2,2
301_616,301,616,-77.2499946411699,39.7500052023679,16.300013,0.70001507,1,1
301_619,301,619,-76.74999461509287,39.7500052023679,15.59999,0.79998684,1,1
301_620,301,620,-76.58332793973386,39.7500052023679,15.39999,0.7999935,1,1
301_1275,301,1275,32.58334442041814,39.7500052023679,5.1999583,5.1498413e-05,1,1
301_1777,301,1777,116.25001545064151,39.7500052023679,5.300012,1.2000179,4,4
302_440,302,440,-106.58332950435579,39.58333852700889,9.799992,0.6999742,1,1
302_450,302,450,-104.91666275076568,39.58333852700889,10.900002,0.89998055,1,1
302_1759,302,1759,113.25001529417932,39.58333852700889,5.100052,1.000061,1,1
303_337,303,337,-123.74999706633389,39.41667185164988,3.8999934,0.59998226,2,2
303_351,303,351,-121.41666361130774,39.41667185164988,6.600072,0.30006695,1,1
303_622,303,622,-76.24999458901584,39.41667185164988,14.800028,0.90002155,1,1
304_337,304,337,-123.74999706633389,39.25000517629087,3.600006,0.5999899,1,1
304_574,304,574,-84.24999500624835,39.25000517629087,19.000011,0.4000063,1,1
304_586,304,586,-82.24999490194023,39.25000517629087,18.700018,0.5000067,1,1
304_618,304,618,-76.91666129045188,39.25000517629087,15.2999935,0.79999924,1,1
304_1272,304,1272,32.08334439434111,39.25000517629087,5.2000136,0.10001373,1,1
304_1273,304,1273,32.25001106970012,39.25000517629087,5.200053,0.10005951,1,1
305_343,305,343,-122.74999701417983,39.08333850093186,5.3000565,0.5000448,1,1
305_427,305,427,-108.74999628402293,39.08333850093186,9.499943,0.89993477,1,1
305_428,305,428,-108.58332960866392,39.08333850093186,9.40005,0.7000551,2,2
305_615,305,615,-77.41666131652892,39.08333850093186,15.400022,0.8000145,3,3
305_618,305,618,-76.91666129045188,39.08333850093186,15.100006,0.8999996,1,1
305_1272,305,1272,32.08334439434111,39.08333850093186,5.1999903,0.09999752,4,5
305_1783,305,1783,117.25001550279558,39.08333850093186,4.9000154,1.3000116,1,1
306_509,306,509,-95.08332890458405,38.91667182557285,17.900005,0.3000059,1,1
306_510,306,510,-94.91666222922504,38.91667182557285,17.80001,0.30000305,1,1
306_512,306,512,-94.58332887850702,38.91667182557285,17.800003,0.29999638,1,1
306_525,306,525,-92.41666209883988,38.91667182557285,16.800018,0.40001392,1,1
306_612,306,612,-77.91666134260595,38.91667182557285,15.200012,0.7000027,1,1
306_617,306,617,-77.0833279658109,38.91667182557285,15.000025,0.90001774,1,1
306_618,306,618,-76.91666129045188,38.91667182557285,15.000015,0.9000149,2,2
306_621,306,621,-76.41666126437485,38.91667182557285,14.7000065,0.9000006,1,1
307_354,307,354,-120.91666358523071,38.75000515021384,7.0000257,0.40002537,2,2
307_586,307,586,-82.24999490194023,38.75000515021384,16.900028,0.5000057,1,1
307_629,307,629,-75.08332786150277,38.75000515021384,14.600012,0.8999996,1,1
308_341,308,341,-123.08333036489785,38.58333847485483,4.1999683,0.6999569,2,2
308_349,308,349,-121.74999696202576,38.58333847485483,5.700001,0.49999046,2,2
308_351,308,351,-121.41666361130774,38.58333847485483,6.1000013,0.49998856,3,3
308_352,308,352,-121.24999693594873,38.58333847485483,6.4000044,0.4999981,3,3
308_353,308,353,-121.08333026058972,38.58333847485483,6.600028,0.5000143,1,1
308_623,308,623,-76.08332791365683,38.58333847485483,14.800006,0.90000534,1,1
308_1244,308,1244,27.41667748428881,38.58333847485483,5.2998266,0.00017929077,1,1
308_1927,308,1927,141.25001675449312,38.58333847485483,8.400059,0.8000717,1,1
309_343,309,343,-122.74999701417983,38.416671799495816,4.5999966,0.6999874,1,1
309_344,309,344,-122.58333033882082,38.416671799495816,4.7999983,0.6999893,1,1
309_589,309,589,-81.7499948758632,38.416671799495816,15.200034,0.6000099,1,1
309_621,309,621,-76.41666126437485,38.416671799495816,14.800003,0.80000305,1,1
309_623,309,623,-76.08332791365683,38.416671799495816,14.800006,0.8000126,1,1
309_1242,309,1242,27.08334413357079,38.416671799495816,5.1000776,6.1035156e-05,5,5
309_1928,309,1928,141.41668342985213,38.416671799495816,8.199955,0.8999891,1,1
310_342,310,342,-122.91666368953884,38.250005124136806,4.199994,0.6999874,1,1
310_629,310,629,-75.08332786150277,38.250005124136806,12.900008,0.70000553,1,1
310_1303,310,1303,37.25001133047044,38.250005124136806,6.40011,0.40010357,1,1
310_1928,310,1928,141.41668342985213,38.250005124136806,7.7000103,0.8000593,2,2
311_343,311,343,-122.74999701417983,38.083338448777795,4.1999893,0.6999798,1,1
311_344,311,344,-122.58333033882082,38.083338448777795,4.4999914,0.79998016,2,2
311_345,311,345,-122.4166636634618,38.083338448777795,4.500005,0.59999275,1,1
311_347,311,347,-122.08333031274378,38.083338448777795,4.8999977,0.599988,1,1
312_343,312,343,-122.74999701417983,37.916671773418784,3.999998,0.799983,1,1
312_344,312,344,-122.58333033882082,37.916671773418784,4.1999903,0.69998074,3,3
312_345,312,345,-122.4166636634618,37.916671773418784,4.400008,0.69999886,1,1
312_346,312,346,-122.2499969881028,37.916671773418784,4.5999956,0.6999817,5,5
312_1320,312,1320,40.083344811573625,37.916671773418784,6.3999968,0.5999937,1,1
312_1755,312,1755,112.58334859274328,37.916671773418784,4.7002625,0.9002619,1,1
313_344,313,344,-122.58333033882082,37.75000509805977,4.199993,0.69999695,2,2
313_345,313,345,-122.4166636634618,37.75000509805977,3.9999886,0.69997025,2,2
313_346,313,346,-122.2499969881028,37.75000509805977,4.4000177,0.80000305,2,2
313_347,313,347,-122.08333031274378,37.75000509805977,4.5999975,0.69998646,1,1
313_348,313,348,-121.91666363738477,37.75000509805977,4.8999987,0.6999941,1,1
313_495,313,495,-97.4166623596102,37.75000509805977,16.800013,0.40001106,1,1
313_621,313,621,-76.41666126437485,37.75000509805977,14.799996,0.8000002,1,1
313_1263,313,1263,30.583344316110015,37.75000509805977,5.5000772,0.20008373,1,1
313_1794,313,1794,119.0833489317447,37.75000509805977,4.799997,1.0000029,3,3
313_1921,313,1921,140.25001670233905,37.75000509805977,6.899393,0.69938326,1,1
314_344,314,344,-122.58333033882082,37.58333842270076,3.7999868,0.79996777,4,4
314_345,314,345,-122.4166636634618,37.58333842270076,3.8999681,0.6999655,2,2
314_346,314,346,-122.2499969881028,37.58333842270076,4.000001,0.79998016,4,4
314_348,314,348,-121.91666363738477,37.58333842270076,4.7000113,0.7000017,1,1
314_358,314,358,-120.24999688379467,37.58333842270076,8.100069,0.5000515,1,1
314_1841,314,1841,126.9166826736182,37.58333842270076,6.700006,1.0000086,3,3
314_1842,314,1842,127.08334934897721,37.58333842270076,6.7000885,1.0000916,4,4
315_345,315,345,-122.4166636634618,37.41667174734175,3.8999815,0.79997444,4,4
315_346,315,346,-122.2499969881028,37.41667174734175,4.099963,0.79996204,2,2
315_347,315,347,-122.08333031274378,37.41667174734175,4.299999,0.7999878,1,1
315_348,315,348,-121.91666363738477,37.41667174734175,4.6000347,0.80002403,1,1
315_349,315,349,-121.74999696202576,37.41667174734175,4.800004,0.69999504,2,2
315_529,315,529,-91.74999539740384,37.41667174734175,14.399999,0.29999828,1,1
315_1841,315,1841,126.9166826736182,37.41667174734175,6.700003,0.90001583,2,3
315_1848,315,1848,128.08334940113127,37.41667174734175,6.80011,1.10009,2,2
316_345,316,345,-122.4166636634618,37.25000507198274,3.7000046,0.7999935,5,5
316_346,316,346,-122.2499969881028,37.25000507198274,3.999977,0.7999706,2,2
316_348,316,348,-121.91666363738477,37.25000507198274,4.4999924,0.799984,1,1
316_349,316,349,-121.74999696202576,37.25000507198274,4.7000427,0.70003414,2,2
316_370,316,370,-118.24999677948654,37.25000507198274,9.00019,0.6001816,1,1
316_1842,316,1842,127.08334934897721,37.25000507198274,6.7000484,1.0000477,4,4
316_1910,316,1910,138.41668327338994,37.25000507198274,7.7000394,0.8000698,4,4
317_346,317,346,-122.2499969881028,37.08333839662373,3.7000027,0.79998684,1,1
317_347,317,347,-122.08333031274378,37.08333839662373,4.000002,0.7999897,1,1
317_520,317,520,-93.24999547563493,37.08333839662373,15.000006,0.30000305,1,1
317_551,317,551,-88.0833285395056,37.08333839662373,13.100016,0.3000059,1,1
317_1123,317,1123,7.250009765848517,37.08333839662373,4.299983,0.49998856,1,1
318_347,318,347,-122.08333031274378,36.91667172126472,3.8000097,0.70000076,1,1
318_348,318,348,-121.91666363738477,36.91667172126472,4.200014,0.80000496,2,2
318_1125,318,1125,7.583343116566539,36.91667172126472,4.699889,0.49993134,2,2
318_1241,318,1241,26.91667745821178,36.91667172126472,3.6000023,0.1999321,2,2
318_1837,318,1837,126.25001597218215,36.91667172126472,6.900009,0.9000149,9,10
318_1838,318,1838,126.41668264754117,36.91667172126472,6.9000096,0.9000101,2,2
319_490,319,490,-98.24999573640525,36.75000504590571,15.900009,0.5000057,1,1
319_1097,319,1097,2.9166762065142393,36.75000504590571,4.499982,0.49998283,26,36
319_1101,319,1101,3.583342907950282,36.75000504590571,4.7,0.59999084,4,4
319_1110,319,1110,5.083342986181378,36.75000504590571,4.499914,0.49996567,16,18
319_1787,319,1787,117.91668220423162,36.75000504590571,5.000037,1.0000372,1,1
319_1837,319,1837,126.25001597218215,36.75000504590571,6.9000125,0.900012,7,8
319_1838,319,1838,126.41668264754117,36.75000504590571,6.9000506,0.90005016,1,1
319_1842,319,1842,127.08334934897721,36.75000504590571,6.8000035,1.0000038,4,4
319_1844,319,1844,127.41668269969523,36.75000504590571,6.7000437,1.0000439,2,2
319_1845,319,1845,127.58334937505424,36.75000504590571,6.600061,0.900074,1,1
320_348,320,348,-121.91666363738477,36.5833383705467,3.7999792,0.79999447,10,12
320_1108,320,1108,4.750009635463357,36.5833383705467,4.9999847,0.59999657,3,3
320_1780,320,1780,116.75001547671854,36.5833383705467,4.6000175,1.0000067,6,7
320_1781,320,1781,116.91668215207756,36.5833383705467,4.6000834,0.90008354,3,3
320_1782,320,1782,117.08334882743657,36.5833383705467,4.700016,1.0000038,1,1
320_1783,320,1783,117.25001550279558,36.5833383705467,4.799939,0.9999428,1,1
320_1911,320,1911,138.58334994874895,36.5833383705467,6.7998486,0.7998395,3,5
320_1919,320,1919,139.91668335162103,36.5833383705467,7.2000184,0.90003204,1,1
321_375,321,375,-117.41666340269148,36.41667169518769,8.700206,0.7001972,1,1
321_392,321,392,-114.5833299215883,36.41667169518769,7.7999287,0.599926,1,1
321_513,321,513,-94.41666220314801,36.41667169518769,14.8000145,0.30000687,1,1
321_524,321,524,-92.58332877419889,36.41667169518769,13.600015,0.30000877,1,1
321_1119,321,1119,6.583343064412475,36.41667169518769,5.100128,0.5001316,1,1
321_1143,321,1143,10.583343273028731,36.41667169518769,4.199992,0.2999916,1,1
321_1249,321,1249,28.250010861083865,36.41667169518769,3.9999924,0.30000114,1,1
321_1844,321,1844,127.41668269969523,36.41667169518769,6.500086,0.800086,9,9
321_1909,321,1909,138.25001659803092,36.41667169518769,6.900388,0.9003916,1,1
321_1911,321,1911,138.58334994874895,36.41667169518769,6.699652,0.8996463,6,7
321_1914,321,1914,139.08334997482598,36.41667169518769,6.9001436,0.9001312,1,1
322_625,322,625,-75.74999456293881,36.25000501982868,10.500008,0.6000023,1,1
322_1114,322,1114,5.750009687617421,36.25000501982868,5.19994,0.59994316,1,1
322_1119,322,1119,6.583343064412475,36.25000501982868,5.1999874,0.5999937,2,2
322_1802,322,1802,120.41668233461678,36.25000501982868,5.400119,1.0001154,2,2
322_1844,322,1844,127.41668269969523,36.25000501982868,6.5000267,0.8000269,1,1
322_1916,322,1916,139.416683325544,36.25000501982868,7.200062,0.9000521,1,1
323_407,323,407,-112.08332979120314,36.08333834446967,8.799978,0.6999717,1,1
323_571,323,571,-84.74999503232539,36.08333834446967,10.1,0.19999981,1,1
323_575,323,575,-84.08332833088934,36.08333834446967,10.000018,0.3000183,1,1
323_578,323,578,-83.58332830481231,36.08333834446967,9.80002,0.3000145,1,1
323_605,323,605,-79.08332807011902,36.08333834446967,10.500009,0.5999994,1,1
323_606,323,606,-78.91666139476001,36.08333834446967,10.600009,0.60000324,1,1
323_607,323,607,-78.749994719401,36.08333834446967,10.600027,0.60001564,1,1
323_1774,323,1774,115.75001542456448,36.08333834446967,4.3,0.89999104,6,6
323_1801,323,1801,120.25001565925777,36.08333834446967,5.2000275,1.0000248,2,2
323_1802,323,1802,120.41668233461678,36.08333834446967,5.20004,1.0000906,5,5
324_442,324,442,-106.24999615363777,35.916671669110656,8.499971,0.89996815,1,1
324_567,324,567,-85.41666173376143,35.916671669110656,10.30003,0.30002975,1,1
324_607,324,607,-78.749994719401,35.916671669110656,10.400009,0.60000324,1,1
324_1796,324,1796,119.41668228246272,35.916671669110656,5.0000033,1.0000038,10,14
324_1797,324,1797,119.58334895782173,35.916671669110656,4.899994,0.8999939,2,4
324_1801,324,1801,120.25001565925777,35.916671669110656,5.000006,1.0,2,2
324_1840,324,1840,126.75001599825919,35.916671669110656,6.5999994,0.79999924,4,5
324_1916,324,1916,139.416683325544,35.916671669110656,7.399987,0.89997005,3,4
324_1917,324,1917,139.583350000903,35.916671669110656,7.6000004,0.89999676,2,2
324_1918,324,1918,139.75001667626202,35.916671669110656,7.700026,0.9000416,5,6
324_1920,324,1920,140.08335002698004,35.916671669110656,7.7000117,1.0000248,1,1
324_1923,324,1923,140.58335005305707,35.916671669110656,7.299956,0.9999924,4,5
325_1044,325,1044,-5.916657587513328,35.750004993751645,3.6999903,0.5000057,1,2
325_1045,325,1045,-5.749990912154317,35.750004993751645,3.90001,0.60001373,6,7
325_1388,325,1388,51.41667873598635,35.750004993751645,4.100281,0.4002905,4,6
325_1916,325,1916,139.416683325544,35.750004993751645,7.5999503,0.9999342,3,3
325_1917,325,1917,139.583350000903,35.750004993751645,7.79996,0.9999628,3,3
325_1918,325,1918,139.75001667626202,35.750004993751645,7.8000317,1.0000219,13,15
325_1919,325,1919,139.91668335162103,35.750004993751645,7.8000417,0.9000578,4,4
326_366,326,366,-118.91666348092258,35.583338318392634,6.8000717,0.60006523,1,1
326_547,326,547,-88.74999524094164,35.583338318392634,11.500015,0.100008965,1,1
326_608,326,608,-78.58332804404199,35.583338318392634,9.900012,0.50000286,1,1
326_1295,326,1295,35.91667792759836,35.583338318392634,4.300153,0.60014534,1,1
326_1388,326,1388,51.41667873598635,35.583338318392634,4.200142,0.40014267,1,1
326_1743,326,1743,110.58334848843515,35.583338318392634,4.5000477,0.80003834,2,3
326_1916,326,1916,139.416683325544,35.583338318392634,7.699953,0.99994564,16,18
326_1917,326,1917,139.583350000903,35.583338318392634,7.799966,0.99996567,1,1
326_1918,326,1918,139.75001667626202,35.583338318392634,7.899986,1.1000051,1,1
326_1919,326,1919,139.91668335162103,35.583338318392634,7.6000586,1.0000391,4,4
327_357,327,357,-120.41666355915368,35.416671643033624,5.0999746,0.6999626,1,1
327_1898,327,1898,136.4166831690818,35.416671643033624,6.5998034,0.9998102,1,1
327_1899,327,1899,136.58334984444082,35.416671643033624,6.499999,0.9999962,1,1
327_1900,327,1900,136.75001651979983,35.416671643033624,6.50006,1.0000668,6,7
327_1913,327,1913,138.91668329946697,35.416671643033624,7.3998327,0.9998236,1,1
327_1915,327,1915,139.250016650185,35.416671643033624,7.4998765,0.99985313,3,3
327_1916,327,1916,139.416683325544,35.416671643033624,7.699985,0.99998474,1,1
327_1917,327,1917,139.583350000903,35.416671643033624,7.699969,0.99997616,1,1
328_354,328,354,-120.91666358523071,35.25000496767461,3.800004,0.7999821,7,7
328_355,328,355,-120.7499969098717,35.25000496767461,4.5000124,0.800004,1,1
328_386,328,386,-115.58332997374237,35.25000496767461,7.200009,0.70000744,1,1
328_518,328,518,-93.58332882635295,35.25000496767461,12.899989,0.3999834,1,1
328_580,328,580,-83.24999495409429,35.25000496767461,9.100006,0.40000534,1,1
328_1048,328,1048,-5.249990886077285,35.25000496767461,4.1000423,0.8000393,1,1
328_1062,328,1062,-2.916657431051135,35.25000496767461,3.799964,0.5999584,21,28
328_1278,328,1278,33.083344446495175,35.25000496767461,4.0999584,0.39997673,1,1
328_1279,328,1279,33.250011121854186,35.25000496767461,4.09995,0.39995003,2,2
328_1280,328,1280,33.4166777972132,35.25000496767461,4.0999546,0.3999691,1,1
328_1282,328,1282,33.75001114793122,35.25000496767461,4.0999985,0.50000954,1,1
328_1914,328,1914,139.08334997482598,35.25000496767461,7.2997923,1.0998135,2,2
328_1916,328,1916,139.416683325544,35.25000496767461,7.2000265,1.0999889,1,1
329_439,329,439,-106.7499961797148,35.0833382923156,8.200011,0.70001316,1,1
329_528,329,528,-91.91666207276285,35.0833382923156,12.200012,0.30000973,1,1
329_541,329,541,-89.74999529309571,35.0833382923156,11.500008,0.20000553,1,1
329_568,329,568,-85.24999505840242,35.0833382923156,9.300041,0.3000393,1,1
329_1069,329,1069,-1.7499907035380602,35.0833382923156,4.199952,0.6999645,2,2
329_1273,329,1273,32.25001106970012,35.0833382923156,3.7999926,0.39999962,5,5
329_1274,329,1274,32.41667774505913,35.0833382923156,3.700138,0.40013313,3,3
329_1276,329,1276,32.750011095777154,35.0833382923156,3.9999065,0.3999195,1,1
329_1278,329,1278,33.083344446495175,35.0833382923156,3.9999352,0.39993286,1,1
329_1846,329,1846,127.75001605041325,35.0833382923156,6.500064,0.9000635,1,1
329_1847,329,1847,127.91668272577226,35.0833382923156,6.5000176,0.9000044,1,1
329_1851,329,1851,128.5833494272083,35.0833382923156,6.900049,1.0000439,2,2
329_1894,329,1894,135.75001646764576,35.0833382923156,6.799964,0.89998055,7,10
329_1895,329,1895,135.91668314300478,35.0833382923156,6.7000465,1.0000439,2,2
329_1902,329,1902,137.08334987051785,35.0833382923156,6.20012,1.0001173,1,1
329_1910,329,1910,138.41668327338994,35.0833382923156,6.7999673,1.0000048,1,1
329_1914,329,1914,139.08334997482598,35.0833382923156,6.5998836,1.0998421,2,2
330_525,330,525,-92.41666209883988,34.91667161695659,12.100014,0.30000782,2,2
330_1042,330,1042,-6.249990938231349,34.91667161695659,3.400012,0.7000065,1,1
330_1070,330,1070,-1.5833240281790495,34.91667161695659,4.50002,0.8000202,2,2
330_1072,330,1072,-1.249990677461028,34.91667161695659,4.499978,0.69998074,6,7
330_1274,330,1274,32.41667774505913,34.91667161695659,3.9000301,0.40003586,15,20
330_1277,330,1277,32.916677771136165,34.91667161695659,3.8998346,0.3998413,4,4
330_1893,330,1893,135.58334979228675,34.91667161695659,6.7998996,0.8999195,1,1
330_1894,330,1894,135.75001646764576,34.91667161695659,6.700197,1.0002012,1,1
330_1895,330,1895,135.91668314300478,34.91667161695659,6.6000466,1.0000448,1,1
331_357,331,357,-120.41666355915368,34.75000494159758,4.599991,0.799984,1,1
331_409,331,409,-111.74999644048512,34.75000494159758,7.7001843,0.70017815,1,1
331_585,331,585,-82.41666157729924,34.75000494159758,8.500015,0.5000086,2,2
331_1274,331,1274,32.41667774505913,34.75000494159758,3.3001013,0.5000477,12,14
331_1754,331,1754,112.41668191738427,34.75000494159758,4.1999693,0.7999668,1,1
331_1755,331,1755,112.58334859274328,34.75000494159758,4.199994,0.80000305,2,2
331_1892,331,1892,135.41668311692774,34.75000494159758,6.700041,1.0000448,1,1
331_1893,331,1893,135.58334979228675,34.75000494159758,6.60013,1.0001106,1,1
331_1894,331,1894,135.75001646764576,34.75000494159758,6.7001104,1.0001097,2,2
332_1754,332,1754,112.41668191738427,34.58333826623857,4.200019,0.8000269,4,4
333_360,333,360,-119.91666353307664,34.41667159087956,4.600025,0.8000164,3,3
333_361,333,361,-119.74999685771763,34.41667159087956,4.600068,0.8000517,1,1
333_364,333,364,-119.2499968316406,34.41667159087956,5.5001354,0.8001232,1,1
333_369,333,369,-118.41666345484555,34.41667159087956,6.100068,0.7000618,1,1
333_371,333,371,-118.08333010412753,34.41667159087956,6.2999444,0.79993725,1,1
333_1040,333,1040,-6.58332428894937,34.41667159087956,3.0999537,0.6999512,2,2
333_1867,333,1867,131.25001623295248,34.41667159087956,6.3000364,0.90002346,1,1
333_1877,333,1877,132.91668298654258,34.41667159087956,6.1000404,0.90003395,1,1
333_1878,333,1878,133.0833496619016,34.41667159087956,6.099989,0.89999294,2,2
334_363,334,363,-119.41666350699961,34.25000491552055,4.7000465,0.800025,1,1
334_369,334,369,-118.41666345484555,34.25000491552055,5.8000755,0.8000622,2,2
334_370,334,370,-118.24999677948654,34.25000491552055,5.900098,0.8000889,2,2
334_406,334,406,-112.24999646656215,34.25000491552055,7.000001,0.7999954,1,1
334_412,334,412,-111.24999641440809,34.25000491552055,7.4001207,0.8001118,1,1
334_419,334,419,-110.08332968689501,34.25000491552055,7.799987,0.7999773,1,1
334_1039,334,1039,-6.749990964308381,34.25000491552055,2.499999,0.6999779,1,1
334_1040,334,1040,-6.58332428894937,34.25000491552055,3.199934,0.7999325,1,1
334_1733,334,1733,108.91668173484504,34.25000491552055,4.4999914,0.60000134,1,1
334_1782,334,1782,117.08334882743657,34.25000491552055,4.300003,0.8000002,1,1
335_366,335,366,-118.91666348092258,34.08333824016154,4.7999973,0.7999716,1,1
335_367,335,367,-118.74999680556357,34.08333824016154,5.1000137,0.7999954,4,4
335_368,335,368,-118.58333013020456,34.08333824016154,5.1000023,0.7999811,1,1
335_370,335,370,-118.24999677948654,34.08333824016154,5.4000816,0.800066,3,3
335_371,335,371,-118.08333010412753,34.08333824016154,5.5001364,0.8001251,1,1
335_375,335,375,-117.41666340269148,34.08333824016154,6.000106,0.8000946,2,2
335_383,335,383,-116.0833299998194,34.08333824016154,6.599883,0.799881,1,1
335_517,335,517,-93.74999550171196,34.08333824016154,11.700018,0.40001392,2,2
335_591,335,591,-81.41666152514517,34.08333824016154,8.100012,0.5000057,1,1
335_1038,335,1038,-6.916657639667392,34.08333824016154,2.2000427,0.80000496,2,2
335_1039,335,1039,-6.749990964308381,34.08333824016154,3.0999765,0.89998245,2,2
335_1040,335,1040,-6.58332428894937,34.08333824016154,3.1999702,0.89995575,2,2
335_1050,335,1050,-4.916657535359263,34.08333824016154,4.599988,0.999979,2,2
335_1054,335,1054,-4.249990833923221,34.08333824016154,4.6000566,0.8000593,5,5
335_1734,335,1734,109.08334841020405,34.08333824016154,4.5000095,0.6999998,1,1
336_373,336,373,-117.7499967534095,33.91667156480253,5.200012,0.7999954,1,1
336_375,336,375,-117.41666340269148,33.91667156480253,5.500025,0.80000687,1,1
336_379,336,379,-116.74999670125544,33.91667156480253,6.100113,0.8001032,1,1
336_403,336,403,-112.74999649263918,33.91667156480253,6.700035,0.9000282,1,1
336_407,336,407,-112.08332979120314,33.91667156480253,6.8000937,0.90008545,1,1
336_572,336,572,-84.58332835696638,33.91667156480253,8.100008,0.5000057,1,1
336_1734,336,1734,109.08334841020405,33.91667156480253,4.499775,0.6997843,1,1
336_1789,336,1789,118.25001555494964,33.91667156480253,4.5000124,0.900012,1,1
336_1867,336,1867,131.25001623295248,33.91667156480253,5.900009,0.9000139,1,1
337_370,337,370,-118.24999677948654,33.75000488944352,4.5000124,0.8999958,4,4
337_371,337,371,-118.08333010412753,33.75000488944352,4.500004,0.799984,3,3
337_373,337,373,-117.7499967534095,33.75000488944352,4.8000336,0.8000202,1,1
337_374,337,374,-117.5833300780505,33.75000488944352,4.899935,0.7999201,1,1
337_380,337,380,-116.58333002589643,33.75000488944352,5.9997396,0.79973125,1,1
337_382,337,382,-116.24999667517841,33.75000488944352,6.200205,0.8001938,2,2
337_385,337,385,-115.74999664910138,33.75000488944352,6.399928,0.79992294,2,2
337_406,337,406,-112.24999646656215,33.75000488944352,6.7000275,0.9000244,1,1
337_408,337,408,-111.91666311584413,33.75000488944352,6.800082,0.9000797,1,1
337_1887,337,1887,134.5833497401327,33.75000488944352,5.3999395,0.99998,1,1
338_372,338,372,-117.91666342876852,33.583338214084506,4.2000055,0.7999878,6,6
338_373,338,373,-117.7499967534095,33.583338214084506,4.499996,0.8999834,1,1
338_384,338,384,-115.91666332446039,33.583338214084506,6.300149,0.8001499,2,2
338_406,338,406,-112.24999646656215,33.583338214084506,6.6000166,1.0000114,1,1
338_407,338,407,-112.08332979120314,33.583338214084506,6.6000214,1.0000134,2,2
338_408,338,408,-111.91666311584413,33.583338214084506,6.7000523,1.0000439,1,1
338_410,338,410,-111.58332976512611,33.583338214084506,6.600065,0.8000603,1,1
338_560,338,560,-86.5833284612745,33.583338214084506,8.400019,0.40001202,1,1
338_598,338,598,-80.2499947976321,33.583338214084506,7.7000084,0.5000038,1,1
338_1034,338,1034,-7.583324341103435,33.583338214084506,2.3999891,0.7999954,2,2
338_1049,338,1049,-5.083324210718274,33.583338214084506,4.899931,0.9999294,1,1
338_1803,338,1803,120.58334900997579,33.583338214084506,5.4000034,1.1000004,1,1
338_1862,338,1862,130.41668285615742,33.583338214084506,6.70014,1.0001364,2,2
339_370,339,370,-118.24999677948654,33.416671538725495,3.2999916,0.8000002,1,1
339_373,339,373,-117.7499967534095,33.416671538725495,3.9000158,0.8999891,2,2
339_407,339,407,-112.08332979120314,33.416671538725495,6.5,0.9999981,1,1
339_410,339,410,-111.58332976512611,33.416671538725495,6.60003,0.9000263,1,1
339_412,339,412,-111.24999641440809,33.416671538725495,6.6000395,0.8000412,1,1
339_497,339,497,-97.08332900889218,33.416671538725495,12.900003,0.40000343,1,1
339_559,339,559,-86.74999513663352,33.416671538725495,8.3000145,0.30001068,1,1
339_588,339,588,-81.9166615512222,33.416671538725495,7.6000185,0.500021,1,1
339_1048,339,1048,-5.249990886077285,33.416671538725495,5.0001307,1.0001335,1,1
340_375,340,375,-117.41666340269148,33.250004863366485,4.5000105,0.90000725,2,2
340_381,340,381,-116.41666335053742,33.250004863366485,5.8999653,0.89995956,1,1
340_386,340,386,-115.58332997374237,33.250004863366485,6.400057,0.90005875,1,1
340_497,340,497,-97.08332900889218,33.250004863366485,12.700005,0.40000153,1,1
340_1293,340,1293,35.583344576880336,33.250004863366485,4.1003437,0.40034103,5,6
340_1294,340,1294,35.75001125223935,33.250004863366485,4.3000154,0.5000124,4,5
340_1725,340,1725,107.58334833197296,33.250004863366485,4.2001324,0.70013237,1,1
341_376,341,376,-117.24999672733247,33.083338188007474,4.5999966,0.7999916,3,3
341_380,341,380,-116.58333002589643,33.083338188007474,5.699956,0.8999491,1,1
341_381,341,381,-116.41666335053742,33.083338188007474,5.8999176,0.8999157,1,1
341_499,341,499,-96.74999565817416,33.083338188007474,12.400011,0.40000534,1,2
341_1290,341,1290,35.083344550803304,33.083338188007474,3.7000942,0.50006676,7,7
341_1291,341,1291,35.250011226162314,33.083338188007474,4.000046,0.40005684,2,2
341_1292,341,1292,35.416677901521325,33.083338188007474,3.9998417,0.3998356,1,1
341_1293,341,1293,35.583344576880336,33.083338188007474,4.2002487,0.5002346,15,20
341_1294,341,1294,35.75001125223935,33.083338188007474,4.3001213,0.40011787,3,4
342_376,342,376,-117.24999672733247,32.91667151264846,4.7000046,0.8999996,5,5
342_377,342,377,-117.08333005197346,32.91667151264846,4.9000025,0.8999977,4,4
342_382,342,382,-116.24999667517841,32.91667151264846,5.9999924,0.8999901,2,2
342_495,342,495,-97.4166623596102,32.91667151264846,12.400009,0.40000916,1,1
342_496,342,496,-97.24999568425119,32.91667151264846,12.300013,0.40000534,1,1
342_498,342,498,-96.91666233353317,32.91667151264846,12.300022,0.4000187,2,2
342_499,342,499,-96.74999565817416,32.91667151264846,12.300016,0.50001144,1,1
342_500,342,500,-96.58332898281515,32.91667151264846,12.20002,0.40001678,2,2
342_976,342,976,-17.249991511926055,32.91667151264846,2.7998781,0.49991894,3,3
342_977,342,977,-17.083324836567044,32.91667151264846,2.000001,0.5,1,1
342_1290,342,1290,35.083344550803304,32.91667151264846,3.8000622,0.40005493,1,1
342_1292,342,1292,35.416677901521325,32.91667151264846,4.1999397,0.49993515,2,2
342_1293,342,1293,35.583344576880336,32.91667151264846,4.300171,0.50016785,4,4
343_376,343,376,-117.24999672733247,32.75000483728945,4.6000032,0.7999973,7,7
343_377,343,377,-117.08333005197346,32.75000483728945,4.900009,0.90000343,3,3
343_481,343,481,-99.74999581463635,32.75000483728945,11.200013,0.6000061,1,1
343_496,343,496,-97.24999568425119,32.75000483728945,12.200009,0.40000916,1,1
343_497,343,497,-97.08332900889218,32.75000483728945,12.100016,0.40000916,2,2
343_499,343,499,-96.74999565817416,32.75000483728945,12.100023,0.50001717,1,1
343_500,343,500,-96.58332898281515,32.75000483728945,12.100014,0.50001144,1,1
343_598,343,598,-80.2499947976321,32.75000483728945,6.7999983,0.5,1,1
343_600,343,600,-79.91666144691408,32.75000483728945,6.600009,0.50000954,1,1
343_977,343,977,-17.083324836567044,32.75000483728945,2.399932,0.49993324,3,5
343_978,343,978,-16.916658161208034,32.75000483728945,2.599801,0.49983692,4,5
343_979,343,979,-16.749991485849023,32.75000483728945,1.8999386,0.5,11,11
343_1050,343,1050,-4.916657535359263,32.75000483728945,5.0999813,0.9999819,2,2
343_1206,343,1206,21.083343820646405,32.75000483728945,3.1999884,0.19997597,1,1
343_1289,343,1289,34.91667787544429,32.75000483728945,3.4000587,0.500021,39,48
343_1290,343,1290,35.083344550803304,32.75000483728945,3.9999895,0.39998817,36,36
343_1291,343,1291,35.250011226162314,32.75000483728945,4.099965,0.39996147,4,4
343_1292,343,1292,35.416677901521325,32.75000483728945,4.199955,0.39995575,3,3
343_1293,343,1293,35.583344576880336,32.75000483728945,4.2001743,0.40016747,1,1
343_1526,343,1526,74.41667993552983,32.75000483728945,3.4000015,2.1000023,1,1
343_1867,343,1867,131.25001623295248,32.75000483728945,5.5000997,1.0001059,1,1
344_377,344,377,-117.08333005197346,32.58333816193044,4.8999968,0.7999973,1,1
344_380,344,380,-116.58333002589643,32.58333816193044,5.6000605,0.900054,1,1
344_494,344,494,-97.58332903496921,32.58333816193044,12.000004,0.4999981,1,1
344_495,344,495,-97.4166623596102,32.58333816193044,11.999996,0.49999237,1,1
344_496,344,496,-97.24999568425119,32.58333816193044,12.0,0.49999237,1,1
344_498,344,498,-96.91666233353317,32.58333816193044,12.0,0.4999962,3,3
344_567,344,567,-85.41666173376143,32.58333816193044,7.3000116,0.40000534,1,1
344_978,344,978,-16.916658161208034,32.58333816193044,2.7000313,0.50006485,2,2
344_1289,344,1289,34.91667787544429,32.58333816193044,3.7000504,0.40003586,1,1
344_1290,344,1290,35.083344550803304,32.58333816193044,4.099965,0.39996147,11,14
344_1292,344,1292,35.416677901521325,32.58333816193044,4.1999607,0.39995384,4,6
344_1293,344,1293,35.583344576880336,32.58333816193044,4.3001842,0.40018082,2,2
345_414,345,414,-110.91666306369007,32.41667148657143,6.200097,0.8000965,9,9
345_516,345,516,-93.91666217707098,32.41667148657143,10.400003,0.4999981,1,1
345_1289,345,1289,34.91667787544429,32.41667148657143,3.9000244,0.4000244,2,2
345_1293,345,1293,35.583344576880336,32.41667148657143,4.6002865,0.4003067,2,2
346_412,346,412,-111.24999641440809,32.25000481121242,6.199996,0.899992,1,1
346_414,346,414,-110.91666306369007,32.25000481121242,6.200082,0.80008125,1,1
346_415,346,415,-110.74999638833106,32.25000481121242,6.200259,0.80026054,1,1
346_507,346,507,-95.41666225530207,32.25000481121242,11.100018,0.7000122,1,1
346_1288,346,1288,34.75001120008528,32.25000481121242,3.500021,0.39999962,1,1
346_1289,346,1289,34.91667787544429,32.25000481121242,3.9000473,0.40003967,11,13
346_1291,346,1291,35.250011226162314,32.25000481121242,4.0998497,0.3998394,2,4
346_1292,346,1292,35.416677901521325,32.25000481121242,4.1999207,0.39988136,1,1
346_1797,346,1797,119.58334895782173,32.25000481121242,4.800021,1.1000242,1,1
347_1288,347,1288,34.75001120008528,32.08333813585341,3.7000198,0.40000343,8,9
347_1289,347,1289,34.91667787544429,32.08333813585341,4.000045,0.40004158,15,21
347_1290,347,1290,35.083344550803304,32.08333813585341,4.10009,0.40008736,8,12
347_1292,347,1292,35.416677901521325,32.08333813585341,4.399893,0.39985847,2,3
347_1764,347,1764,114.08334867097437,32.08333813585341,3.800003,0.70001507,1,1
347_1791,347,1791,118.58334890566766,32.08333813585341,4.6999874,1.099988,4,4
347_1793,347,1793,118.91668225638568,32.08333813585341,4.700016,1.0000191,1,1
347_1794,347,1794,119.0833489317447,32.08333813585341,4.799982,1.0999947,2,3
347_1796,347,1796,119.41668228246272,32.08333813585341,4.8999968,1.199997,1,1
348_418,348,418,-110.24999636225402,31.9166714604944,6.2000256,1.0000229,1,1
348_594,348,594,-80.91666149906814,31.9166714604944,7.2999935,0.5000038,1,1
348_1288,348,1288,34.75001120008528,31.9166714604944,3.8999949,0.3999939,20,27
348_1289,348,1289,34.91667787544429,31.9166714604944,4.0000563,0.40005684,19,26
348_1290,348,1290,35.083344550803304,31.9166714604944,4.0001087,0.4000988,3,7
348_1784,348,1784,117.41668217815459,31.9166714604944,4.5000153,1.0000181,1,1
348_1792,348,1792,118.75001558102667,31.9166714604944,4.7000103,1.1000004,1,1
349_380,349,380,-116.58333002589643,31.75000478513539,5.0000315,0.9000244,1,1
349_1287,349,1287,34.58334452472627,31.75000478513539,3.7999954,0.40000343,15,15
349_1288,349,1288,34.75001120008528,31.75000478513539,3.900013,0.40000534,1,1
349_1289,349,1289,34.91667787544429,31.75000478513539,3.9001198,0.3001194,5,5
349_1290,349,1290,35.083344550803304,31.75000478513539,3.9999886,0.39998245,16,24
349_1291,349,1291,35.250011226162314,31.75000478513539,4.099806,0.3997593,11,19
349_1292,349,1292,35.416677901521325,31.75000478513539,4.7999935,0.39992714,4,4
350_417,350,417,-110.41666303761303,31.583338109776378,6.099971,0.9999676,1,1
350_503,350,503,-96.08332895673811,31.583338109776378,10.600006,0.70000076,1,1
350_1031,350,1031,-8.083324367180467,31.583338109776378,4.300004,0.80000114,3,5
350_1032,350,1032,-7.916657691821456,31.583338109776378,4.4000235,0.8000183,5,7
350_1046,350,1046,-5.583324236795306,31.583338109776378,4.999955,0.89995575,1,1
350_1052,350,1052,-4.583324184641242,31.583338109776378,5.000018,0.9000168,1,1
350_1053,350,1053,-4.416657509282231,31.583338109776378,5.000042,0.90003777,1,1
350_1063,350,1063,-2.7499907556921244,31.583338109776378,5.100025,0.8000355,2,2
350_1288,350,1288,34.75001120008528,31.583338109776378,4.000021,0.4000244,2,4
350_1289,350,1289,34.91667787544429,31.583338109776378,4.00014,0.40013313,13,14
350_1290,350,1290,35.083344550803304,31.583338109776378,3.999875,0.29987907,2,2
350_1291,350,1291,35.250011226162314,31.583338109776378,4.0998163,0.39972305,1,2
350_1292,350,1292,35.416677901521325,31.583338109776378,5.5001144,0.40010643,1,1
350_1802,350,1802,120.41668233461678,31.583338109776378,5.200012,1.2000122,2,3
350_1804,350,1804,120.7500156853348,31.583338109776378,5.3000116,1.2999897,4,4
351_496,351,496,-97.24999568425119,31.416671434417367,10.699989,0.6999836,1,1
351_511,351,511,-94.74999555386603,31.416671434417367,9.800015,0.6000061,2,2
351_1031,351,1031,-8.083324367180467,31.416671434417367,4.3999805,0.8999691,3,3
351_1033,351,1033,-7.749991016462445,31.416671434417367,4.6000795,0.80007744,2,2
351_1047,351,1047,-5.4166575614362955,31.416671434417367,4.9999886,0.8999901,1,1
351_1063,351,1063,-2.7499907556921244,31.416671434417367,5.099991,0.8999882,1,1
351_1286,351,1286,34.41667784936726,31.416671434417367,3.8999977,0.3999977,3,3
351_1288,351,1288,34.75001120008528,31.416671434417367,4.0000515,0.40005112,1,1
351_1290,351,1290,35.083344550803304,31.416671434417367,4.199892,0.3998947,2,2
351_1291,351,1291,35.250011226162314,31.416671434417367,4.199831,0.39972687,6,8
351_1292,351,1292,35.416677901521325,31.416671434417367,5.8001175,0.4001255,2,2
351_1540,351,1540,76.75001339055598,31.416671434417367,4.500244,1.6002369,2,2
351_1708,351,1708,104.75001485086977,31.416671434417367,3.4000149,0.50001144,3,3
351_1801,351,1801,120.25001565925777,31.416671434417367,5.1000156,1.200016,7,14
352_567,352,567,-85.41666173376143,31.250004759058356,6.7000027,0.40000534,1,1
352_1035,352,1035,-7.416657665744424,31.250004759058356,4.8998313,0.89983463,1,1
352_1056,352,1056,-3.9166574832051992,31.250004759058356,5.000078,0.80008125,2,2
352_1259,352,1259,29.916677614673972,31.250004759058356,3.699997,0.30000496,1,4
352_1285,352,1285,34.25001117400825,31.250004759058356,4.099989,0.39999962,3,7
352_1286,352,1286,34.41667784936726,31.250004759058356,4.099992,0.39999962,2,6
352_1287,352,1287,34.58334452472627,31.250004759058356,4.1000147,0.4000187,2,3
352_1290,352,1290,35.083344550803304,31.250004759058356,4.1999655,0.3999672,1,1
352_1291,352,1291,35.250011226162314,31.250004759058356,4.199811,0.3997383,1,1
352_1292,352,1292,35.416677901521325,31.250004759058356,5.3002167,0.40019608,1,1
352_1706,352,1706,104.41668150015175,31.250004759058356,3.399991,0.599988,1,1
352_1808,352,1808,121.41668238677084,31.250004759058356,5.6000223,1.3000107,2,7
352_1809,352,1809,121.58334906212986,31.250004759058356,5.7000103,1.3000002,5,7
353_568,353,568,-85.24999505840242,31.083338083699346,6.500003,0.40000153,1,1
353_1031,353,1031,-8.083324367180467,31.083338083699346,4.6001234,0.9001179,1,1
353_1055,353,1055,-4.08332415856421,31.083338083699346,5.100008,0.9000187,9,12
353_1285,353,1285,34.25001117400825,31.083338083699346,4.199995,0.3999977,1,1
353_1705,353,1705,104.25001482479274,31.083338083699346,3.400011,0.6000109,1,1
353_1807,353,1807,121.25001571141183,31.083338083699346,5.4000063,1.2999935,6,6
353_1808,353,1808,121.41668238677084,31.083338083699346,5.500023,1.3000011,3,3
354_491,354,491,-98.08332906104624,30.916671408340335,10.099989,0.59998703,1,1
354_1021,354,1021,-9.749991120770574,30.916671408340335,2.8000612,0.7000456,3,3
354_1286,354,1286,34.41667784936726,30.916671408340335,4.300004,0.3000164,1,1
354_1291,354,1291,35.250011226162314,30.916671408340335,4.4000206,0.3999691,1,2
354_1292,354,1292,35.416677901521325,30.916671408340335,5.200287,0.4003353,3,4
354_1787,354,1787,117.91668220423162,30.916671408340335,4.8000307,1.1000309,4,4
354_1809,354,1809,121.58334906212986,30.916671408340335,5.6000223,1.3000011,1,1
355_494,355,494,-97.58332903496921,30.750004732981324,10.200002,0.69999886,2,2
355_502,355,502,-96.24999563209713,30.750004732981324,9.800008,0.7000046,1,1
355_526,355,526,-92.24999542348087,30.750004732981324,8.300007,0.4999981,2,2
355_545,355,545,-89.08332859165967,30.750004732981324,8.100012,0.5000076,1,1
355_1041,355,1041,-6.41665761359036,30.750004732981324,4.9001036,0.9000988,1,1
355_1291,355,1291,35.250011226162314,30.750004732981324,4.5000725,0.40006828,2,2
355_1703,355,1703,103.91668147407472,30.750004732981324,3.400014,0.6000147,1,1
355_1764,355,1764,114.08334867097437,30.750004732981324,4.199993,0.9999819,1,1
356_491,356,491,-98.08332906104624,30.583338057622313,9.900011,0.7000084,2,2
356_509,356,509,-95.08332890458405,30.583338057622313,9.3,0.69999504,1,1
356_542,356,542,-89.5833286177367,30.583338057622313,8.0,0.40000153,1,1
356_550,356,550,-88.24999521486461,30.583338057622313,8.099997,0.4999962,1,1
356_591,356,591,-81.41666152514517,30.583338057622313,7.7000046,0.5000057,1,1
356_1021,356,1021,-9.749991120770574,30.583338057622313,2.4001179,0.7000618,2,2
356_1289,356,1289,34.91667787544429,30.583338057622313,4.499876,0.2998829,1,1
356_1704,356,1704,104.08334814943373,30.583338057622313,3.400035,0.60004425,2,2
356_1705,356,1705,104.25001482479274,30.583338057622313,3.4000025,0.6999998,6,7
356_1765,356,1765,114.25001534633338,30.583338057622313,4.199994,0.8999939,1,1
356_1766,356,1766,114.4166820216924,30.583338057622313,4.299999,1.0,1,1
357_469,357,469,-101.74999591894448,30.416671382263303,8.000021,0.90001297,1,1
357_493,357,493,-97.74999571032822,30.416671382263303,9.800009,0.7000046,7,7
357_494,357,494,-97.58332903496921,30.416671382263303,9.800015,0.7000065,1,1
357_497,357,497,-97.08332900889218,30.416671382263303,9.7,0.69999504,1,1
357_533,357,533,-91.0833286959678,30.416671382263303,8.099999,0.40000153,1,1
357_547,357,547,-88.74999524094164,30.416671382263303,8.200015,0.40001297,2,2
357_551,357,551,-88.0833285395056,30.416671382263303,7.9000034,0.5000019,1,1
357_555,357,555,-87.41666183806956,30.416671382263303,7.7000103,0.5000057,1,1
357_573,357,573,-84.41666168160737,30.416671382263303,6.4000006,0.5000019,2,2
357_574,357,574,-84.24999500624835,30.416671382263303,6.4000006,0.5000057,4,5
357_575,357,575,-84.08332833088934,30.416671382263303,6.300006,0.5000057,1,1
357_1022,357,1022,-9.583324445411563,30.416671382263303,3.200056,0.8000374,2,2
357_1023,357,1023,-9.416657770052552,30.416671382263303,3.5000763,0.8000641,1,1
357_1289,357,1289,34.91667787544429,30.416671382263303,4.5999355,0.39992905,2,6
357_1520,357,1520,73.41667988337576,30.416671382263303,4.0000114,1.9000111,9,10
357_1545,357,1545,77.58334676735103,30.416671382263303,3.300129,1.5001144,1,1
357_1546,357,1546,77.75001344271004,30.416671382263303,3.400238,1.5002155,3,3
357_1548,357,1548,78.08334679342806,30.416671382263303,3.7003317,1.40032,1,1
357_1767,357,1767,114.5833486970514,30.416671382263303,4.300009,1.0000095,1,1
358_385,358,385,-115.74999664910138,30.250004706904292,4.4000444,0.80002975,1,1
358_493,358,493,-97.74999571032822,30.250004706904292,9.600014,0.7000046,1,1
358_494,358,494,-97.58332903496921,30.250004706904292,9.700015,0.7000141,2,2
358_540,358,540,-89.91666196845472,30.250004706904292,7.900015,0.5000057,4,4
358_565,358,565,-85.74999508447945,30.250004706904292,6.9000034,0.5000057,1,1
358_1289,358,1289,34.91667787544429,30.250004706904292,4.6999407,0.3999424,1,1
358_1547,358,1547,77.91668011806905,30.250004706904292,3.4000473,1.5000343,2,2
358_1762,358,1762,113.75001532025635,30.250004706904292,4.1000023,0.99999046,1,1
358_1763,358,1763,113.91668199561536,30.250004706904292,4.2000027,0.9999943,7,8
358_1800,358,1800,120.08334898389876,30.250004706904292,4.9999905,1.1999912,18,19
358_1805,358,1805,120.91668236069381,30.250004706904292,5.2000256,1.3000069,2,2
358_1806,358,1806,121.08334903605282,30.250004706904292,5.3000097,1.2000103,1,1
359_485,359,485,-99.0833291132003,30.08333803154528,9.000008,0.80000496,6,6
359_491,359,491,-98.08332906104624,30.08333803154528,9.399999,0.7999916,1,1
359_508,359,508,-95.24999557994306,30.08333803154528,9.000014,0.7000084,1,1
359_565,359,565,-85.74999508447945,30.08333803154528,6.800008,0.5000019,1,1
359_575,359,575,-84.08332833088934,30.08333803154528,6.499999,0.40000153,1,1
359_1267,359,1267,31.250011017546058,30.08333803154528,5.300006,0.20000267,2,2
359_1268,359,1268,31.41667769290507,30.08333803154528,5.3000183,0.20003128,1,1
359_1288,359,1288,34.75001120008528,30.08333803154528,4.599966,0.2999668,1,1
359_1289,359,1289,34.91667787544429,30.08333803154528,4.5999355,0.29993057,7,13
359_1290,359,1290,35.083344550803304,30.08333803154528,4.7000885,0.3000908,2,2
359_1794,359,1794,119.0833489317447,30.08333803154528,4.800008,1.1999979,1,1
359_1813,359,1813,122.2500157635659,30.08333803154528,5.8999805,1.1999874,1,1
359_1814,359,1814,122.41668243892491,30.08333803154528,5.9000063,1.3000002,1,1
360_492,360,492,-97.91666238568723,29.91667135618627,9.200009,0.7000046,1,1
360_507,360,507,-95.41666225530207,29.91667135618627,8.900011,0.7000065,1,1
360_583,360,583,-82.74999492801726,29.91667135618627,6.100005,0.5000019,1,1
360_1266,360,1266,31.083344342187047,29.91667135618627,5.2999525,0.29994965,2,2
360_1267,360,1267,31.250011017546058,29.91667135618627,5.2000504,0.20005417,6,6
360_1288,360,1288,34.75001120008528,29.91667135618627,4.6999454,0.29995537,1,1
360_1289,360,1289,34.91667787544429,29.91667135618627,4.6998434,0.3998356,2,2
360_1290,360,1290,35.083344550803304,29.91667135618627,4.7002754,0.3002758,3,4
360_1788,360,1788,118.08334887959063,29.91667135618627,4.700018,1.2000179,9,9
360_1809,360,1809,121.58334906212986,29.91667135618627,5.6000223,1.3000164,1,1
360_1812,360,1812,122.08334908820689,29.91667135618627,5.7999964,1.1999836,2,2
361_489,361,489,-98.41666241176426,29.75000468082726,9.000009,0.80000305,1,1
361_503,361,503,-96.08332895673811,29.75000468082726,8.8,0.7999973,1,1
361_506,361,506,-95.58332893066108,29.75000468082726,8.800002,0.7999973,1,1
361_532,361,532,-91.2499953713268,29.75000468082726,8.2,0.40000534,1,1
361_591,361,591,-81.41666152514517,29.75000468082726,7.300002,0.4999962,4,4
361_1289,361,1289,34.91667787544429,29.75000468082726,4.6999893,0.39998436,1,1
361_1290,361,1290,35.083344550803304,29.75000468082726,4.800148,0.4001484,23,426
361_1809,361,1809,121.58334906212986,29.75000468082726,5.600045,1.3000259,1,1
361_1810,361,1810,121.75001573748887,29.75000468082726,5.699952,1.1999826,1,1
362_487,362,487,-98.74999576248229,29.58333800546825,8.80002,0.9000149,2,2
362_488,362,488,-98.58332908712327,29.58333800546825,8.900017,0.9000149,2,2
362_506,362,506,-95.58332893066108,29.58333800546825,8.700002,0.69999886,2,2
362_507,362,507,-95.41666225530207,29.58333800546825,8.699996,0.59999657,1,1
362_509,362,509,-95.08332890458405,29.58333800546825,8.700003,0.69999886,1,1
362_1289,362,1289,34.91667787544429,29.58333800546825,4.60013,0.40011406,5,5
362_1700,362,1700,103.41668144799769,29.58333800546825,3.4998093,0.59980965,1,1
362_1718,362,1718,106.41668160445988,29.58333800546825,3.6999874,0.9999809,1,1
362_1719,362,1719,106.58334827981889,29.58333800546825,3.7000093,0.9000225,2,2
363_489,363,489,-98.41666241176426,29.41667133010924,8.800023,0.9000206,3,3
363_509,363,509,-95.08332890458405,29.41667133010924,8.699994,0.69999504,1,1
363_1019,363,1019,-10.083324471488595,29.41667133010924,3.0000134,0.70001984,1,1
363_1799,363,1799,119.91668230853975,29.41667133010924,4.899976,1.199976,1,1
365_494,365,494,-97.58332903496921,29.083337979391217,8.500004,0.70000076,2,2
365_585,365,585,-82.41666157729924,29.083337979391217,6.300002,0.40000534,1,1
365_593,365,593,-81.08332817442715,29.083337979391217,6.199995,0.39999962,1,1
365_997,365,997,-13.74999132938683,29.083337979391217,2.3999996,0.7000046,1,1
365_998,365,998,-13.58332465402782,29.083337979391217,2.2999382,0.69994926,2,2
366_500,366,500,-96.58332898281515,28.916671304032207,8.40001,0.7000046,1,1
366_583,366,583,-82.74999492801726,28.916671304032207,6.300006,0.40000725,2,2
366_592,366,592,-81.24999484978616,28.916671304032207,6.2000046,0.40000534,1,1
366_973,366,973,-17.749991538003087,28.916671304032207,2.5,0.6000004,12,12
366_996,366,996,-13.916658004745841,28.916671304032207,2.5000267,0.6000366,2,3
366_998,366,998,-13.58332465402782,28.916671304032207,2.0999947,0.59999084,1,1
367_399,367,399,-113.41666319407523,28.750004628673196,4.79996,1.0999794,1,1
367_588,367,588,-81.9166615512222,28.750004628673196,6.2000074,0.40000153,2,2
367_592,367,592,-81.24999484978616,28.750004628673196,5.90001,0.3000126,1,1
367_972,367,972,-17.916658213362098,28.750004628673196,2.0997286,0.5997772,2,2
367_973,367,973,-17.749991538003087,28.750004628673196,1.0999699,0.49993324,48,49
367_995,367,995,-14.083324680104852,28.750004628673196,2.6000004,0.7000141,1,1
367_1542,367,1542,77.083346741274,28.750004628673196,3.7000122,2.2000027,1,1
368_591,368,591,-81.41666152514517,28.583337953314185,5.800007,0.40000153,1,1
368_592,368,592,-81.24999484978616,28.583337953314185,5.7000084,0.40000153,4,4
368_593,368,593,-81.08332817442715,28.583337953314185,5.500002,0.30000877,1,1
368_595,368,595,-80.74999482370913,28.583337953314185,4.8999996,0.30000305,1,1
368_972,368,972,-17.916658213362098,28.583337953314185,1.9999456,0.5999985,6,6
368_973,368,973,-17.749991538003087,28.583337953314185,0.80002975,0.5000191,3,4
368_981,368,981,-16.416658135131,28.583337953314185,2.5000505,0.7000389,6,7
368_982,368,982,-16.24999145977199,28.583337953314185,2.599846,0.5999031,37,50
368_995,368,995,-14.083324680104852,28.583337953314185,2.5000114,0.7000027,1,1
368_996,368,996,-13.916658004745841,28.583337953314185,2.5999146,0.6999283,11,11
368_1367,368,1367,47.91667855344713,28.583337953314185,5.1999702,0.9999771,1,1
368_1543,368,1543,77.25001341663301,28.583337953314185,3.7000027,2.1000023,4,4
369_498,369,498,-96.91666233353317,28.416671277955174,8.100002,0.69999886,1,1
369_591,369,591,-81.41666152514517,28.416671277955174,5.600006,0.30000877,1,1
369_972,369,972,-17.916658213362098,28.416671277955174,1.7000275,0.5000057,4,4
369_978,369,978,-16.916658161208034,28.416671277955174,2.6999846,0.6000252,1,1
369_979,369,979,-16.749991485849023,28.416671277955174,1.9000607,0.6000519,4,4
369_980,369,980,-16.583324810490012,28.416671277955174,2.1000261,0.6000204,13,17
369_981,369,981,-16.416658135131,28.416671277955174,2.2997084,0.699749,12,13
369_982,369,982,-16.24999145977199,28.416671277955174,1.2999859,0.60004807,6,7
369_995,369,995,-14.083324680104852,28.416671277955174,2.4999466,0.5999508,4,4
369_996,369,996,-13.916658004745841,28.416671277955174,2.4999104,0.600008,5,5
369_1564,369,1564,80.75001359917223,28.416671277955174,3.5,1.6999893,1,1
369_1798,369,1798,119.75001563318074,28.416671277955174,4.700038,1.2000294,3,3
369_1799,369,1799,119.91668230853975,28.416671277955174,4.8002186,1.2002068,4,4
370_499,370,499,-96.74999565817416,28.250004602596164,7.8999996,0.69999695,1,1
370_588,370,588,-81.9166615512222,28.250004602596164,6.0,0.40000534,1,1
370_596,370,596,-80.58332814835012,28.250004602596164,4.4000034,0.3000126,1,1
370_978,370,978,-16.916658161208034,28.250004602596164,2.2002,0.7001667,3,3
370_979,370,979,-16.749991485849023,28.250004602596164,2.4000483,0.60005665,19,23
370_980,370,980,-16.583324810490012,28.250004602596164,2.499485,0.5995531,10,11
370_981,370,981,-16.416658135131,28.250004602596164,1.3999081,0.60004425,10,11
370_1857,370,1857,129.58334947936237,28.250004602596164,3.8999863,1.1000061,2,2
371_497,371,497,-97.08332900889218,28.083337927237153,8.000008,0.80000687,3,3
371_583,371,583,-82.74999492801726,28.083337927237153,6.100008,0.5,2,2
371_588,371,588,-81.9166615512222,28.083337927237153,5.8999977,0.40000153,3,3
371_589,371,589,-81.7499948758632,28.083337927237153,5.5999985,0.30000687,2,2
371_979,371,979,-16.749991485849023,28.083337927237153,2.0001345,0.6001129,30,35
371_980,371,980,-16.583324810490012,28.083337927237153,2.2000809,0.6000824,17,20
371_986,371,986,-15.583324758335948,28.083337927237153,2.299841,0.6998615,4,5
371_987,371,987,-15.416658082976937,28.083337927237153,1.799923,0.5999813,1,1
371_993,371,993,-14.416658030822873,28.083337927237153,2.0999908,0.5999851,5,5
371_994,371,994,-14.249991355463862,28.083337927237153,2.2999573,0.7000065,2,2
371_1652,371,1652,95.41668103076518,28.083337927237153,3.500143,1.2001495,1,1
372_493,372,493,-97.74999571032822,27.916671251878142,8.100006,0.80000687,1,1
372_583,372,583,-82.74999492801726,27.916671251878142,6.100006,0.5000019,1,1
372_585,372,585,-82.41666157729924,27.916671251878142,6.100008,0.40000725,1,1
372_586,372,586,-82.24999490194023,27.916671251878142,6.000002,0.40000153,1,1
372_588,372,588,-81.9166615512222,27.916671251878142,5.7999916,0.39999962,2,2
372_590,372,590,-81.58332820050418,27.916671251878142,5.2999954,0.39999962,1,1
372_596,372,596,-80.58332814835012,27.916671251878142,4.0999966,0.30000114,1,1
372_1285,372,1285,34.25001117400825,27.916671251878142,4.7999268,0.699934,12,13
372_1286,372,1286,34.41667784936726,27.916671251878142,4.5999947,0.7000027,8,9
372_1600,372,1600,86.75001391209662,27.916671251878142,4.4005404,1.2005186,1,1
372_1787,372,1787,117.91668220423162,27.916671251878142,4.299926,1.0999174,2,2
373_473,373,473,-101.08332921750844,27.75000457651913,7.300009,1.300005,1,1
373_495,373,495,-97.4166623596102,27.75000457651913,7.9000015,0.7000046,1,1
373_496,373,496,-97.24999568425119,27.75000457651913,7.8000126,0.7000141,1,1
373_583,373,583,-82.74999492801726,27.75000457651913,5.900011,0.5,1,1
373_585,373,585,-82.41666157729924,27.75000457651913,6.0000057,0.40000343,2,2
373_596,373,596,-80.58332814835012,27.75000457651913,4.0999966,0.39999962,1,1
373_597,373,597,-80.41666147299111,27.75000457651913,3.8000011,0.30000687,1,1
373_986,373,986,-15.583324758335948,27.75000457651913,2.0000858,0.7000561,5,5
373_1285,373,1285,34.25001117400825,27.75000457651913,4.300043,0.6000328,1,1
373_1591,373,1591,85.25001383386552,27.75000457651913,3.4999886,1.0999794,1,1
374_591,374,591,-81.41666152514517,27.58333790116012,4.7999954,0.3999977,1,1
374_1796,374,1796,119.41668228246272,27.58333790116012,4.8999662,1.1999588,1,1
375_492,375,492,-97.91666238568723,27.41667122580111,7.9000053,0.80000114,1,1
375_591,375,591,-81.41666152514517,27.41667122580111,4.6999893,0.29999542,1,1
375_1622,375,1622,90.41668076999485,27.41667122580111,3.799903,1.0998974,1,1
375_1626,375,1626,91.0833474714309,27.41667122580111,3.7998524,1.1998472,1,1
376_584,376,584,-82.58332825265825,27.2500045504421,5.5000134,0.40000153,1,1
376_586,376,586,-82.24999490194023,27.2500045504421,5.600006,0.40000153,1,1
376_595,376,595,-80.74999482370913,27.2500045504421,3.8999996,0.30000114,1,1
376_1283,376,1283,33.91667782329023,27.2500045504421,4.3999405,0.60001373,10,10
376_1538,376,1538,76.41668003983796,27.2500045504421,3.4999676,2.099968,1,1
376_1609,376,1609,88.25001399032772,27.2500045504421,3.9002428,1.1002445,1,1
376_1623,376,1623,90.58334744535387,27.2500045504421,3.6003485,1.1003428,1,1
376_1624,376,1624,90.75001412071288,27.2500045504421,3.7001839,1.200181,2,2
376_1627,376,1627,91.25001414678991,27.2500045504421,3.6000338,1.2000198,1,1
377_1283,377,1283,33.91667782329023,27.08333787508309,4.399925,0.5000019,2,2
377_1535,377,1535,75.91668001376092,27.08333787508309,3.6000004,2.2000008,2,2
377_1624,377,1624,90.75001412071288,27.08333787508309,3.5002184,1.1002159,1,1
378_599,378,599,-80.08332812227309,26.916671199724078,3.3999767,0.40000153,2,2
378_1534,378,1534,75.75001333840191,26.916671199724078,3.4999924,2.0999928,3,3
378_1647,378,1647,94.58334765397012,26.916671199724078,3.5000095,1.2000103,3,3
379_595,379,595,-80.74999482370913,26.750004524365067,3.899994,0.39999962,4,4
379_599,379,599,-80.08332812227309,26.750004524365067,3.399971,0.40000153,1,1
379_1643,379,1643,93.91668095253408,26.750004524365067,3.5999985,1.2000084,3,3
379_1849,379,1849,128.25001607649028,26.750004524365067,3.8998356,0.99998856,1,1
380_485,380,485,-99.0833291132003,26.583337849006057,7.5000057,1.0,1,1
380_588,380,588,-81.9166615512222,26.583337849006057,4.900009,0.40000916,1,1
380_598,380,598,-80.2499947976321,26.583337849006057,3.4999866,0.3999939,1,1
380_599,380,599,-80.08332812227309,26.583337849006057,3.2999725,0.40000153,4,4
380_1720,380,1720,106.7500149551779,26.583337849006057,3.4001255,0.9001255,1,1
380_1848,380,1848,128.08334940113127,26.583337849006057,3.899929,1.1000023,1,1
381_493,381,493,-97.74999571032822,26.416671173647046,7.600008,0.7000122,1,1
381_587,381,587,-82.08332822658122,26.416671173647046,4.700012,0.40000153,2,2
381_592,381,592,-81.24999484978616,26.416671173647046,4.4999943,0.40000153,1,1
381_598,381,598,-80.2499947976321,26.416671173647046,3.4999866,0.39999962,1,1
381_599,381,599,-80.08332812227309,26.416671173647046,3.0999737,0.40000343,8,8
381_1846,381,1846,127.75001605041325,26.416671173647046,3.6000214,1.0,1,1
381_1847,381,1847,127.91668272577226,26.416671173647046,3.8999615,1.0000114,3,3
382_489,382,489,-98.41666241176426,26.250004498288035,7.6000137,0.90001297,43,47
382_491,382,491,-98.08332906104624,26.250004498288035,7.7000065,0.90000534,1,1
382_589,382,589,-81.7499948758632,26.250004498288035,4.7000065,0.40000534,1,1
382_1795,382,1795,119.2500156071037,26.250004498288035,5.1999207,1.199892,1,1
382_1846,382,1846,127.75001605041325,26.250004498288035,3.8999805,1.0000076,1,1
383_492,383,492,-97.91666238568723,26.083337822929025,7.5000057,0.80000687,1,1
383_496,383,496,-97.24999568425119,26.083337822929025,7.300005,0.7000065,2,2
383_589,383,589,-81.7499948758632,26.083337822929025,4.600008,0.40000534,1,1
383_599,383,599,-80.08332812227309,26.083337822929025,2.9999657,0.40000153,1,1
383_1538,383,1538,76.41668003983796,26.083337822929025,3.3999958,2.1000023,1,1
383_1795,383,1795,119.2500156071037,26.083337822929025,5.200225,1.2001972,8,8
384_494,384,494,-97.58332903496921,25.916671147570014,7.4000034,0.80000305,1,1
384_495,384,495,-97.4166623596102,25.916671147570014,7.2000113,0.7000084,1,1
384_599,384,599,-80.08332812227309,25.916671147570014,2.899973,0.40000725,1,1
384_1794,384,1794,119.0833489317447,25.916671147570014,5.099947,1.0999432,1,1
385_593,385,593,-81.08332817442715,25.750004472211003,4.300001,0.5,1,1
385_595,385,595,-80.74999482370913,25.750004472211003,3.9999962,0.40000153,1,2
385_596,385,596,-80.58332814835012,25.750004472211003,3.7999878,0.3999939,1,1
385_598,385,598,-80.2499947976321,25.750004472211003,3.4999847,0.49999428,1,1
385_599,385,599,-80.08332812227309,25.750004472211003,2.99996,0.40000153,1,1
385_612,385,612,-77.91666134260595,25.750004472211003,2.899973,0.40000153,1,1
385_1275,385,1275,32.58334442041814,25.750004472211003,4.999977,0.4999771,1,1
385_1791,385,1791,118.58334890566766,25.750004472211003,4.899907,1.1999035,1,1
385_1796,385,1796,119.41668228246272,25.750004472211003,5.4000254,1.1000347,1,1
386_478,386,478,-100.24999584071338,25.583337796851993,5.599905,1.0998898,1,1
386_597,386,597,-80.41666147299111,25.583337796851993,3.499981,0.399992,1,1
386_1287,386,1287,34.58334452472627,25.583337796851993,4.099903,0.59999275,1,1
386_1590,386,1590,85.08334715850651,25.583337796851993,4.0000076,2.2000065,4,4
387_473,387,473,-101.08332921750844,25.416671121492982,4.8000326,1.5000172,2,2
387_596,387,596,-80.58332814835012,25.416671121492982,3.6999931,0.4999962,3,3
387_1389,387,1389,51.58334541134536,25.416671121492982,3.3999672,0.9000015,2,2
387_1412,387,1412,55.41667894460261,25.416671121492982,2.1999702,0.899992,1,1
387_1416,387,1416,56.08334564603865,25.416671121492982,2.0000153,1.000021,1,1
387_1443,387,1443,60.58334588073194,25.416671121492982,3.1000156,1.4000111,3,3
387_1570,387,1570,81.7500136513263,25.416671121492982,3.8000183,2.4000168,1,1
387_1571,387,1571,81.91668032668531,25.416671121492982,3.9000015,2.4999886,10,15
387_1589,387,1589,84.9166804831475,25.416671121492982,3.9000092,2.300003,2,2
388_479,388,479,-100.08332916535437,25.25000444613397,4.999897,1.0998802,1,1
388_594,388,594,-80.91666149906814,25.25000444613397,3.8000011,0.5,1,1
388_1288,388,1288,34.75001120008528,25.25000444613397,3.9999294,0.49995232,1,1
388_1389,388,1389,51.58334541134536,25.25000444613397,3.6999512,0.9000015,1,2
388_1412,388,1412,55.41667894460261,25.25000444613397,2.500021,0.90003586,1,1
388_1808,388,1808,121.41668238677084,25.25000444613397,4.900112,1.1001301,1,1
388_1809,388,1809,121.58334906212986,25.25000444613397,4.699812,1.0998688,10,10
389_1386,389,1386,51.08334538526833,25.08333777077496,4.799982,1.0999928,1,1
389_1411,389,1411,55.2500122692436,25.08333777077496,2.900011,1.0000172,2,2
389_1415,389,1415,55.91667897067964,25.08333777077496,2.600071,0.90008736,1,1
389_1416,389,1416,56.08334564603865,25.08333777077496,2.5999374,0.9999523,1,1
389_1518,389,1518,73.08334653265774,25.08333777077496,3.2000198,2.1000195,1,1
389_1696,389,1696,102.75001474656165,25.08333777077496,3.800088,1.1000853,4,7
389_1807,389,1807,121.25001571141183,25.08333777077496,5.400011,1.1000195,14,18
389_1808,389,1808,121.41668238677084,25.08333777077496,5.400008,1.1000404,24,26
389_1809,389,1809,121.58334906212986,25.08333777077496,5.2000065,1.1000481,80,103
389_1810,389,1810,121.75001573748887,25.08333777077496,4.8998814,1.099966,37,38
389_1811,389,1811,121.91668241284788,25.08333777077496,4.09984,1.1000004,13,13
390_596,390,596,-80.58332814835012,24.91667109541595,3.0999947,0.40000534,1,1
390_1411,390,1411,55.2500122692436,24.91667109541595,3.3000011,1.0000172,1,1
390_1412,390,1412,55.41667894460261,24.91667109541595,3.2000084,1.0000248,1,1
390_1482,390,1482,67.08334621973336,24.91667109541595,3.000002,1.6999931,1,1
390_1805,390,1805,120.91668236069381,24.91667109541595,5.500057,1.1000462,1,1
390_1806,390,1806,121.08334903605282,24.91667109541595,5.5999956,1.1000099,2,2
390_1807,390,1807,121.25001571141183,24.91667109541595,5.500022,1.1000443,7,7
390_1808,390,1808,121.41668238677084,24.91667109541595,5.2999887,1.1000042,8,10
390_1809,390,1809,121.58334906212986,24.91667109541595,5.100029,1.1000443,23,23
390_1810,390,1810,121.75001573748887,24.91667109541595,4.7997475,0.99987984,14,17
391_435,391,435,-107.41666288115084,24.75000442005694,3.700014,1.0000095,6,6
391_594,391,594,-80.91666149906814,24.75000442005694,3.2999992,0.5,1,1
391_595,391,595,-80.74999482370913,24.75000442005694,2.8999977,0.5,1,1
391_1411,391,1411,55.2500122692436,24.75000442005694,3.4999943,1.0000076,1,1
391_1482,391,1482,67.08334621973336,24.75000442005694,2.9000072,1.6999989,1,1
391_1643,391,1643,93.91668095253408,24.75000442005694,3.700077,1.4000721,1,1
391_1805,391,1805,120.91668236069381,24.75000442005694,5.5000534,1.0000668,16,17
391_1806,391,1806,121.08334903605282,24.75000442005694,5.500205,1.1002121,11,12
391_1807,391,1807,121.25001571141183,24.75000442005694,5.400111,1.1001263,2,2
391_1809,391,1809,121.58334906212986,24.75000442005694,4.9996014,1.099617,3,3
391_1810,391,1810,121.75001573748887,24.75000442005694,4.7999115,1.1000595,3,3
392_1507,392,1507,71.25001310370862,24.58333774469793,3.1000118,2.100008,1,1
392_1787,392,1787,117.91668220423162,24.58333774469793,5.0999794,1.0999622,7,7
392_1790,392,1790,118.41668223030865,24.58333774469793,5.5000296,1.0999966,2,2
392_1804,392,1804,120.7500156853348,24.58333774469793,5.5000896,1.1000748,1,1
392_1805,392,1805,120.91668236069381,24.58333774469793,5.5003138,1.0003338,1,1
392_1810,392,1810,121.75001573748887,24.58333774469793,4.6997023,1.0998135,3,3
392_1811,392,1811,121.91668241284788,24.58333774469793,3.4998646,1.1000004,7,7
393_417,393,417,-110.41666303761303,24.416671069338918,2.4000168,0.90000725,1,1
393_988,393,988,-15.249991407617927,24.416671069338918,1.5999985,1.0999947,1,1
393_1407,393,1407,54.583345567807555,24.416671069338918,3.7000027,1.0000019,2,2
393_1633,393,1633,92.25001419894397,24.416671069338918,3.5999985,1.5999985,1,1
393_1754,393,1754,112.41668191738427,24.416671069338918,3.5997972,1.0997849,2,2
393_1789,393,1789,118.25001555494964,24.416671069338918,5.400017,1.1000023,4,4
393_1790,393,1790,118.41668223030865,24.416671069338918,5.5000057,1.1000061,1,1
393_1804,393,1804,120.7500156853348,24.416671069338918,5.500201,1.1002102,3,3
393_1805,393,1805,120.91668236069381,24.416671069338918,5.400524,1.1005173,14,16
393_1807,393,1807,121.25001571141183,24.416671069338918,5.1996174,1.0996342,1,1
393_1809,393,1809,121.58334906212986,24.416671069338918,4.7996416,1.0996761,1,1
394_1614,394,1614,89.08334736712277,24.250004393979907,3.799986,2.1000023,1,1
394_1632,394,1632,92.08334752358496,24.250004393979907,3.6000004,1.6000004,1,1
394_1803,394,1803,120.58334900997579,24.250004393979907,5.5000706,1.1000824,11,12
394_1804,394,1804,120.7500156853348,24.250004393979907,5.4002924,1.1002998,3,3
394_1805,394,1805,120.91668236069381,24.250004393979907,5.3005333,1.1005421,10,10
394_1806,394,1806,121.08334903605282,24.250004393979907,5.2000403,1.1000443,2,2
395_1614,395,1614,89.08334736712277,24.083337718620896,3.699997,2.1000023,8,8
395_1802,395,1802,120.41668233461678,24.083337718620896,5.5000153,1.0000343,4,5
395_1804,395,1804,120.7500156853348,24.083337718620896,5.400198,1.1002178,3,3
395_1807,395,1807,121.25001571141183,24.083337718620896,4.999894,1.0999107,1,1
395_1809,395,1809,121.58334906212986,24.083337718620896,3.9996948,1.1000957,4,4
396_1803,396,1803,120.58334900997579,23.916671043261886,5.400057,1.1000748,1,1
396_1804,396,1804,120.7500156853348,23.916671043261886,5.2001686,1.100172,1,1
396_1805,396,1805,120.91668236069381,23.916671043261886,5.100383,1.1003971,2,2
396_1809,396,1809,121.58334906212986,23.916671043261886,4.099966,1.0000954,1,1
397_421,397,421,-109.74999633617699,23.750004367902875,2.799942,0.8999882,1,1
397_1757,397,1757,112.9166819434613,23.750004367902875,3.6000004,1.1999989,1,1
397_1801,397,1801,120.25001565925777,23.750004367902875,5.5999928,1.0000153,1,1
397_1802,397,1802,120.41668233461678,23.750004367902875,5.500025,1.1000423,1,1
397_1803,397,1803,120.58334900997579,23.750004367902875,5.3001785,1.100193,3,3
397_1804,397,1804,120.7500156853348,23.750004367902875,5.1002493,1.1002655,4,6
397_1805,397,1805,120.91668236069381,23.750004367902875,4.900152,1.1001663,1,1
398_1428,398,1428,58.08334575034678,23.583337692543864,3.0999413,1.1999569,1,1
398_1430,398,1430,58.4166791010648,23.583337692543864,2.5999851,1.2000065,5,5
398_1762,398,1762,113.75001532025635,23.583337692543864,3.6000175,1.1000175,1,1
398_1797,398,1797,119.58334895782173,23.583337692543864,5.79998,1.0000057,2,3
398_1798,398,1798,119.75001563318074,23.583337692543864,5.699957,1.1000004,1,1
398_1802,398,1802,120.41668233461678,23.583337692543864,5.300131,1.0001564,4,4
398_1803,398,1803,120.58334900997579,23.583337692543864,5.100477,1.100483,31,37
398_1804,398,1804,120.7500156853348,23.583337692543864,5.000058,1.1000738,20,21
399_1432,399,1432,58.75001245178282,23.416671017184854,2.2998352,1.1999989,2,2
399_1433,399,1433,58.91667912714183,23.416671017184854,0.10000038,1.1000004,1,1
399_1515,399,1515,72.58334650658071,23.416671017184854,3.000002,2.1000118,1,1
399_1690,399,1690,101.75001469440758,23.416671017184854,3.6001587,1.1001568,1,1
399_1800,399,1800,120.08334898389876,23.416671017184854,5.5999928,1.1000023,1,1
399_1802,399,1802,120.41668233461678,23.416671017184854,5.300192,1.1002083,6,6
399_1803,399,1803,120.58334900997579,23.416671017184854,5.1004295,1.1004581,1,1
399_1804,399,1804,120.7500156853348,23.416671017184854,4.800502,1.1005058,1,1
399_1805,399,1805,120.91668236069381,23.416671017184854,4.5998363,0.9998617,1,1
400_1544,400,1544,77.41668009199202,23.250004341825843,3.2999897,1.8999901,1,1
400_1759,400,1759,113.25001529417932,23.250004341825843,3.50004,1.2000408,1,1
400_1760,400,1760,113.41668196953833,23.250004341825843,3.5999775,1.2999763,2,2
400_1761,400,1761,113.58334864489734,23.250004341825843,3.6000023,1.2999935,1,1
400_1762,400,1762,113.75001532025635,23.250004341825843,3.600048,1.2000484,10,14
400_1800,400,1800,120.08334898389876,23.250004341825843,5.400009,1.1000061,1,1
400_1801,400,1801,120.25001565925777,23.250004341825843,5.4000263,1.1000519,1,1
400_1803,400,1803,120.58334900997579,23.250004341825843,4.900339,1.1003609,2,2
400_1806,400,1806,121.08334903605282,23.250004341825843,4.0992947,0.9993086,2,2
400_1807,400,1807,121.25001571141183,23.250004341825843,3.9998417,1.0999508,3,3
401_1425,401,1425,57.58334572426975,23.083337666466832,3.7997532,1.499753,3,3
401_1515,401,1515,72.58334650658071,23.083337666466832,3.000002,2.10001,2,2
401_1560,401,1560,80.08334689773619,23.083337666466832,3.8000298,1.9000206,2,2
401_1759,401,1759,113.25001529417932,23.083337666466832,3.4999943,1.1999931,1,1
401_1801,401,1801,120.25001565925777,23.083337666466832,5.200018,1.1000328,8,8
401_1804,401,1804,120.7500156853348,23.083337666466832,4.400614,1.0006294,7,8
402_1425,402,1425,57.58334572426975,22.91667099110782,3.9001846,1.6001854,2,2
402_1426,402,1426,57.75001239962876,22.91667099110782,3.800129,1.5001373,5,5
402_1511,402,1511,71.91667980514467,22.91667099110782,2.8999996,2.0,2,2
402_1512,402,1512,72.08334648050368,22.91667099110782,3.0000095,2.1000004,10,13
402_1513,402,1513,72.25001315586269,22.91667099110782,3.0,2.0000095,1,1
402_1757,402,1757,112.9166819434613,22.91667099110782,3.5,1.1999989,1,1
402_1801,402,1801,120.25001565925777,22.91667099110782,4.900028,1.1000309,9,10
402_1803,402,1803,120.58334900997579,22.91667099110782,4.5005436,1.1005573,20,23
402_1804,402,1804,120.7500156853348,22.91667099110782,4.200184,1.0001984,1,1
402_1807,402,1807,121.25001571141183,22.91667099110782,3.0998764,1.000021,1,1
403_1428,403,1428,58.08334575034678,22.75000431574881,3.8000393,1.5000496,1,1
403_1510,403,1510,71.75001312978566,22.75000431574881,2.7999935,1.8999939,1,1
403_1512,403,1512,72.08334648050368,22.75000431574881,3.0,2.000002,13,13
403_1763,403,1763,113.91668199561536,22.75000431574881,3.9000053,1.2000027,5,5
403_1765,403,1765,114.25001534633338,22.75000431574881,4.100031,1.1000271,1,1
403_1801,403,1801,120.25001565925777,22.75000431574881,4.5000343,1.1000252,14,16
403_1802,403,1802,120.41668233461678,22.75000431574881,4.4000244,1.0000362,1,1
403_1803,403,1803,120.58334900997579,22.75000431574881,4.2004833,1.0004959,2,2
403_1804,403,1804,120.7500156853348,22.75000431574881,4.100175,1.1001797,8,8
403_1805,403,1805,120.91668236069381,22.75000431574881,3.8994465,0.9994898,2,2
403_1806,403,1806,121.08334903605282,22.75000431574881,3.49992,1.0999737,1,1
404_1610,404,1610,88.41668066568673,22.5833376403898,3.7999992,1.5999985,1,1
404_1762,404,1762,113.75001532025635,22.5833376403898,3.8000317,1.2000122,1,1
404_1763,404,1763,113.91668199561536,22.5833376403898,4.0000095,1.2000027,8,8
404_1764,404,1764,114.08334867097437,22.5833376403898,4.100046,1.200058,30,38
404_1765,404,1765,114.25001534633338,22.5833376403898,3.9999733,1.1999702,8,9
404_1766,404,1766,114.4166820216924,22.5833376403898,4.0000305,1.2000332,9,9
404_1801,404,1801,120.25001565925777,22.5833376403898,3.8000507,1.0000057,17,20
404_1802,404,1802,120.41668233461678,22.5833376403898,4.100046,1.0000477,3,3
404_1803,404,1803,120.58334900997579,22.5833376403898,4.0005684,1.0005722,3,3
404_1804,404,1804,120.7500156853348,22.5833376403898,3.8996572,0.9996834,2,2
405_1609,405,1609,88.25001399032772,22.41667096503079,3.7999992,1.5000114,3,4
405_1760,405,1760,113.41668196953833,22.41667096503079,3.8999615,1.1999607,1,1
405_1763,405,1763,113.91668199561536,22.41667096503079,3.800045,1.1000252,18,21
405_1764,405,1764,114.08334867097437,22.41667096503079,3.999998,1.0999908,32,34
405_1765,405,1765,114.25001534633338,22.41667096503079,4.099964,1.0999775,36,41
405_1766,405,1766,114.4166820216924,22.41667096503079,4.0000057,1.1000175,2,2
405_1802,405,1802,120.41668233461678,22.41667096503079,3.6000652,1.0000515,7,7
405_1804,405,1804,120.7500156853348,22.41667096503079,3.6997433,0.9998493,1,1
406_123,406,123,-159.41666559316218,22.25000428967178,1.9999943,0.79999924,2,2
406_1519,406,1519,73.25001320801675,22.25000428967178,2.4999866,2.1000004,1,1
406_1620,406,1620,90.08334741927683,22.25000428967178,2.8999996,1.4000015,1,1
406_1763,406,1763,113.91668199561536,22.25000428967178,3.6999493,1.0999279,15,15
406_1764,406,1764,114.08334867097437,22.25000428967178,3.9000282,1.100008,14,15
406_1765,406,1765,114.25001534633338,22.25000428967178,4.099972,1.0999718,9,11
406_1805,406,1805,120.91668236069381,22.25000428967178,2.7000237,1.0000305,2,2
407_121,407,121,-159.7499989438802,22.083337614312768,1.7999573,0.799942,3,3
407_1520,407,1520,73.41667988337576,22.083337614312768,2.399994,2.2000027,4,4
407_1659,407,1659,96.58334775827825,22.083337614312768,3.9997978,1.6997967,1,1
407_1748,407,1748,111.4166818652302,22.083337614312768,3.1000538,1.1000443,1,1
407_1761,407,1761,113.58334864489734,22.083337614312768,3.7999935,1.0999699,1,1
407_1764,407,1764,114.08334867097437,22.083337614312768,4.0000153,1.0000381,1,1
407_1804,407,1804,120.7500156853348,22.083337614312768,3.2999916,0.90005493,4,5
407_1805,407,1805,120.91668236069381,22.083337614312768,2.7000084,1.0000076,5,5
408_122,408,122,-159.5833322685212,21.916670938953757,2.0001087,0.70010185,1,1
408_466,408,466,-102.24999594502151,21.916670938953757,3.8000069,1.0000153,3,3
408_1685,408,1685,100.91668131761253,21.916670938953757,3.400177,1.2001762,1,1
408_1804,408,1804,120.7500156853348,21.916670938953757,2.8000011,0.9000168,8,8
408_1805,408,1805,120.91668236069381,21.916670938953757,2.6000252,1.0000229,2,2
409_1685,409,1685,100.91668131761253,21.750004263594747,3.4000378,1.200037,1,1
410_131,410,131,-158.0833321902901,21.583337588235736,2.0999737,0.79997826,1,1
410_448,410,448,-105.2499961014837,21.583337588235736,3.3000507,0.800045,1,1
410_1540,410,1540,76.75001339055598,21.583337588235736,3.5000134,1.9000015,8,8
411_131,411,131,-158.0833321902901,21.416670912876725,2.1000042,0.80000496,1,1
411_1539,411,1539,76.58334671519697,21.416670912876725,3.5000324,1.9000225,12,17
411_1741,411,1741,110.25001513771713,21.416670912876725,3.0000057,1.2000046,1,1
411_1742,411,1742,110.41668181307614,21.416670912876725,3.0000057,1.199995,1,1
412_133,412,133,-157.74999883957207,21.250004237517715,1.8999825,0.6999893,1,1
412_1742,412,1742,110.41668181307614,21.250004237517715,3.1000023,1.2000065,1,1
413_1510,413,1510,71.75001312978566,21.083337562158704,2.1000023,1.9000015,1,1
413_1715,413,1715,105.91668157838285,21.083337562158704,2.8999958,1.2000046,1,1
414_455,414,455,-104.08332937397063,20.916670886799693,3.6999044,0.89990616,1,1
414_542,414,542,-89.5833286177367,20.916670886799693,3.1000004,0.70000076,1,1
414_558,414,558,-86.91666181199253,20.916670886799693,3.2999954,0.6000023,1,1
415_141,415,141,-156.4166654367,20.750004211440682,1.7000198,0.8000088,2,2
415_143,415,143,-156.08333208598197,20.750004211440682,2.0998287,0.79984665,1,1
415_144,415,144,-155.91666541062295,20.750004211440682,1.8999996,0.79999924,1,1
415_447,415,447,-105.41666277684271,20.750004211440682,2.4999924,0.79997826,55,73
415_459,415,459,-103.41666267253458,20.750004211440682,3.899973,0.9999676,2,2
416_141,416,141,-156.4166654367,20.58333753608167,0.2000351,0.69999313,2,2
416_557,416,557,-87.08332848735154,20.58333753608167,2.9000034,0.4999962,1,1
416_558,416,558,-86.91666181199253,20.58333753608167,3.0999966,0.600008,1,1
416_1559,416,1559,79.91668022237718,20.58333753608167,3.8000126,1.7000008,3,3
417_458,417,458,-103.5833293478936,20.41667086072266,3.9000635,1.000063,1,1
417_558,417,558,-86.91666181199253,20.41667086072266,3.1999817,0.6000004,1,1
418_1555,418,1555,79.25001352094114,20.25000418536365,3.7000198,1.6000214,1,1
418_1715,418,1715,105.91668157838285,20.25000418536365,3.1999817,1.0999832,1,1
418_1739,418,1739,109.9166817869991,20.25000418536365,3.1000023,1.1000118,1,1
419_1593,419,1593,85.58334718458354,20.08333751000464,3.2999897,1.3999958,2,2
419_1674,419,1674,99.08334788866341,20.08333751000464,3.4997978,1.3997879,8,9
419_1675,419,1675,99.25001456402242,20.08333751000464,3.5998669,1.3998756,1,1
419_1678,419,1678,99.75001459009945,20.08333751000464,3.5998611,1.3998718,1,1
419_1741,419,1741,110.25001513771713,20.08333751000464,3.200014,1.0000191,3,4
420_144,420,144,-155.91666541062295,19.91667083464563,1.9000492,0.70004654,1,1
420_1516,420,1516,72.75001318193972,19.91667083464563,2.8000221,1.5000134,1,1
420_1517,420,1517,72.91667985729873,19.91667083464563,3.000021,1.5000191,1,1
420_1532,420,1532,75.41667998768389,19.91667083464563,3.0999832,1.7999821,1,1
420_1674,420,1674,99.08334788866341,19.91667083464563,3.599844,1.3998547,4,5
420_1675,420,1675,99.25001456402242,19.91667083464563,3.5001793,1.4001789,1,1
420_1692,420,1692,102.0833480451256,19.91667083464563,3.2000866,1.1000767,1,1
420_1741,420,1741,110.25001513771713,19.91667083464563,3.299982,1.0999832,2,2
421_144,421,144,-155.91666541062295,19.75000415928662,2.3998966,0.6999092,2,2
421_147,421,147,-155.41666538454592,19.75000415928662,2.3999047,0.69990444,1,1
421_480,421,480,-99.91666248999536,19.75000415928662,3.9000235,0.90002346,1,1
421_1674,421,1674,99.08334788866341,19.75000415928662,3.4999504,1.39995,3,3
421_1735,421,1735,109.25001508556306,19.75000415928662,2.9000168,1.1000023,2,3
422_144,422,144,-155.91666541062295,19.583337483927608,1.900053,0.700037,2,2
422_485,422,485,-99.0833291132003,19.583337483927608,3.8000002,0.8000002,2,2
422_1523,422,1523,73.9166799094528,19.583337483927608,3.4999275,1.6999283,1,1
422_1734,422,1734,109.08334841020405,19.583337483927608,2.9000034,1.0,1,1
423_148,423,148,-155.2499987091869,19.416670808568597,2.399991,0.59999084,3,3
423_485,423,485,-99.0833291132003,19.416670808568597,3.8000307,0.8000307,2,2
423_1582,423,1582,83.75001375563443,19.416670808568597,3.8000622,1.7000523,3,3
423_1588,423,1588,84.75001380778849,19.416670808568597,3.4999924,1.3999939,1,1
423_1673,423,1673,98.9166812133044,19.416670808568597,3.5999317,1.399931,1,1
424_479,424,479,-100.08332916535437,19.250004133209586,4.000147,0.9001465,1,1
424_484,424,484,-99.24999578855932,19.250004133209586,3.8998423,0.89984226,1,1
424_485,424,485,-99.0833291132003,19.250004133209586,3.7999697,0.7999668,1,1
424_553,424,553,-87.74999518878758,19.250004133209586,3.0999966,0.69999695,1,1
424_554,424,554,-87.58332851342857,19.250004133209586,2.9999962,0.6000004,1,1
424_592,424,592,-81.24999484978616,19.250004133209586,2.9999886,0.5,1,1
424_1517,424,1517,72.91667985729873,19.250004133209586,3.1999893,1.3999805,5,5
424_1673,424,1673,98.9166812133044,19.250004133209586,3.6000252,1.4000168,1,1
424_1734,424,1734,109.08334841020405,19.250004133209586,3.1000156,1.0000095,1,1
425_502,425,502,-96.24999563209713,19.083337457850575,5.000002,0.7000065,1,1
425_1516,425,1516,72.75001318193972,19.083337457850575,3.100008,1.3000088,1,1
425_1517,425,1517,72.91667985729873,19.083337457850575,3.2000122,1.3999958,14,19
425_1518,425,1518,73.08334653265774,19.083337457850575,3.4000282,1.400032,11,12
425_1522,425,1522,73.75001323409379,19.083337457850575,3.599924,1.599926,1,1
425_1694,425,1694,102.41668139584363,19.083337457850575,3.3001785,1.2001762,1,1
425_1731,425,1731,108.58334838412702,19.083337457850575,2.800045,1.000021,8,9
425_1735,425,1735,109.25001508556306,19.083337457850575,3.299881,0.9998913,1,1
425_1738,425,1738,109.7500151116401,19.083337457850575,3.2999058,0.99990845,1,1
426_484,426,484,-99.24999578855932,18.916670782491565,3.8001785,0.9001789,1,1
426_1516,426,1516,72.75001318193972,18.916670782491565,3.100006,1.2999992,5,5
426_1520,426,1520,73.41667988337576,18.916670782491565,3.5001373,1.4001389,1,1
426_1523,426,1523,73.9166799094528,18.916670782491565,3.5999565,1.4999657,1,1
426_1571,426,1571,81.91668032668531,18.916670782491565,3.7999878,1.6999874,1,1
427_548,427,548,-88.58332856558263,18.750004107132554,2.7999916,0.7999916,1,1
427_1517,427,1517,72.91667985729873,18.750004107132554,3.0000134,1.2999916,3,3
427_1673,427,1673,98.9166812133044,18.750004107132554,3.5999699,1.3999577,2,2
427_1678,427,1678,99.75001459009945,18.750004107132554,3.6998749,1.4998741,1,1
427_1732,427,1732,108.75001505948603,18.750004107132554,3.0002422,0.9002228,4,4
427_1733,427,1733,108.91668173484504,18.750004107132554,3.1997452,0.89974785,5,7
427_1742,427,1742,110.41668181307614,18.750004107132554,3.6999931,1.0000076,1,1
427_1743,427,1743,110.58334848843515,18.750004107132554,3.500002,0.90000343,2,2
428_1517,428,1517,72.91667985729873,18.583337431773543,3.000021,1.3000126,2,2
428_1522,428,1522,73.75001323409379,18.583337431773543,3.6999817,1.4999809,7,7
428_1671,428,1671,98.58334786258638,18.583337431773543,3.699772,1.3997726,5,5
428_1674,428,1674,99.08334788866341,18.583337431773543,3.700117,1.4001179,3,3
428_1732,428,1732,108.75001505948603,18.583337431773543,3.2001095,1.000103,1,1
428_1733,428,1733,108.91668173484504,18.583337431773543,3.2000637,0.90005493,1,2
428_1740,428,1740,110.08334846235812,18.583337431773543,3.5999584,0.9000168,1,1
429_617,429,617,-77.0833279658109,18.416670756414533,1.9999771,0.5999737,1,1
429_684,429,684,-65.91666071675718,18.416670756414533,2.2999954,0.5000038,1,1
429_1522,429,1522,73.75001323409379,18.416670756414533,3.7999802,1.399992,4,4
429_1681,429,1681,100.25001461617649,18.416670756414533,3.6001167,1.4001179,3,3
429_1682,429,1682,100.4166812915355,18.416670756414533,3.5000496,1.3000507,1,1
429_1736,429,1736,109.41668176092207,18.416670756414533,3.5000134,0.90000725,1,1
430_691,430,691,-64.7499939892441,18.250004081055522,2.4999905,0.49997902,1,1
430_1737,430,1737,109.58334843628109,18.250004081055522,3.5000172,0.9000149,4,4
431_619,431,619,-76.74999461509287,18.08333740569651,2.8999844,0.5999985,1,1
431_1524,431,1524,74.0833465848118,18.08333740569651,3.799965,1.3999767,1,1
432_619,432,619,-76.74999461509287,17.9166707303375,1.6001339,0.60007286,1,1
432_683,432,683,-66.08332739211619,17.9166707303375,2.3001099,0.5001106,1,1
432_1580,432,1580,83.4166804049164,17.9166707303375,3.4999847,1.2000065,2,2
432_1581,432,1581,83.58334708027542,17.9166707303375,3.1999664,1.2000027,1,2
433_470,433,470,-101.58332924358547,17.75000405497849,3.2000885,0.90008736,1,1
433_1579,433,1579,83.2500137295574,17.75000405497849,3.2999496,1.199976,1,2
433_1580,433,1580,83.4166804049164,17.75000405497849,2.8000011,1.1000023,1,1
433_1696,433,1696,102.75001474656165,17.75000405497849,3.3000069,1.3999958,1,1
434_470,434,470,-101.58332924358547,17.58333737961948,2.600029,0.8000107,1,1
434_1578,434,1578,83.08334705419838,17.58333737961948,3.3999767,1.199997,2,2
434_1702,434,1702,103.75001479871571,17.58333737961948,3.3000011,1.300005,3,3
434_1810,434,1810,121.75001573748887,17.58333737961948,4.000269,0.8002472,1,1
435_1521,435,1521,73.58334655873477,17.41667070426047,3.600233,1.2002163,1,1
435_1549,435,1549,78.25001346878707,17.41667070426047,3.6999989,1.5999966,4,4
435_1550,435,1550,78.41668014414608,17.41667070426047,3.7999897,1.6999817,13,17
435_1551,435,1551,78.5833468195051,17.41667070426047,3.7999783,1.5999775,8,10
436_515,436,515,-94.08332885242999,17.250004028901458,4.300001,1.2999973,1,1
436_929,436,929,-25.083325253799558,17.250004028901458,2.5,0.5,1,1
437_493,437,493,-97.74999571032822,17.083337353542447,3.9999838,1.0999737,1,1
437_499,437,499,-96.74999565817416,17.083337353542447,4.30015,0.800148,4,4
437_1696,437,1696,102.75001474656165,17.083337353542447,3.3999271,1.3999271,2,2
438_930,438,930,-24.916658578440547,16.916670678183436,1.7000027,0.5000458,1,1
439_1681,439,1681,100.25001461617649,16.750004002824426,3.7000217,1.5000286,1,1
439_1689,439,1689,101.58334801904857,16.750004002824426,3.4998608,1.3998699,1,1
440_991,440,991,-14.749991381540895,16.583337327465415,3.7999668,1.7999687,1,1
441_564,441,564,-85.91666175983846,16.416670652106404,2.7999897,0.59999084,3,3
441_1684,441,1684,100.75001464225352,16.416670652106404,3.5002575,1.4002647,1,1
441_1696,441,1696,102.75001474656165,16.416670652106404,3.4000053,1.3999939,1,1
441_1802,441,1802,120.41668233461678,16.416670652106404,3.600523,0.80052376,2,2
441_1803,441,1803,120.58334900997579,16.416670652106404,3.6998825,0.8998852,2,2
442_560,442,560,-86.5833284612745,16.250003976747394,2.8999748,0.59999657,1,1
442_1570,442,1570,81.7500136513263,16.250003976747394,2.4000053,1.1000004,1,1
442_1684,442,1684,100.75001464225352,16.250003976747394,3.500084,1.4000931,3,3
443_501,443,501,-96.41666230745614,16.083337301388383,3.6999874,0.8999872,2,2
443_1729,443,1729,108.250015033409,16.083337301388383,4.5999603,0.80000114,2,2
443_1804,443,1804,120.7500156853348,16.083337301388383,3.6004505,0.8004513,2,2
444_709,444,709,-61.74999383278191,15.916670626029372,2.5999775,0.50000954,1,1
444_1526,444,1526,74.41667993552983,15.916670626029372,3.4999962,1.3000069,1,1
444_1703,444,1703,103.91668147407472,15.916670626029372,3.400011,1.3000107,1,1
444_1730,444,1730,108.41668170876801,15.916670626029372,4.7000027,0.80005264,1,1
445_503,445,503,-96.08332895673811,15.750003950670362,3.2000523,0.9000454,2,2
445_1523,445,1523,73.9166799094528,15.750003950670362,3.2000942,1.2000866,7,7
445_1524,445,1524,74.0833465848118,15.750003950670362,3.3002434,1.2002449,3,3
446_1523,446,1523,73.9166799094528,15.58333727531135,3.10005,1.200037,1,1
447_1522,447,1522,73.75001323409379,15.41667059995234,2.8000202,1.1000004,1,1
447_1523,447,1523,73.9166799094528,15.41667059995234,3.0000153,1.1000061,4,4
448_1523,448,1523,73.9166799094528,15.25000392459333,2.7000294,1.1000061,2,2
450_1682,450,1682,100.4166812915355,14.916670573875308,3.5000095,1.4000111,1,1
450_1683,450,1683,100.58334796689451,14.916670573875308,3.5000534,1.4000549,2,2
451_1805,451,1805,120.91668236069381,14.750003898516297,3.4000607,0.8000603,1,1
451_1806,451,1806,121.08334903605282,14.750003898516297,3.4002056,0.80020523,2,2
452_535,452,535,-90.74999534524977,14.583337223157287,3.399932,1.4999313,1,1
452_977,452,977,-17.083324836567044,14.583337223157287,2.2999935,0.9999943,4,4
452_984,452,984,-15.91665810905397,14.583337223157287,3.3000145,1.5000114,1,1
452_1672,452,1672,98.75001453794539,14.583337223157287,3.4001675,1.1001587,1,1
452_1685,452,1685,100.91668131761253,14.583337223157287,3.500082,1.3000927,1,1
452_1806,452,1806,121.08334903605282,14.583337223157287,3.4001122,0.80010414,4,4
453_1687,453,1687,101.25001466833055,14.416670547798276,3.4000683,1.3000679,1,1
453_1688,453,1688,101.41668134368956,14.416670547798276,3.399891,1.2998905,3,3
453_1696,453,1696,102.75001474656165,14.416670547798276,3.300005,1.2000046,1,1
453_1698,453,1698,103.08334809727967,14.416670547798276,3.2999973,1.199997,3,3
453_1806,453,1806,121.08334903605282,14.416670547798276,3.4000225,0.8000126,2,2
454_1687,454,1687,101.25001466833055,14.250003872439265,3.4002132,1.2002163,2,2
454_1805,454,1805,120.91668236069381,14.250003872439265,3.3999043,0.69991684,1,1
455_1687,455,1687,101.25001466833055,14.083337197080255,3.4000072,1.2000141,6,6
455_1807,455,1807,121.25001571141183,14.083337197080255,3.5001106,0.7001114,1,1
456_1690,456,1690,101.75001469440758,13.916670521721244,3.300003,1.2000027,1,1
457_981,457,981,-16.416658135131,13.750003846362233,1.8999901,1.1999836,2,2
457_1531,457,1531,75.25001331232488,13.750003846362233,3.7999878,1.1999855,2,2
457_1541,457,1541,76.91668006591499,13.750003846362233,3.4000263,1.3000278,3,3
457_1680,457,1680,100.08334794081748,13.750003846362233,3.3999844,1.1999836,4,4
457_1681,457,1681,100.25001461617649,13.750003846362233,3.39999,1.1999893,3,3
457_1682,457,1682,100.4166812915355,13.750003846362233,3.3999996,1.2000008,4,4
457_1683,457,1683,100.58334796689451,13.750003846362233,3.3999977,1.1999989,7,7
457_1684,457,1684,100.75001464225352,13.750003846362233,3.4000092,1.2000008,6,6
457_1690,457,1690,101.75001469440758,13.750003846362233,3.299986,1.1999874,5,5
457_1805,457,1805,120.91668236069381,13.750003846362233,3.0000439,0.7000084,2,3
457_1823,457,1823,123.916682517156,13.750003846362233,3.3000126,0.700058,2,2
458_561,458,561,-86.4166617859155,13.583337171003222,3.3000526,0.7000599,1,1
458_980,458,980,-16.583324810490012,13.583337171003222,1.7999935,1.1999912,2,2
458_981,458,981,-16.416658135131,13.583337171003222,1.7999821,1.1999741,2,2
458_1528,458,1528,74.75001328624785,13.583337171003222,3.5000286,1.1000099,3,3
458_1545,458,1545,77.58334676735103,13.583337171003222,3.400053,1.4000511,1,1
458_1547,458,1547,77.91668011806905,13.583337171003222,3.2999725,1.2999725,1,1
458_1681,458,1681,100.25001461617649,13.583337171003222,3.2999897,1.0999889,4,5
458_1682,458,1682,100.4166812915355,13.583337171003222,3.39999,1.1999912,2,2
458_1683,458,1683,100.58334796689451,13.583337171003222,3.400011,1.2000027,5,5
458_1703,458,1703,103.91668147407472,13.583337171003222,3.4000797,1.2000713,1,1
458_1806,458,1806,121.08334903605282,13.583337171003222,2.7000427,0.6000328,1,1
459_980,459,980,-16.583324810490012,13.416670495644212,1.5999813,1.099968,3,3
459_981,459,981,-16.416658135131,13.416670495644212,1.8999691,1.1999645,1,1
459_1528,459,1528,74.75001328624785,13.416670495644212,3.4000187,1.0000095,2,2
459_1679,459,1679,99.91668126545846,13.416670495644212,3.299982,1.0999908,1,1
459_1703,459,1703,103.91668147407472,13.416670495644212,3.400013,1.2000122,3,4
459_1811,459,1811,121.91668241284788,13.416670495644212,3.7999306,0.6999569,1,1
460_979,460,979,-16.749991485849023,13.250003820285201,1.6999912,1.099987,2,2
460_1528,460,1528,74.75001328624785,13.250003820285201,3.3000278,1.0000153,2,2
460_1546,460,1546,77.75001344271004,13.250003820285201,3.4000034,1.3000069,1,1
461_1529,461,1529,74.91667996160686,13.08333714492619,3.3000183,1.0000153,1,1
461_1545,461,1545,77.58334676735103,13.08333714492619,3.2999916,1.1999912,1,2
461_1546,461,1546,77.75001344271004,13.08333714492619,3.4000072,1.3000069,1,1
461_1561,461,1561,80.2500135730952,13.08333714492619,2.699974,1.0999985,7,7
461_1685,461,1685,100.91668131761253,13.08333714492619,3.3000584,1.0000515,1,1
461_1688,461,1688,101.41668134368956,13.08333714492619,3.4000015,1.0000114,1,1
461_1693,461,1693,102.25001472048461,13.08333714492619,3.2998714,1.0998707,1,1
462_998,462,998,-13.58332465402782,12.91667046956718,3.8999844,1.9999847,3,7
462_1529,462,1529,74.91667996160686,12.91667046956718,3.200014,1.0000019,1,1
462_1532,462,1532,75.41667998768389,12.91667046956718,3.4002552,1.1002522,1,1
462_1545,462,1545,77.58334676735103,12.91667046956718,3.3000011,1.1999931,11,13
462_1546,462,1546,77.75001344271004,12.91667046956718,3.3999996,1.2000027,10,10
462_1555,462,1555,79.25001352094114,12.91667046956718,3.1999683,1.1999683,3,3
462_1556,462,1556,79.41668019630015,12.91667046956718,3.199976,1.1999874,5,5
462_1560,462,1560,80.08334689773619,12.91667046956718,2.7999897,1.0999908,1,1
462_1561,462,1561,80.2500135730952,12.91667046956718,2.699974,1.0,9,9
462_1677,462,1677,99.58334791474044,12.91667046956718,3.099966,1.0999546,1,1
463_1001,463,1001,-13.083324627950788,12.750003794208169,3.899992,1.9999924,3,3
463_1545,463,1545,77.58334676735103,12.750003794208169,3.4000301,1.2000313,4,4
463_1546,463,1546,77.75001344271004,12.750003794208169,3.3999577,1.1999645,2,2
463_1549,463,1549,78.25001346878707,12.750003794208169,3.4999886,1.199995,1,1
463_1560,463,1560,80.08334689773619,12.750003794208169,2.899971,1.0999908,1,1
463_1561,463,1561,80.2500135730952,12.750003794208169,2.6999683,1.0999985,17,23
463_1676,463,1676,99.41668123938143,12.750003794208169,2.9998455,0.9998455,3,3
463_1677,463,1677,99.58334791474044,12.750003794208169,2.9999123,0.9998951,1,1
463_1687,463,1687,101.25001466833055,12.750003794208169,3.5000591,1.0000591,2,2
464_659,464,659,-70.08332760073245,12.583337118849158,1.3000088,0.50000954,5,5
464_660,464,660,-69.91666092537344,12.583337118849158,1.3000011,0.5,2,2
464_1559,464,1559,79.91668022237718,12.583337118849158,2.899992,1.1000004,1,1
464_1637,464,1637,92.91668090038002,12.583337118849158,1.7999287,1.0,1,1
464_1677,464,1677,99.58334791474044,12.583337118849158,2.9999466,0.9999294,1,1
464_1679,464,1679,99.91668126545846,12.583337118849158,2.9999714,0.90000725,1,1
464_1687,464,1687,101.25001466833055,12.583337118849158,3.4000397,1.0000286,1,1
464_1688,464,1688,101.41668134368956,12.583337118849158,3.5000267,1.0000267,5,5
464_1691,464,1691,101.9166813697666,12.583337118849158,3.5000267,1.1000175,1,1
464_1692,464,1692,102.0833480451256,12.583337118849158,3.5000648,1.0000668,1,1
464_1825,464,1825,124.25001586787403,12.583337118849158,2.7000332,0.6999893,1,1
465_665,465,665,-69.08332754857838,12.416670443490148,2.099968,0.5,1,1
465_1071,465,1071,-1.4166573528200388,12.416670443490148,3.4000015,2.2000008,8,8
465_1539,465,1539,76.58334671519697,12.416670443490148,3.3999767,1.0999756,1,1
465_1546,465,1546,77.75001344271004,12.416670443490148,3.5000267,1.200037,1,1
465_1692,465,1692,102.0833480451256,12.416670443490148,3.5000286,1.1000099,1,1
465_1722,465,1722,107.08334830589592,12.416670443490148,4.0000935,1.0000763,1,1
465_1821,465,1821,123.58334916643798,12.416670443490148,3.2999992,0.7000103,1,1
466_665,466,665,-69.08332754857838,12.250003768131137,2.2999744,0.4999962,11,11
466_1071,466,1071,-1.4166573528200388,12.250003768131137,3.2999954,2.1999931,1,1
466_1539,466,1539,76.58334671519697,12.250003768131137,3.3999596,1.0999584,2,2
466_1543,466,1543,77.25001341663301,12.250003768131137,3.3999634,1.099966,9,9
466_1558,466,1558,79.75001354701817,12.250003768131137,2.899994,1.0999928,2,2
466_1560,466,1560,80.08334689773619,12.250003768131137,2.6999855,1.0,4,4
466_1679,466,1679,99.91668126545846,12.250003768131137,3.1999722,0.89998245,3,3
466_1680,466,1680,100.08334794081748,12.250003768131137,3.0999699,0.8999996,1,1
466_1722,466,1722,107.08334830589592,12.250003768131137,4.0001526,0.9001541,2,2
466_1723,466,1723,107.25001498125494,12.250003768131137,4.000122,0.9001179,1,1
467_666,467,666,-68.91666087321937,12.083337092772126,2.3999805,0.5000019,2,2
467_1189,467,1189,18.250010339543223,12.083337092772126,2.6999912,2.3999825,2,2
467_1530,467,1530,75.08334663696587,12.083337092772126,2.7000313,0.90000343,1,1
467_1559,467,1559,79.91668022237718,12.083337092772126,2.599968,0.8999996,1,1
467_1637,467,1637,92.91668090038002,12.083337092772126,1.7000008,0.99998856,1,1
467_1638,467,1638,93.08334757573903,12.083337092772126,1.7999382,1.0,6,6
467_1730,467,1730,108.41668170876801,12.083337092772126,4.199898,0.79990005,2,2
467_1731,467,1731,108.58334838412702,12.083337092772126,4.0997705,0.6997814,2,2
468_1189,468,1189,18.250010339543223,11.916670417413116,2.7999668,2.299965,7,25
468_1543,468,1543,77.25001341663301,11.916670417413116,3.3997364,1.0997353,1,1
468_1546,468,1546,77.75001344271004,11.916670417413116,3.50004,1.1000404,7,7
468_1678,468,1678,99.75001459009945,11.916670417413116,3.2999535,0.99996376,1,1
468_1730,468,1730,108.41668170876801,11.916670417413116,4.2000065,0.80000687,2,3
469_1532,469,1532,75.41667998768389,11.750003742054105,2.9000282,0.90000916,5,5
469_1548,469,1548,78.08334679342806,11.750003742054105,3.6001987,1.1002102,2,2
469_1549,469,1549,78.25001346878707,11.750003742054105,3.5999126,1.1999092,4,4
470_1534,470,1534,75.75001333840191,11.583337066695094,3.200327,0.9003296,2,2
470_1538,470,1538,76.41668003983796,11.583337066695094,3.4000072,1.0000076,1,1
470_1543,470,1543,77.25001341663301,11.583337066695094,3.400051,1.1000404,1,1
470_1546,470,1546,77.75001344271004,11.583337066695094,3.600031,1.2000237,1,1
470_1636,470,1636,92.750014225021,11.583337066695094,1.5999451,0.90000343,2,2
470_1677,470,1677,99.58334791474044,11.583337066695094,3.199892,0.89990044,1,1
470_1678,470,1678,99.75001459009945,11.583337066695094,3.10001,0.90000343,1,1
470_1695,470,1695,102.58334807120264,11.583337066695094,3.4999561,0.8999996,1,1
470_1724,470,1724,107.41668165661395,11.583337066695094,4.1001244,0.800127,1,1
471_1540,471,1540,76.75001339055598,11.416670391336083,3.4994698,0.99948025,2,2
471_1545,471,1545,77.58334676735103,11.416670391336083,3.5999947,1.199995,1,1
471_1546,471,1546,77.75001344271004,11.416670391336083,3.5000286,1.1000214,3,3
471_1677,471,1677,99.58334791474044,11.416670391336083,3.199995,0.9000225,1,1
471_1724,471,1724,107.41668165661395,11.416670391336083,4.100115,0.8001137,5,6
472_637,472,637,-73.74999445863068,11.250003715977073,2.599949,0.69999504,1,1
472_715,472,715,-60.74999378062785,11.250003715977073,2.3999996,0.50001526,1,1
472_1545,472,1545,77.58334676735103,11.250003715977073,3.4999428,1.0999432,2,2
472_1699,472,1699,103.25001477263868,11.250003715977073,3.7999763,0.8999882,1,1
472_1702,472,1702,103.75001479871571,11.250003715977073,3.700161,1.0001621,1,1
472_1796,472,1796,119.41668228246272,11.250003715977073,3.0999756,0.69997406,1,1
473_635,473,635,-74.0833278093487,11.083337040618062,3.3998947,0.69989777,1,1
473_1541,473,1541,76.91668006591499,11.083337040618062,3.499895,1.0998955,1,1
473_1542,473,1542,77.083346741274,11.083337040618062,3.4999657,1.099966,1,1
473_1543,473,1543,77.25001341663301,11.083337040618062,3.4999752,1.0999756,2,2
473_1558,473,1558,79.75001354701817,11.083337040618062,2.799982,1.0,1,1
473_1796,473,1796,119.41668228246272,11.083337040618062,3.0999813,0.5999737,3,5
474_1540,474,1540,76.75001339055598,10.916670365259051,3.3998966,0.99988556,1,1
474_1546,474,1546,77.75001344271004,10.916670365259051,3.5999737,1.0999756,1,1
474_1554,474,1554,79.08334684558213,10.916670365259051,3.2000008,1.1000004,2,2
475_709,475,709,-61.74999383278191,10.75000368990004,1.8000259,0.5000305,3,3
475_712,475,712,-61.24999380670488,10.75000368990004,2.2999535,0.49998093,2,2
475_1537,475,1537,76.25001336447895,10.75000368990004,3.2999935,0.8999939,1,1
475_1557,475,1557,79.58334687165916,10.75000368990004,3.0,1.0000076,1,1
475_1675,475,1675,99.25001456402242,10.75000368990004,3.199997,0.89998627,1,1
475_1719,475,1719,106.58334827981889,10.75000368990004,4.0000305,0.9000149,2,2
475_1720,475,1720,106.7500149551779,10.75000368990004,4.1000385,0.8000412,6,6
476_572,476,572,-84.58332835696638,10.58333701454103,3.499981,0.6999798,1,1
476_578,476,578,-83.58332830481231,10.58333701454103,3.0999832,0.4999981,3,3
476_712,476,712,-61.24999380670488,10.58333701454103,2.500019,0.5000191,1,1
476_1537,476,1537,76.25001336447895,10.58333701454103,3.3000126,0.90001297,1,1
476_1812,476,1812,122.08334908820689,10.58333701454103,3.6999245,0.699934,1,1
477_567,477,567,-85.41666173376143,10.41667033918202,3.5000095,0.80000687,1,1
477_571,477,571,-84.74999503232539,10.41667033918202,3.599825,0.6998253,1,1
477_572,477,572,-84.58332835696638,10.41667033918202,3.599987,0.6999893,1,1
477_575,477,575,-84.08332833088934,10.41667033918202,3.3999786,0.5999794,1,1
477_627,477,627,-75.41666121222079,10.41667033918202,3.2000046,0.80000305,1,1
477_678,477,678,-66.91666076891124,10.41667033918202,3.1998768,0.5999279,1,1
477_694,477,694,-64.24999396316707,10.41667033918202,2.7999706,0.5999775,3,3
477_1536,477,1536,76.08334668911994,10.41667033918202,3.10001,0.8999996,1,1
477_1541,477,1541,76.91668006591499,10.41667033918202,3.400053,1.000061,1,3
477_1556,477,1556,79.41668019630015,10.41667033918202,3.2000008,1.0000076,1,1
477_1703,477,1703,103.91668147407472,10.41667033918202,4.0000076,0.90005875,1,1
477_1722,477,1722,107.08334830589592,10.41667033918202,4.100012,0.7000141,1,1
478_571,478,571,-84.74999503232539,10.250003663823009,3.5999413,0.7999363,1,1
478_572,478,572,-84.58332835696638,10.250003663823009,3.60001,0.7000103,1,1
478_682,478,682,-66.2499940674752,10.250003663823009,3.2000027,0.6000118,1,1
478_1537,478,1537,76.25001336447895,10.250003663823009,3.2000084,0.90000725,7,8
478_1538,478,1538,76.41668003983796,10.250003663823009,3.2000866,0.90008545,1,1
478_1703,478,1703,103.91668147407472,10.250003663823009,4.1000156,0.80005455,1,1
478_1718,478,1718,106.41668160445988,10.250003663823009,4.2999954,0.90000725,3,3
478_1793,478,1793,118.91668225638568,10.250003663823009,2.2001076,0.60004616,1,1
479_575,479,575,-84.08332833088934,10.083336988463998,3.3998537,0.6998539,1,1
479_578,479,578,-83.58332830481231,10.083336988463998,3.299923,0.5999222,2,2
479_1537,479,1537,76.25001336447895,10.083336988463998,3.199997,0.8999901,12,14
479_1543,479,1543,77.25001341663301,10.083336988463998,3.3996525,0.9996643,1,1
479_1679,479,1679,99.91668126545846,10.083336988463998,3.4999866,0.79999924,2,2
479_1703,479,1703,103.91668147407472,10.083336988463998,4.1000175,0.8999977,1,1
479_1829,479,1829,124.91668256931007,10.083336988463998,2.700016,0.6999588,1,1
480_566,480,566,-85.58332840912044,9.916670313104987,2.9000607,0.7000427,2,2
480_1537,480,1537,76.25001336447895,9.916670313104987,3.100006,0.8999977,1,1
480_1540,480,1540,76.75001339055598,9.916670313104987,3.200224,0.9002247,1,1
480_1548,480,1548,78.08334679342806,9.916670313104987,3.6000156,1.0000114,1,1
481_576,481,576,-83.91666165553033,9.750003637745976,3.39993,0.6999302,1,1
481_1537,481,1537,76.25001336447895,9.750003637745976,2.900011,0.7999935,4,4
481_1680,481,1680,100.08334794081748,9.750003637745976,3.6999454,0.80000114,1,1
481_1792,481,1792,118.75001558102667,9.750003637745976,2.6999626,0.7000103,1,1
481_1823,481,1823,123.916682517156,9.750003637745976,3.9000626,0.70007706,1,1
481_1824,481,1824,124.08334919251502,9.750003637745976,3.8000698,0.7000675,1,1
482_577,482,577,-83.74999498017132,9.583336962386966,3.2998533,0.6998482,2,2
482_1680,482,1680,100.08334794081748,9.583336962386966,3.8999863,0.8000088,1,1
482_1817,482,1817,122.91668246500194,9.583336962386966,3.3999443,0.6999378,1,1
482_1822,482,1822,123.750015841797,9.583336962386966,3.5000305,0.7000427,1,2
483_636,483,636,-73.91666113398969,9.416670287027955,3.89999,1.5999889,1,1
483_657,483,657,-70.41666095145047,9.416670287027955,4.1001186,1.200119,1,1
483_1819,483,1819,123.25001581571996,9.416670287027955,2.9999294,0.70002556,2,2
485_1312,485,1312,38.75001140870154,9.083336936309934,3.7999334,2.0999336,1,1
485_1538,485,1538,76.41668003983796,9.083336936309934,2.600029,0.80000114,2,2
485_1541,485,1541,76.91668006591499,9.083336936309934,3.10009,0.90008926,3,3
485_1544,485,1544,77.41668009199202,9.083336936309934,3.299963,0.9999466,1,1
486_600,486,600,-79.91666144691408,8.916670260950923,3.3999805,0.6999836,14,14
486_602,486,602,-79.58332809619606,8.916670260950923,3.0000057,0.70000076,1,1
486_1540,486,1540,76.75001339055598,8.916670260950923,3.0000057,0.8999958,1,1
486_1669,486,1669,98.25001451186836,8.916670260950923,2.900074,0.9000702,1,1
487_651,487,651,-71.41666100360453,8.750003585591912,3.500185,1.4001846,1,1
487_1540,487,1540,76.75001339055598,8.750003585591912,2.900013,0.80000496,1,1
487_1542,487,1542,77.083346741274,8.750003585591912,3.1002522,0.8002415,2,2
487_1669,487,1669,98.25001451186836,8.750003585591912,2.7000198,0.89998055,2,2
487_1820,487,1820,123.41668249107897,8.750003585591912,2.3999844,0.6999397,2,2
488_585,488,585,-82.41666157729924,8.583336910232902,3.4001484,0.60014725,1,1
488_598,488,598,-80.2499947976321,8.583336910232902,3.4000473,0.60004807,2,2
488_599,488,599,-80.08332812227309,8.583336910232902,3.3999119,0.5999203,19,21
488_651,488,651,-71.41666100360453,8.583336910232902,3.49994,1.3999367,1,1
488_1541,488,1541,76.91668006591499,8.583336910232902,3.0999985,0.899992,3,3
488_1543,488,1543,77.25001341663301,8.583336910232902,3.3000355,0.9000244,2,2
488_1669,488,1669,98.25001451186836,8.583336910232902,2.9000607,1.0000267,3,3
489_598,489,598,-80.2499947976321,8.41667023487389,3.4000244,0.70002556,2,2
489_599,489,599,-80.08332812227309,8.41667023487389,3.2000427,0.60004234,2,2
489_1544,489,1544,77.41668009199202,8.41667023487389,3.2997532,0.79974556,2,2
489_1563,489,1563,80.58334692381322,8.41667023487389,3.1999931,0.8999996,12,13
489_1677,489,1677,99.58334791474044,8.41667023487389,4.0001907,0.8001919,2,2
490_584,490,584,-82.58332825265825,8.25000355951488,2.9000149,0.6000023,1,1
490_1559,490,1559,79.91668022237718,8.25000355951488,3.400013,0.8000183,1,1
490_1564,490,1564,80.75001359917223,8.25000355951488,2.9999733,0.89997864,1,1
490_1671,490,1671,98.58334786258638,8.25000355951488,3.4000206,0.90001297,1,1
491_1564,491,1564,80.75001359917223,8.08333688415587,2.8999653,0.79997253,1,1
491_1671,491,1671,98.58334786258638,8.08333688415587,3.4000053,0.8000107,1,1
491_1672,491,1672,98.75001453794539,8.08333688415587,3.4000092,0.7999821,2,2
492_1564,492,1564,80.75001359917223,7.916670208796859,2.8999367,0.89993477,7,7
492_1669,492,1669,98.25001451186836,7.916670208796859,2.7000008,0.79995155,1,1
492_1671,492,1671,98.58334786258638,7.916670208796859,3.300005,0.80000305,1,1
493_598,493,598,-80.2499947976321,7.750003533437848,3.0999851,0.6999893,1,1
493_1672,493,1672,98.75001453794539,7.750003533437848,3.400011,0.8999996,1,1
493_1673,493,1673,98.9166812133044,7.750003533437848,3.5000134,0.8999996,1,1
493_1680,493,1680,100.08334794081748,7.750003533437848,3.8000126,0.80000114,2,2
494_1558,494,1558,79.75001354701817,7.583336858078837,2.4000664,0.90000343,1,1
494_1674,494,1674,99.08334788866341,7.583336858078837,3.3999844,0.7999897,1,1
495_1561,495,1561,80.2500135730952,7.416670182719827,2.9000492,0.8000488,1,1
495_1680,495,1680,100.08334794081748,7.416670182719827,3.6999893,0.89998055,1,1
496_642,496,642,-72.91666108183563,7.250003507360816,3.6000113,0.9000139,1,1
496_1559,496,1559,79.91668022237718,7.250003507360816,2.8000126,0.80000305,1,1
496_1563,496,1563,80.58334692381322,7.250003507360816,2.9000092,0.90000916,4,4
497_1311,497,1311,38.58334473334253,7.083336832001805,3.600254,1.5002556,2,2
497_1560,497,1560,80.08334689773619,7.083336832001805,2.8000412,0.80003166,2,2
497_1677,497,1677,99.58334791474044,7.083336832001805,3.4000282,0.9000168,2,2
497_1683,497,1683,100.58334796689451,7.083336832001805,3.9999733,0.799984,5,5
498_1098,498,1098,3.08334288187325,6.916670156642795,3.4999943,0.9999943,1,1
498_1518,498,1518,73.08334653265774,6.916670156642795,2.2000046,0.79999924,2,2
498_1559,498,1559,79.91668022237718,6.916670156642795,2.7999973,0.7999954,4,4
498_1562,498,1562,80.41668024845421,6.916670156642795,2.9003773,0.9003773,4,4
498_1566,498,1566,81.08334694989026,6.916670156642795,2.799673,0.89967346,4,4
499_1563,499,1563,80.58334692381322,6.750003481283784,2.8000908,0.8001003,2,2
500_1100,500,1100,3.4166762325912714,6.583336805924773,3.3999958,0.9999962,3,3
501_628,501,628,-75.24999453686178,6.4166701305657625,3.4999018,0.7999096,1,1
501_1094,501,1094,2.416676180437207,6.4166701305657625,3.2999916,0.99998856,1,1
501_1099,501,1099,3.2500095572322607,6.4166701305657625,3.2999992,1.0000038,1,1
501_1559,501,1559,79.91668022237718,6.4166701305657625,2.6000252,0.8999977,1,2
501_1565,501,1565,80.91668027453125,6.4166701305657625,2.8000107,0.8000202,2,2
501_1675,501,1675,99.25001456402242,6.4166701305657625,3.6000233,0.9000187,1,1
501_1678,501,1678,99.75001459009945,6.4166701305657625,4.0999603,0.8999653,2,2
501_1679,501,1679,99.91668126545846,6.4166701305657625,4.099983,0.799984,3,3
502_626,502,626,-75.5833278875798,6.250003455206752,3.4001217,0.8001194,3,3
502_629,502,629,-75.08332786150277,6.250003455206752,3.5998783,0.7998829,2,2
502_1679,502,1679,99.91668126545846,6.250003455206752,4.299988,0.79997444,1,1
503_627,503,627,-75.41666121222079,6.083336779847741,3.5999842,0.7999859,1,1
503_1564,503,1564,80.75001359917223,6.083336779847741,2.6999874,0.7999859,1,1
503_1779,503,1779,116.58334880135953,6.083336779847741,3.799285,0.6992855,1,1
504_1309,504,1309,38.25001138262451,5.91667010448873,3.300023,1.5000229,1,14
504_1562,504,1562,80.41668024845421,5.91667010448873,2.5000267,0.80000496,3,3
504_1693,504,1693,102.25001472048461,5.91667010448873,4.3999977,0.7999878,1,1
504_1776,504,1776,116.0833487752825,5.91667010448873,3.6002445,0.7002468,6,6
504_1778,504,1778,116.41668212600052,5.91667010448873,3.6999187,0.6999111,2,2
504_1787,504,1787,117.91668220423162,5.91667010448873,4.0999813,0.70000076,1,1
506_624,506,624,-75.91666123829782,5.583336753770709,3.6999445,0.89994526,1,1
506_1078,506,1078,-0.24999062530696392,5.583336753770709,3.4999962,1.1000042,3,3
506_1079,506,1079,-0.08332394994795322,5.583336753770709,3.299982,1.0999889,4,4
506_1682,506,1682,100.4166812915355,5.583336753770709,4.400015,0.8000355,2,2
506_1684,506,1684,100.75001464225352,5.583336753770709,4.1000957,0.8001213,1,1
506_1775,506,1775,115.91668209992349,5.583336753770709,3.4003315,0.7003231,5,5
507_627,507,627,-75.41666121222079,5.416670078411698,3.8000336,0.900033,2,2
507_1055,507,1055,-4.08332415856421,5.416670078411698,3.1999989,1.0999908,1,1
507_1056,507,1056,-3.9166574832051992,5.416670078411698,3.1999931,0.9999924,2,2
507_1681,507,1681,100.25001461617649,5.416670078411698,4.199915,0.8999214,14,17
507_1682,507,1682,100.4166812915355,5.416670078411698,4.3000355,0.90003204,1,1
507_1684,507,1684,100.75001464225352,5.416670078411698,4.000286,0.90029335,13,13
507_1698,507,1698,103.08334809727967,5.416670078411698,4.499981,0.69999886,1,1
508_630,508,630,-74.91666118614376,5.250003403052688,3.799921,0.8999195,2,2
508_761,508,761,-53.083326714113355,5.250003403052688,3.099987,0.3999958,1,1
508_762,508,762,-52.916660038754344,5.250003403052688,2.9999886,0.3999939,5,5
508_764,508,764,-52.58332668803632,5.250003403052688,2.9999752,0.5,3,3
508_1310,508,1310,38.41667805798352,5.250003403052688,3.29994,1.4999466,1,1
509_626,509,626,-75.5833278875798,5.083336727693677,3.8002548,0.9002514,4,4
509_627,509,627,-75.41666121222079,5.083336727693677,3.7999897,0.8999872,3,4
509_763,509,763,-52.74999336339533,5.083336727693677,3.1999874,0.49999046,2,2
509_764,509,764,-52.58332668803632,5.083336727693677,3.1999779,0.49999428,3,3
509_1271,509,1271,31.9166777189821,5.083336727693677,3.2999954,2.099989,1,1
509_1683,509,1683,100.58334796689451,5.083336727693677,4.100006,0.8000164,1,1
510_627,510,627,-75.41666121222079,4.916670052334666,3.7999587,0.8999586,1,1
510_633,510,633,-74.41666116006672,4.916670052334666,3.7000465,0.9000473,1,1
510_764,510,764,-52.58332668803632,4.916670052334666,3.2999744,0.49998283,3,3
510_766,510,766,-52.2499933373183,4.916670052334666,3.0999966,0.5,1,1
510_1308,510,1308,38.083344707265496,4.916670052334666,3.299941,1.4999409,1,1
510_1682,510,1682,100.4166812915355,4.916670052334666,4.199991,0.8999996,1,1
510_1769,510,1769,114.91668204776943,4.916670052334666,3.5999737,0.69999886,1,1
511_636,511,636,-73.91666113398969,4.7500033769756556,3.5999622,0.8999624,1,1
511_762,511,762,-52.916660038754344,4.7500033769756556,3.1999989,0.20000648,1,1
511_765,511,765,-52.41666001267731,4.7500033769756556,3.1999912,0.399992,4,4
511_1660,511,1660,96.75001443363726,4.7500033769756556,3.1001186,0.90011024,1,1
511_1686,511,1686,101.08334799297154,4.7500033769756556,3.700327,0.80033684,1,1
511_1687,511,1687,101.25001466833055,4.7500033769756556,3.600132,0.80013275,2,2
511_1769,511,1769,114.91668204776943,4.7500033769756556,3.6000004,0.7999973,1,1
512_626,512,626,-75.5833278875798,4.583336701616645,3.8001823,0.90017986,1,1
512_635,512,635,-74.0833278093487,4.583336701616645,3.5999174,0.8999176,3,3
512_636,512,636,-73.91666113398969,4.583336701616645,3.6001596,0.90015984,1,1
512_642,512,642,-72.91666108183563,4.583336701616645,3.4000053,0.80000305,1,1
512_1688,512,1688,101.41668134368956,4.583336701616645,3.6996956,0.7997074,1,1
513_625,513,625,-75.74999456293881,4.416670026257634,3.900303,0.9003067,1,1
513_628,513,628,-75.24999453686178,4.416670026257634,3.9000235,1.0000191,1,1
513_643,513,643,-72.74999440647662,4.416670026257634,3.3999996,0.80000305,1,1
514_624,514,624,-75.91666123829782,4.2500033508986235,3.800045,0.8000469,1,1
514_633,514,633,-74.41666116006672,4.2500033508986235,3.800331,0.9003391,3,4
514_1687,514,1687,101.25001466833055,4.2500033508986235,3.6004791,0.8004818,5,5
515_630,515,630,-74.91666118614376,4.083336675539613,3.8000526,0.90005493,1,1
515_638,515,638,-73.58332778327167,4.083336675539613,3.4000225,0.80002594,2,2
515_1769,515,1769,114.91668204776943,4.083336675539613,3.499792,0.69979095,1,1
516_1520,516,1520,73.41667988337576,3.916670000180602,2.0999832,0.70000076,1,1
517_637,517,637,-73.74999445863068,3.7500033248215914,3.4999847,0.8999882,2,2
517_1516,517,1516,72.75001318193972,3.7500033248215914,2.1000175,0.80000114,1,1
517_1690,517,1690,101.75001469440758,3.7500033248215914,3.8996868,0.7996788,8,8
518_760,518,760,-53.249993389472365,3.5833366494625807,3.199976,0.29998016,1,1
518_1517,518,1517,72.91667985729873,3.5833366494625807,2.2999535,0.80000114,3,3
518_1668,518,1668,98.08334783650935,3.5833366494625807,3.3998318,0.79981995,7,7
519_620,519,620,-76.58332793973386,3.41666997410357,3.4999142,0.7999153,1,1
519_1668,519,1668,98.08334783650935,3.41666997410357,3.3996792,0.79969025,2,2
519_1669,519,1669,98.25001451186836,3.41666997410357,3.400032,0.9000187,1,1
520_1691,520,1691,101.9166813697666,3.2500032987445593,3.799858,0.799839,1,1
520_1758,520,1758,113.08334861882031,3.2500032987445593,4.000004,0.700016,6,6
520_1759,520,1759,113.25001529417932,3.2500032987445593,3.899971,0.6999779,1,1
521_1152,521,1152,12.083343351259828,3.0833366233855486,3.4999886,0.8999901,1,1
521_1689,521,1689,101.58334801904857,3.0833366233855486,3.6000366,0.80002403,6,8
521_1690,521,1690,101.75001469440758,3.0833366233855486,3.7001877,0.80018044,7,10
521_1758,521,1758,113.08334861882031,3.0833366233855486,3.8999805,0.69999695,2,2
522_1690,522,1690,101.75001469440758,2.916669948026538,3.7000942,0.8000946,8,8
523_1690,523,1690,101.75001469440758,2.750003272667527,3.6000576,0.80005646,1,1
526_1751,526,1751,111.91668189130723,2.250003246590495,3.8000107,0.7000179,1,1
530_1702,530,1702,103.75001479871571,1.5833365451544523,4.600012,0.80000305,1,1
531_1701,531,1701,103.5833481233567,1.4166698697954416,4.6000004,0.7999935,1,1
531_1702,531,1702,103.75001479871571,1.4166698697954416,4.6999874,0.7999821,153,220
531_1703,531,1703,103.91668147407472,1.4166698697954416,4.7000027,0.7000141,51,75
531_1704,531,1704,104.08334814943373,1.4166698697954416,4.7000217,0.8000126,1,1
532_1701,532,1701,103.5833481233567,1.250003194436431,4.500019,0.79999924,5,6
532_1702,532,1702,103.75001479871571,1.250003194436431,4.6999874,0.7999878,70,95
532_1703,532,1703,103.91668147407472,1.250003194436431,4.6999874,0.80000496,43,57
533_1707,533,1707,104.58334817551076,1.0833365190774202,4.799986,0.7999859,1,1
535_771,535,771,-51.41665996052325,0.7500031683593988,3.199995,0.69999504,1,1
536_617,536,617,-77.0833279658109,0.5833364930003881,3.6000233,0.80002594,1,1
536_770,536,770,-51.58332663588226,0.5833364930003881,3.199997,0.69999695,2,2
536_1169,536,1169,14.91667683236301,0.5833364930003881,3.4000015,0.8999996,1,1
537_1120,537,1120,6.750009739771485,0.41666981764137745,2.3000011,0.70000076,2,2
537_1262,537,1262,30.416677640751004,0.41666981764137745,3.4000092,1.6000443,5,6
537_1275,537,1275,32.58334442041814,0.41666981764137745,2.6000042,2.4999866,1,1
537_1688,537,1688,101.41668134368956,0.41666981764137745,3.4000187,0.7000084,1,1
538_606,538,606,-78.91666139476001,0.25000314228236675,3.7001076,0.80010605,1,1
538_1119,538,1119,6.583343064412475,0.25000314228236675,2.6996784,0.7997246,9,9
538_1120,538,1120,6.750009739771485,0.25000314228236675,1.7999935,0.6999836,1,1
539_608,539,608,-78.58332804404199,0.08333646692335606,4.0000057,0.9000082,1,1
539_609,539,609,-78.41666136868298,0.08333646692335606,3.9002104,0.8002081,2,2
539_1274,539,1274,32.41667774505913,0.08333646692335606,2.9000034,2.1000004,6,6
539_1689,539,1689,101.58334801904857,0.08333646692335606,3.499998,0.7999859,1,1
540_607,540,607,-78.749994719401,-0.08333020843565464,3.9001436,0.90014076,4,4
540_609,540,609,-78.41666136868298,-0.08333020843565464,3.9001102,0.80010986,2,2
540_611,540,611,-78.08332801796496,-0.08333020843565464,3.8999553,0.6999521,1,1
540_615,540,615,-77.41666131652892,-0.08333020843565464,3.7999172,0.69992065,1,1
540_1304,540,1304,37.41667800582945,-0.08333020843565464,3.2993822,1.0993838,1,1
541_531,541,531,-91.41666204668581,-0.24999688379466534,2.9000797,0.6000786,1,1
541_602,541,602,-79.58332809619606,-0.24999688379466534,3.5000057,0.8000088,1,1
541_605,541,605,-79.08332807011902,-0.24999688379466534,3.7000713,0.800066,1,1
541_608,541,608,-78.58332804404199,-0.24999688379466534,3.9998322,0.7998333,1,1
541_609,541,609,-78.41666136868298,-0.24999688379466534,3.9002361,0.7002382,1,1
541_1259,541,1259,29.916677614673972,-0.24999688379466534,3.9000683,0.9000759,2,2
542_611,542,611,-78.08332801796496,-0.41666355915367603,3.9998546,0.5998626,1,1
542_621,542,621,-76.41666126437485,-0.41666355915367603,3.2999935,0.69999504,1,1
543_538,543,538,-90.24999531917274,-0.5833302345126867,2.8999195,0.4999752,1,1
543_607,543,607,-78.749994719401,-0.5833302345126867,3.8999586,0.89995193,1,1
543_1258,543,1258,29.75001093931496,-0.5833302345126867,4.0000877,0.8000965,3,3
543_1265,543,1265,30.916677666828036,-0.5833302345126867,3.8999863,1.0,1,1
544_537,544,537,-90.41666199453175,-0.7499969098716974,2.4000149,0.5000057,1,1
544_1257,544,1257,29.58334426395595,-0.7499969098716974,4.0000725,0.900074,1,1
544_1298,544,1298,36.41667795367539,-0.7499969098716974,3.400278,1.1002693,1,1
545_595,545,595,-80.74999482370913,-0.9166635852307081,2.9999828,0.8999939,2,2
545_1798,545,1798,119.75001563318074,-0.9166635852307081,2.9996758,0.6996918,1,1
545_1799,545,1799,119.91668230853975,-0.9166635852307081,2.900322,0.70031357,4,4
546_1258,546,1258,29.75001093931496,-1.0833302605897188,3.99994,0.8999319,1,1
546_1291,546,1291,35.250011226162314,-1.0833302605897188,3.2000923,1.1000919,21,21
546_1292,546,1292,35.416677901521325,-1.0833302605897188,3.2000055,1.0999994,2,2
546_1303,546,1303,37.25001133047044,-1.0833302605897188,3.1999245,1.099926,1,1
547_1258,547,1258,29.75001093931496,-1.2499969359487295,4.00004,0.9000397,1,1
547_1289,547,1289,34.91667787544429,-1.2499969359487295,3.0999498,1.099947,4,4
547_1291,547,1291,35.250011226162314,-1.2499969359487295,3.1000872,1.1000786,1,1
547_1301,547,1301,36.91667797975242,-1.2499969359487295,3.2999725,1.1999702,1,1
547_1801,547,1801,120.25001565925777,-1.2499969359487295,3.0997715,0.6997833,1,1
548_611,548,611,-78.08332801796496,-1.4166636113077402,3.8999777,0.6999798,3,3
548_1289,548,1289,34.91667787544429,-1.4166636113077402,3.1000328,1.1000328,6,6
548_1290,548,1290,35.083344550803304,-1.4166636113077402,3.1000557,1.10005,1,1
548_1300,548,1300,36.75001130439341,-1.4166636113077402,3.2999315,1.0999374,3,5
549_1290,549,1290,35.083344550803304,-1.583330286666751,3.1000557,1.1000557,1,1
549_1291,549,1291,35.250011226162314,-1.583330286666751,3.1000948,1.1000919,1,1
549_1701,549,1701,103.5833481233567,-1.583330286666751,4.200001,0.6999893,1,1
550_597,550,597,-80.41666147299111,-1.7499969620257616,3.49996,0.8999634,1,1
551_1260,551,1260,30.083344290032983,-1.9166636373847723,4.100031,1.0000362,2,3
552_1286,552,1286,34.41667784936726,-2.083330312743783,3.10005,1.0000477,9,9
552_1287,552,1287,34.58334452472627,-2.083330312743783,3.1000328,1.0000324,6,6
553_1289,553,1289,34.91667787544429,-2.2499969881027937,3.0000668,1.000061,2,3
554_814,554,814,-44.24999292008579,-2.4166636634618044,3.5999985,0.79999924,1,1
554_1288,554,1288,34.75001120008528,-2.4166636634618044,3.100008,1.0000134,1,1
555_604,555,604,-79.24999474547803,-2.583330338820815,3.70012,0.8001232,1,1
556_604,556,604,-79.24999474547803,-2.749997014179826,3.5997887,0.7997837,2,2
556_607,556,607,-78.749994719401,-2.749997014179826,3.60005,0.8000498,3,3
556_822,556,822,-42.9166595172137,-2.749997014179826,3.3999958,0.8999977,1,1
556_1289,556,1289,34.91667787544429,-2.749997014179826,3.1000462,1.0000458,1,1
556_1308,556,1308,38.083344707265496,-2.749997014179826,2.9999104,1.2999096,12,12
557_607,557,607,-78.749994719401,-2.9166636895388365,3.500021,0.7000208,1,1
557_831,557,831,-41.416659438982606,-2.9166636895388365,3.099987,0.7999973,1,1
557_834,557,834,-40.916659412905574,-2.9166636895388365,2.8999958,0.7999954,1,1
557_1308,557,1308,38.083344707265496,-2.9166636895388365,2.8999615,1.2999535,29,32
558_720,558,720,-59.91666040383279,-3.083330364897847,3.6000042,0.69999695,1,1
558_1292,558,1292,35.416677901521325,-3.083330364897847,3.100174,0.9001732,2,3
558_1293,558,1293,35.583344576880336,-3.083330364897847,3.2001915,1.0001917,7,7
559_604,559,604,-79.24999474547803,-3.249997040256858,3.6003542,0.800354,1,1
559_720,559,720,-59.91666040383279,-3.249997040256858,3.600006,0.7000027,1,1
559_1292,559,1292,35.416677901521325,-3.249997040256858,3.199747,0.9997473,2,2
559_1293,559,1293,35.583344576880336,-3.249997040256858,3.2000237,1.0000229,17,19
559_1295,559,1295,35.91667792759836,-3.249997040256858,3.1999454,0.9999409,1,1
559_1304,559,1304,37.41667800582945,-3.249997040256858,2.8000603,1.300067,1,1
559_1320,559,1320,40.083344811573625,-3.249997040256858,1.9999313,0.79999924,1,1
560_845,560,845,-39.083325983956456,-3.4166637156158686,2.8999786,0.80000114,2,2
560_1294,560,1294,35.75001125223935,-3.4166637156158686,3.29994,0.9999504,3,3
560_1295,560,1295,35.91667792759836,-3.4166637156158686,3.200182,1.0001831,1,1
560_1301,560,1301,36.91667797975242,-3.4166637156158686,2.8999557,1.0999622,2,2
560_1319,560,1319,39.916678136214614,-3.4166637156158686,2.0999565,0.89998245,1,1
560_1320,560,1320,40.083344811573625,-3.4166637156158686,1.6999378,0.8999977,1,1
561_596,561,596,-80.58332814835012,-3.5833303909748793,3.5999985,0.9999943,1,1
561_1295,561,1295,35.91667792759836,-3.5833303909748793,3.2000504,1.0000496,2,2
561_1296,561,1296,36.08334460295737,-3.5833303909748793,3.200077,1.0000839,1,1
561_1309,561,1309,38.25001138262451,-3.5833303909748793,2.8999996,1.2999992,2,2
562_597,562,597,-80.41666147299111,-3.74999706633389,3.6000137,1.1000061,1,1
562_1294,562,1294,35.75001125223935,-3.74999706633389,3.1999779,0.9999771,1,1
562_1295,562,1295,35.91667792759836,-3.74999706633389,3.3000507,1.1000595,4,4
562_1296,562,1296,36.08334460295737,-3.74999706633389,3.2000713,1.100069,5,5
563_850,563,850,-38.2499926071614,-3.9166637416929007,2.499981,0.80000114,3,4
563_1318,563,1318,39.7500114608556,-3.9166637416929007,2.0999374,1.0000153,1,1
563_1772,563,1772,115.41668207384646,-3.9166637416929007,3.6000042,0.7000027,1,1
564_608,564,608,-78.58332804404199,-4.083330417051911,3.7000008,0.7000027,1,1
564_1278,564,1278,33.083344446495175,-4.083330417051911,3.5999908,0.7999973,1,1
564_1318,564,1318,39.7500114608556,-4.083330417051911,1.700016,0.90001106,2,2
565_851,565,851,-38.08332593180239,-4.249997092410922,2.8999786,0.7999916,1,1
565_1317,565,1317,39.58334478549659,-4.249997092410922,2.099924,0.8999996,16,16
566_1415,566,1415,55.91667897067964,-4.416663767769933,1.9999828,0.59999466,1,1
567_1316,567,1316,39.41667811013758,-4.583330443128943,2.2999516,0.90000725,8,8
567_1412,567,1412,55.41667894460261,-4.583330443128943,2.0999622,0.69992065,1,1
568_834,568,834,-40.916659412905574,-4.749997118487954,3.4998837,0.7998848,1,1
568_1413,568,1413,55.58334561996162,-4.749997118487954,1.9999676,0.6999836,1,1
571_592,571,592,-81.24999484978616,-5.249997144564986,2.800024,1.1000004,3,3
572_868,572,868,-35.24999245069921,-5.416663819923997,2.7999802,0.79999924,2,2
575_845,575,845,-39.083325983956456,-5.916663846001029,3.4999866,0.7999859,1,1
576_869,576,869,-35.0833257753402,-6.08333052136004,3.7999763,0.79999924,1,2
576_1315,576,1315,39.25001143477857,-6.08333052136004,2.3999462,0.7999706,1,1
576_1719,576,1719,106.58334827981889,-6.08333052136004,4.0999985,0.70000076,1,1
576_1720,576,1720,106.7500149551779,-6.08333052136004,4.1000175,0.7000179,4,4
576_1721,576,1721,106.91668163053691,-6.08333052136004,4.100025,0.7000103,4,6
577_1311,577,1311,38.58334473334253,-6.24999719671905,2.7999668,0.99996376,1,1
577_1316,577,1316,39.41667811013758,-6.24999719671905,2.2999554,0.7999859,1,1
577_1317,577,1317,39.58334478549659,-6.24999719671905,1.8999958,0.79999924,1,1
577_1715,577,1715,105.91668157838285,-6.24999719671905,3.5000172,0.7000027,2,3
577_1720,577,1720,106.7500149551779,-6.24999719671905,4.0000324,0.70001984,7,13
577_1721,577,1721,106.91668163053691,-6.24999719671905,4.1000023,0.7000027,2,2
577_1723,577,1723,107.25001498125494,-6.24999719671905,4.2000103,0.6999893,4,4
578_621,578,621,-76.41666126437485,-6.416663872078061,3.4999924,0.69999504,1,1
578_622,578,622,-76.24999458901584,-6.416663872078061,3.2999516,0.5999546,1,1
578_870,578,870,-34.91665909998119,-6.416663872078061,3.599987,0.79999924,1,1
579_1721,579,1721,106.91668163053691,-6.583330547437072,3.6998844,0.699873,1,1
580_821,580,821,-43.08332619257271,-6.7499972227960825,3.500021,0.8000202,2,2
580_846,580,846,-38.916659308597445,-6.7499972227960825,3.5000095,0.8000107,1,1
580_1306,580,1306,37.750011356547475,-6.7499972227960825,2.999958,1.3999615,1,1
580_1727,580,1727,107.91668168269098,-6.7499972227960825,3.899763,0.6997585,3,3
580_1729,580,1729,108.250015033409,-6.7499972227960825,4.0000534,0.70005035,1,1
581_1316,581,1316,39.41667811013758,-6.916663898155093,2.1999226,0.9999771,2,11
581_1732,581,1732,108.75001505948603,-6.916663898155093,3.7999897,0.6999874,1,1
581_1742,581,1742,110.41668181307614,-6.916663898155093,3.600008,0.6999893,1,1
581_1743,581,1743,110.58334848843515,-6.916663898155093,3.6999798,0.59998894,2,2
582_870,582,870,-34.91665909998119,-7.083330573514104,3.6999798,0.8999977,1,1
582_1741,582,1741,110.25001513771713,-7.083330573514104,3.599968,0.6999645,1,1
582_1743,582,1743,110.58334848843515,-7.083330573514104,3.4999714,0.5999775,1,1
582_1745,582,1745,110.91668183915317,-7.083330573514104,3.4000168,0.60001564,1,1
582_1751,582,1751,111.91668189130723,-7.083330573514104,3.3999672,0.59996605,2,2
583_864,583,864,-35.91665915213525,-7.249997248873115,3.699976,0.89997864,1,1
583_1732,583,1732,108.75001505948603,-7.249997248873115,3.3999462,0.69994354,1,2
583_1742,583,1742,110.41668181307614,-7.249997248873115,3.399723,0.6997204,1,1
583_1756,583,1756,112.75001526810229,-7.249997248873115,3.4000072,0.59999657,19,27
584_1302,584,1302,37.08334465511143,-7.416663924232125,2.899994,1.4999924,2,2
584_1756,584,1756,112.75001526810229,-7.416663924232125,3.399969,0.69999313,2,2
585_1308,585,1308,38.083344707265496,-7.583330599591136,2.6000023,1.6000061,1,1
585_1742,585,1742,110.41668181307614,-7.583330599591136,3.0997734,0.6997814,4,4
585_1744,585,1744,110.75001516379416,-7.583330599591136,3.0999985,0.7000065,3,4
586_1309,586,1309,38.25001138262451,-7.749997274950147,2.5999966,1.6000061,2,2
586_1741,586,1741,110.25001513771713,-7.749997274950147,3.0000305,0.60004044,1,1
586_1742,586,1742,110.41668181307614,-7.749997274950147,3.000105,0.70010567,5,5
586_1755,586,1755,112.58334859274328,-7.749997274950147,2.8992949,0.5992832,3,4
587_851,587,851,-38.08332593180239,-7.916663950309157,3.6000023,1.0000038,1,1
587_870,587,870,-34.91665909998119,-7.916663950309157,3.7999687,0.89998055,1,1
587_1762,587,1762,113.75001532025635,-7.916663950309157,3.2997494,0.6997528,1,1
588_870,588,870,-34.91665909998119,-8.083330625668168,3.7999763,0.90000343,2,2
588_1764,588,1764,114.08334867097437,-8.083330625668168,3.1996784,0.699666,1,1
588_1766,588,1766,114.4166820216924,-8.083330625668168,2.799858,0.6998882,1,1
589_870,589,870,-34.91665909998119,-8.249997301027179,3.6999722,0.7999954,1,2
589_1765,589,1765,114.25001534633338,-8.249997301027179,3.0999146,0.5999508,1,1
589_1766,589,1766,114.4166820216924,-8.249997301027179,2.8001919,0.70015526,1,1
590_1761,590,1761,113.58334864489734,-8.41666397638619,2.8001404,0.60012054,1,1
590_1771,590,1771,115.25001539848745,-8.41666397638619,3.000164,0.7001629,1,1
591_1771,591,1771,115.25001539848745,-8.5833306517452,2.9000149,0.6000538,2,2
593_869,593,869,-35.0833257753402,-8.916664002463222,3.4999866,0.70000076,1,1
594_1780,594,1780,116.75001547671854,-9.083330677822232,2.60005,0.6001034,2,2
597_865,597,865,-35.74999247677624,-9.583330703899264,3.3999825,0.7999916,1,1
598_865,598,865,-35.74999247677624,-9.749997379258275,3.1000004,0.7000046,1,1
599_701,599,701,-63.083327235654,-9.916664054617286,3.7000084,0.80000305,1,1
599_743,599,743,-56.08332687057555,-9.916664054617286,3.6999931,0.69999313,1,2
604_1231,604,1231,25.250010704621673,-10.74999743141234,3.6000023,0.7000103,2,2
606_684,606,684,-65.91666071675718,-11.08333078213036,3.3999977,0.79999924,1,1
608_843,608,843,-39.41665933467448,-11.416664132848382,3.4999962,0.9999962,1,1
610_626,610,626,-75.5833278875798,-11.749997483566403,4.3000145,0.70001554,1,1
611_620,611,620,-76.58332793973386,-11.916664158925414,3.9003334,0.80032444,1,1
612_617,612,617,-77.0833279658109,-12.083330834284425,3.2000275,0.8000145,4,4
613_618,613,618,-76.91666129045188,-12.249997509643435,3.3000507,0.8000431,1,1
613_636,613,636,-73.91666113398969,-12.249997509643435,3.8001728,0.7001705,1,1
613_1346,613,1346,44.4166783709079,-12.249997509643435,1.8998337,0.5998287,3,3
614_1865,614,1865,130.91668288223445,-12.416664185002446,3.200016,0.6000099,1,2
615_666,615,666,-68.91666087321937,-12.583330860361457,4.199995,0.7000027,1,1
615_1865,615,1865,130.91668288223445,-12.583330860361457,3.3000164,0.60001945,1,1
617_662,617,662,-69.58332757465541,-12.916664211079478,4.199999,0.69999695,1,1
617_1350,617,1350,45.083345072343946,-12.916664211079478,1.9999866,0.59999275,1,1
618_849,618,849,-38.41665928252041,-13.083330886438489,2.6000004,0.7000046,3,3
618_1247,618,1247,27.916677510365844,-13.083330886438489,3.6999893,0.3999958,2,3
620_832,620,832,-41.249992763623595,-13.41666423715651,3.299921,0.69992065,1,1
621_793,621,793,-47.74999310262501,-13.583330912515521,4.000038,0.60004425,2,2
623_846,623,846,-38.916659308597445,-13.916664263233542,2.8999767,0.80000114,1,1
623_1282,623,1282,33.75001114793122,-13.916664263233542,3.800024,0.4000225,1,1
624_793,624,793,-47.74999310262501,-14.083330938592553,3.900053,0.6000538,1,1
624_1287,624,1287,34.58334452472627,-14.083330938592553,3.6999702,0.39997864,1,1
626_1236,626,1236,26.083344081416726,-14.416664289310575,4.100004,0.30000114,2,2
627_1215,627,1215,22.5833438988775,-14.583330964669585,3.8999825,0.5999832,3,3
627_1236,627,1236,26.083344081416726,-14.583330964669585,4.2000046,0.29999924,1,1
630_1315,630,1315,39.25001143477857,-15.083330990746617,3.6999931,0.69999504,2,2
632_842,632,842,-39.58332601003349,-15.416664341464639,2.899971,0.9999752,1,1
632_1234,632,1234,25.750010730698705,-15.416664341464639,3.999977,0.3999691,1,1
632_1235,632,1235,25.916677406057715,-15.416664341464639,4.1000347,0.40003204,1,1
632_1249,632,1249,28.250010861083865,-15.416664341464639,3.8999958,0.3999939,1,1
632_1250,632,1250,28.416677536442876,-15.416664341464639,3.8999672,0.39997482,3,3
633_743,633,743,-56.08332687057555,-15.58333101682365,4.0000134,0.8000183,2,2
633_793,633,793,-47.74999310262501,-15.58333101682365,3.9000072,0.6000099,1,1
633_823,633,823,-42.74999284185469,-15.58333101682365,3.1999416,0.39994812,1,1
634_792,634,792,-47.91665977798402,-15.74999769218266,3.799986,0.5999832,4,5
635_786,635,786,-48.91665983013809,-15.91666436754167,4.0000324,0.700037,1,1
635_1253,635,1253,28.916677562519908,-15.91666436754167,3.9000473,0.4000473,1,1
637_786,637,786,-48.91665983013809,-16.249997718259692,3.9999828,0.6999893,1,1
637_1252,637,1252,28.750010887160897,-16.249997718259692,3.9000473,0.30005646,2,2
637_1952,637,1952,145.41668363846838,-16.249997718259692,3.2999458,0.70002747,1,1
638_739,638,739,-56.74999357201159,-16.416664393618703,3.9000053,0.80000305,2,2
638_830,638,830,-41.58332611434162,-16.416664393618703,3.099989,0.6999836,1,1
638_1252,638,1252,28.750010887160897,-16.416664393618703,3.900072,0.30007172,3,3
639_671,639,671,-68.08332749642432,-16.583331068977714,4.200151,0.8001509,1,1
640_835,640,835,-40.74999273754656,-16.749997744336724,2.999998,0.9000015,1,1
640_1951,640,1951,145.25001696310937,-16.749997744336724,3.500063,0.70005417,1,1
640_1953,640,1953,145.5833503138274,-16.749997744336724,3.3997898,0.59981537,1,1
640_1954,640,1954,145.7500169891864,-16.749997744336724,3.3000069,0.6000004,1,1
641_845,641,845,-39.083325983956456,-16.916664419695735,2.300003,0.80000305,1,1
641_1954,641,1954,145.7500169891864,-16.916664419695735,3.599989,0.60002327,3,3
642_1248,642,1248,28.083344185724854,-17.083331095054746,4.1000423,0.300045,2,2
643_1955,643,1955,145.91668366454542,-17.249997770413756,3.699854,0.5998478,1,1
644_683,644,683,-66.08332739211619,-17.416664445772767,3.9002428,0.700243,1,1
644_1953,644,1953,145.5833503138274,-17.416664445772767,3.699953,0.5999336,2,2
644_1955,644,1955,145.91668366454542,-17.416664445772767,3.8999767,0.59999084,2,2
645_1267,645,1267,31.250011017546058,-17.583331121131778,3.8999386,0.39993095,1,1
645_1951,645,1951,145.25001696310937,-17.583331121131778,3.6000862,0.70007515,1,1
646_700,646,700,-63.24999391101301,-17.74999779649079,4.19998,0.6999874,1,1
646_1266,646,1266,31.083344342187047,-17.74999779649079,3.9999657,0.39997482,2,2
647_841,647,841,-39.7499926853925,-17.9166644718498,2.4999905,0.69999695,1,1
647_1233,647,1233,25.583344055339694,-17.9166644718498,3.5999851,0.5999851,1,1
647_1234,647,1234,25.750010730698705,-17.9166644718498,3.4999943,0.49999428,10,15
647_1235,647,1235,25.916677406057715,-17.9166644718498,3.4999905,0.49998474,11,21
647_1266,647,1266,31.083344342187047,-17.9166644718498,3.9000607,0.30006027,2,3
647_1955,647,1955,145.91668366454542,-17.9166644718498,3.9999695,0.5999794,1,1
647_1956,647,1956,146.08335033990443,-17.9166644718498,3.8999805,0.60001945,1,1
648_1279,648,1279,33.250011121854186,-18.08333114720881,4.000002,0.6000023,1,2
649_1269,649,1269,31.58334436826408,-18.24999782256782,3.8999968,0.40000153,1,1
650_1211,650,1211,21.91667719744146,-18.41666449792683,4.100008,0.50000954,5,5
651_1956,651,1956,146.08335033990443,-18.583331173285842,3.899969,0.59996605,1,1
652_828,652,828,-41.91665946505964,-18.749997848644853,2.5999928,0.7999935,6,6
652_1165,652,1165,14.250010130926967,-18.749997848644853,4.199972,0.8999672,1,1
652_1182,652,1182,17.08334361203015,-18.749997848644853,4.4000053,0.7000046,3,3
652_1183,652,1183,17.25001028738916,-18.749997848644853,4.3999977,0.69999695,1,1
653_750,653,750,-54.91666014306247,-18.916664524003863,4.0999813,0.7999821,3,3
653_811,653,811,-44.74999294616282,-18.916664524003863,3.6000195,0.60001945,1,1
653_833,653,833,-41.083326088264585,-18.916664524003863,2.399971,0.7999706,1,1
653_1365,653,1365,47.583345202729106,-18.916664524003863,3.8001108,0.7000942,1,1
654_1178,654,1178,16.416676910594106,-19.083331199362874,4.599991,0.7999973,7,8
654_1243,654,1243,27.2500108089298,-19.083331199362874,3.7999954,0.59999466,1,1
654_1360,654,1360,46.75001182593405,-19.083331199362874,3.300025,0.6000252,1,1
655_1175,655,1175,15.916676884517074,-19.249997874721885,4.5999966,0.8999901,7,8
655_1176,655,1176,16.083343559876084,-19.249997874721885,4.599989,0.7999973,10,11
655_1960,655,1960,146.75001704134047,-19.249997874721885,3.3999786,0.60002136,3,3
656_1175,656,1175,15.916676884517074,-19.416664550080895,4.599991,0.8999901,1,1
656_1960,656,1960,146.75001704134047,-19.416664550080895,3.4000473,0.6000557,1,1
657_815,657,815,-44.08332624472678,-19.583331225439906,3.5999832,0.89998436,1,1
657_1169,657,1169,14.91667683236301,-19.583331225439906,4.3999977,0.7999897,1,1
657_1221,657,1221,23.583343951031566,-19.583331225439906,4.199999,0.5,7,7
658_824,658,824,-42.58332616649568,-19.749997900798917,3.2000122,1.4000092,3,3
658_1236,658,1236,26.083344081416726,-19.749997900798917,3.8000145,0.6000061,3,3
659_816,659,816,-43.916659569367766,-19.916664576157928,3.60001,1.2000122,2,2
659_817,659,817,-43.749992894008756,-19.916664576157928,3.5000286,1.2000313,1,1
659_836,659,836,-40.58332606218755,-19.916664576157928,2.6998482,0.9998417,1,1
659_839,659,839,-40.08332603611052,-19.916664576157928,2.699997,0.70000076,2,2
659_1220,659,1220,23.416677275672555,-19.916664576157928,4.100004,0.5,1,1
659_1221,659,1221,23.583343951031566,-19.916664576157928,4.199999,0.5000057,7,7
659_1228,659,1228,24.75001067854464,-19.916664576157928,3.9000072,0.5000057,1,1
660_812,660,812,-44.58332627080381,-20.083331251516938,3.6999989,1.0000038,1,1
660_1218,660,1218,23.083343924954534,-20.083331251516938,4.0999985,0.5,1,1
660_1425,660,1425,57.58334572426975,-20.083331251516938,2.3999462,0.5000076,2,2
660_1426,660,1426,57.75001239962876,-20.083331251516938,1.899992,0.6000004,36,41
661_838,661,838,-40.24999271146953,-20.24999792687595,2.800003,0.80000114,2,2
661_1218,661,1218,23.083343924954534,-20.24999792687595,4.100004,0.5000057,1,1
661_1231,661,1231,25.250010704621673,-20.24999792687595,3.8999996,0.5999985,4,4
661_1251,661,1251,28.583344211801887,-20.24999792687595,3.7999582,0.49995995,4,4
661_1265,661,1265,30.916677666828036,-20.24999792687595,3.1999664,0.6999798,1,1
661_1425,661,1425,57.58334572426975,-20.24999792687595,2.3998623,0.59986687,1,1
661_1426,661,1426,57.75001239962876,-20.24999792687595,2.1998901,0.49999046,2,2
661_1972,661,1972,148.7500171456486,-20.24999792687595,2.999981,0.59999084,1,11
662_833,662,833,-41.083326088264585,-20.41666460223496,2.6999884,1.3999805,1,1
662_837,662,837,-40.41665938682854,-20.41666460223496,2.7999992,0.8999939,6,6
662_838,662,838,-40.24999271146953,-20.41666460223496,2.800003,0.80000305,1,1
662_1180,662,1180,16.750010261312127,-20.41666460223496,4.300024,1.2000237,1,1
662_1184,662,1184,17.41667696274817,-20.41666460223496,4.299965,1.1999645,8,9
662_1424,662,1424,57.41667904891074,-20.41666460223496,2.1000042,0.49998856,2,2
663_788,663,788,-48.583326479420066,-20.58333127759397,3.9999828,0.89998436,1,1
663_828,663,828,-41.91665946505964,-20.58333127759397,3.2000103,1.4000149,2,2
663_1179,663,1179,16.583343585953116,-20.58333127759397,4.30002,1.3000145,2,2
663_1180,663,1180,16.750010261312127,-20.58333127759397,4.3999968,1.2999973,12,13
663_1186,663,1186,17.75001031346619,-20.58333127759397,4.200001,1.0999928,1,1
663_1363,663,1363,47.250011852011085,-20.58333127759397,3.5999565,0.6999502,10,13
664_830,664,830,-41.58332611434162,-20.74999795295298,2.9999256,1.1999264,1,1
664_1179,664,1179,16.583343585953116,-20.74999795295298,4.3999996,1.3000069,2,2
664_1180,664,1180,16.750010261312127,-20.74999795295298,4.3999853,1.3999767,3,3
665_1179,665,1179,16.583343585953116,-20.91666462831199,4.49998,1.2999897,4,4
665_1412,665,1412,55.41667894460261,-20.91666462831199,1.7999249,0.59988976,1,1
666_784,666,784,-49.24999318085611,-21.083331303671002,4.2000065,1.0000114,1,1
666_810,666,810,-44.91665962152183,-21.083331303671002,3.6000137,0.60001373,2,2
666_823,666,823,-42.74999284185469,-21.083331303671002,3.6000729,0.8000698,1,1
666_830,666,830,-41.58332611434162,-21.083331303671002,3.200014,0.9000168,2,2
666_1411,666,1411,55.2500122692436,-21.083331303671002,1.9003983,0.60035706,1,2
666_1413,666,1413,55.58334561996162,-21.083331303671002,2.3995895,0.5996132,7,8
666_1974,666,1974,149.08335049636662,-21.083331303671002,3.5999641,0.6999874,2,2
666_1975,666,1975,149.25001717172563,-21.083331303671002,3.3999863,0.70000076,1,1
667_1170,667,1170,15.08334350772202,-21.249997979030013,4.4000015,0.8999939,1,1
667_1411,667,1411,55.2500122692436,-21.249997979030013,2.400076,0.60009575,1,1
667_1412,667,1412,55.41667894460261,-21.249997979030013,2.1003265,0.50030136,1,1
667_1974,667,1974,149.08335049636662,-21.249997979030013,3.6999798,0.6999912,1,1
667_2069,667,2069,164.91668465547264,-21.249997979030013,2.2001743,0.5001373,1,1
668_695,668,695,-64.08332728780806,-21.416664654389024,3.6999912,0.6999912,1,1
668_800,668,800,-46.58332637511194,-21.416664654389024,3.3999872,0.49998474,1,1
668_2069,668,2069,164.91668465547264,-21.416664654389024,2.4999905,0.5000057,1,1
669_694,669,694,-64.24999396316707,-21.583331329748034,3.699976,0.69997597,1,1
670_790,670,790,-48.249993128702044,-21.749998005107045,3.5999966,0.69999695,3,3
670_800,670,800,-46.58332637511194,-21.749998005107045,3.399952,0.39995766,1,1
670_1163,670,1163,13.916676780208945,-21.749998005107045,3.2999954,0.8999882,3,3
671_775,671,775,-50.749993259087205,-21.916664680466056,4.2000084,0.90001106,1,1
671_799,671,799,-46.74999305047095,-21.916664680466056,3.400076,0.5000706,1,1
671_1171,671,1171,15.25001018308103,-21.916664680466056,4.49998,0.999979,2,3
672_806,672,806,-45.58332632295787,-22.083331355825067,3.4000626,0.50006104,1,1
672_833,672,833,-41.083326088264585,-22.083331355825067,2.39999,0.6000042,1,1
672_1169,672,1169,14.91667683236301,-22.083331355825067,4.299983,0.9999752,1,1
672_1764,672,1764,114.08334867097437,-22.083331355825067,2.0999432,0.4999962,1,1
672_1974,672,1974,149.08335049636662,-22.083331355825067,3.600027,0.70002556,1,1
673_812,673,812,-44.58332627080381,-22.249998031184077,3.4999056,0.5999012,3,3
673_1174,673,1174,15.750010209158063,-22.249998031184077,4.500004,1.1000023,1,1
673_1256,673,1256,29.41667758859694,-22.249998031184077,3.3999977,0.5999985,2,2
673_2078,673,2078,166.41668473370373,-22.249998031184077,2.5000877,0.50012016,4,4
674_794,674,794,-47.583326427266,-22.416664706543088,3.4000187,0.5000191,1,1
674_815,674,815,-44.08332624472678,-22.416664706543088,3.5000134,0.60001755,1,1
674_820,674,820,-43.249992867931724,-22.416664706543088,3.3999958,0.59998894,1,1
674_821,674,821,-43.08332619257271,-22.416664706543088,3.4999027,0.599905,2,2
674_826,674,826,-42.24999281577766,-22.416664706543088,3.0999603,0.5999603,1,1
674_1182,674,1182,17.08334361203015,-22.416664706543088,4.100089,1.0000973,1,1
674_1184,674,1184,17.41667696274817,-22.416664706543088,3.9999762,0.99998283,1,1
674_1239,674,1239,26.583344107493758,-22.416664706543088,3.8999834,0.6999855,3,3
674_1266,674,1266,31.083344342187047,-22.416664706543088,3.7999744,0.69997597,1,1
674_1267,674,1267,31.250011017546058,-22.416664706543088,3.800003,0.69999504,3,3
675_766,675,766,-52.2499933373183,-22.5833313819021,4.0999928,0.7999973,1,1
675_792,675,792,-47.91665977798402,-22.5833313819021,3.5000134,0.600008,1,1
675_821,675,821,-43.08332619257271,-22.5833313819021,3.1999683,0.59996986,1,1
675_1182,675,1182,17.08334361203015,-22.5833313819021,4.100071,1.0000763,1,1
675_1183,675,1183,17.25001028738916,-22.5833313819021,3.9999685,0.9999676,3,3
675_1975,675,1975,149.25001717172563,-22.5833313819021,3.6000576,0.70004845,1,1
676_796,676,796,-47.24999307654798,-22.74999805726111,3.5000134,0.7000122,2,2
676_805,676,805,-45.749992998316884,-22.74999805726111,3.3000917,0.7000828,1,1
676_807,676,807,-45.41665964759886,-22.74999805726111,3.499896,0.69989777,2,2
676_816,676,816,-43.916659569367766,-22.74999805726111,3.3998947,0.69989204,5,5
676_1167,676,1167,14.583343481644988,-22.74999805726111,3.9999332,0.8999262,2,2
676_1168,676,1168,14.750010157003999,-22.74999805726111,4.0999393,0.89993477,5,5
676_1176,676,1176,16.083343559876084,-22.74999805726111,4.5999355,1.299942,1,1
676_1251,676,1251,28.583344211801887,-22.74999805726111,3.599987,0.49998856,3,3
676_1254,676,1254,29.08334423787892,-22.74999805726111,3.4999905,0.5999985,2,2
676_1267,676,1267,31.250011017546058,-22.74999805726111,4.000017,0.7000179,1,1
677_687,677,687,-65.41666069068015,-22.91666473262012,3.8000517,0.7000556,1,1
677_784,677,784,-49.24999318085611,-22.91666473262012,3.699995,0.59999466,1,1
677_789,677,789,-48.416659804061055,-22.91666473262012,3.6999378,0.59994507,1,1
677_802,677,802,-46.249993024393916,-22.91666473262012,3.300064,0.90006256,1,1
677_817,677,817,-43.749992894008756,-22.91666473262012,3.3000069,0.7000046,4,4
677_819,677,819,-43.416659543290734,-22.91666473262012,3.1000023,0.60001373,6,6
677_820,677,820,-43.249992867931724,-22.91666473262012,2.799961,0.59996796,3,3
677_821,677,821,-43.08332619257271,-22.91666473262012,2.7000046,0.7000046,1,1
677_824,677,824,-42.58332616649568,-22.91666473262012,2.0999985,0.6999874,1,1
677_827,677,827,-42.08332614041865,-22.91666473262012,2.1000042,0.6000099,1,1
677_1166,677,1166,14.416676806285977,-22.91666473262012,3.99998,0.8999815,2,2
677_1180,677,1180,16.750010261312127,-22.91666473262012,4.2999735,1.1999741,2,3
677_1259,677,1259,29.916677614673972,-22.91666473262012,3.1999502,0.6999512,1,1
677_1262,677,1262,30.416677640751004,-22.91666473262012,3.399908,0.7998924,1,1
678_780,678,780,-49.91665988229215,-23.08333140797913,3.800005,0.6000042,1,1
678_794,678,794,-47.583326427266,-23.08333140797913,3.7000122,0.7000122,1,1
678_800,678,800,-46.58332637511194,-23.08333140797913,3.5000029,0.90000725,4,4
678_812,678,812,-44.58332627080381,-23.08333140797913,2.4000454,0.7000027,1,1
678_814,678,814,-44.24999292008579,-23.08333140797913,2.800005,0.7000103,2,2
678_818,678,818,-43.583326218649745,-23.08333140797913,2.8999958,0.59999657,1,1
678_1166,678,1166,14.416676806285977,-23.08333140797913,3.7999802,0.7999792,1,1
678_1260,678,1260,30.083344290032983,-23.08333140797913,3.1999512,0.7999439,1,1
678_1268,678,1268,31.41667769290507,-23.08333140797913,4.0999966,0.80000496,3,3
678_1341,678,1341,43.58334499411285,-23.08333140797913,3.0000591,0.7000427,3,3
679_798,679,798,-46.91665972582996,-23.24999808333814,3.6999836,0.7999878,1,1
679_801,679,801,-46.41665969975293,-23.24999808333814,3.49996,0.7999649,1,1
679_804,679,804,-45.916659673675895,-23.24999808333814,3.5000248,0.9000225,2,2
679_811,679,811,-44.74999294616282,-23.24999808333814,3.199953,0.69997025,1,1
679_812,679,812,-44.58332627080381,-23.24999808333814,2.8999557,0.799963,1,1
679_1175,679,1175,15.916676884517074,-23.24999808333814,4.6000414,1.10005,1,1
679_1982,679,1982,150.4166838992387,-23.24999808333814,3.9000416,0.7000294,1,1
679_1984,679,1984,150.75001724995673,-23.24999808333814,3.9999676,0.5999794,1,1
680_779,680,779,-50.08332655765116,-23.416664758697152,3.7000217,0.5000248,1,1
680_795,680,795,-47.41665975190699,-23.416664758697152,3.7000322,0.6000328,3,4
680_800,680,800,-46.58332637511194,-23.416664758697152,3.800005,0.8000107,3,3
680_803,680,803,-46.083326349034905,-23.416664758697152,3.7999954,0.90000343,1,1
680_809,680,809,-45.08332629688084,-23.416664758697152,2.9999733,0.7999821,1,1
681_798,681,798,-46.91665972582996,-23.583331434056163,3.9999685,0.69997406,3,3
681_799,681,799,-46.74999305047095,-23.583331434056163,4.0000057,0.80000496,3,3
681_800,681,800,-46.58332637511194,-23.583331434056163,4.0000296,0.80003166,3,3
681_801,681,801,-46.41665969975293,-23.583331434056163,4.000002,0.80000687,2,2
681_806,681,806,-45.58332632295787,-23.583331434056163,3.5998802,0.7999115,1,1
681_1189,681,1189,18.250010339543223,-23.583331434056163,4.500001,1.5000076,1,1
681_1258,681,1258,29.75001093931496,-23.583331434056163,3.2000027,0.80000305,23,25
682_690,682,690,-64.91666066460311,-23.749998109415174,3.5999498,0.6999531,1,1
682_800,682,800,-46.58332637511194,-23.749998109415174,4.200001,0.79999924,1,1
682_803,682,803,-46.083326349034905,-23.749998109415174,3.8999357,0.79997253,1,1
682_805,682,805,-45.749992998316884,-23.749998109415174,2.7000656,0.80003166,6,8
682_806,682,806,-45.58332632295787,-23.749998109415174,3.1999664,0.7999649,1,1
682_1190,682,1190,18.416677014902234,-23.749998109415174,4.500001,1.6000061,1,1
682_1260,682,1260,30.083344290032983,-23.749998109415174,3.2998514,0.79986,15,18
682_1267,682,1267,31.250011017546058,-23.749998109415174,3.5999985,0.8999958,1,1
682_1269,682,1269,31.58334436826408,-23.749998109415174,3.7000294,0.9000225,1,1
683_766,683,766,-52.2499933373183,-23.916664784774184,3.8999958,0.5999985,2,2
683_801,683,801,-46.41665969975293,-23.916664784774184,4.4000435,0.70004845,4,4
683_802,683,802,-46.249993024393916,-23.916664784774184,4.3999863,0.8000202,2,2
683_1179,683,1179,16.583343585953116,-23.916664784774184,4.6999493,0.9999504,2,2
683_1249,683,1249,28.250010861083865,-23.916664784774184,3.599986,0.6999912,1,1
683_1250,683,1250,28.416677536442876,-23.916664784774184,3.599928,0.7999325,1,1
683_1256,683,1256,29.41667758859694,-23.916664784774184,3.2000475,0.8000412,1,1
683_1258,683,1258,29.75001093931496,-23.916664784774184,3.300088,0.90008163,5,6
683_1259,683,1259,29.916677614673972,-23.916664784774184,3.2997913,0.7997923,1,1
683_1261,683,1261,30.250010965391994,-23.916664784774184,3.2999954,0.8999958,1,1
683_1266,683,1266,31.083344342187047,-23.916664784774184,3.5999928,0.9999924,25,25
683_1269,683,1269,31.58334436826408,-23.916664784774184,3.600006,0.8999996,6,6
683_1270,683,1270,31.75001104362309,-23.916664784774184,3.6999779,0.89997673,1,1
683_1987,683,1987,151.25001727603376,-23.916664784774184,4.0999775,0.59998894,1,1
684_1175,684,1175,15.916676884517074,-24.083331460133195,4.600109,0.90011024,9,40
684_1242,684,1242,27.08334413357079,-24.083331460133195,4.0999928,0.7999897,10,10
684_1246,684,1246,27.750010835006833,-24.083331460133195,3.9000673,0.80007553,1,1
684_1261,684,1261,30.250010965391994,-24.083331460133195,3.399826,0.89982605,38,46
684_1262,684,1262,30.416677640751004,-24.083331460133195,3.3999882,0.8999882,1,1
684_1263,684,1263,30.583344316110015,-24.083331460133195,3.4999886,0.9999962,3,5
684_1265,684,1265,30.916677666828036,-24.083331460133195,3.3999805,0.9999809,1,1
684_1266,684,1266,31.083344342187047,-24.083331460133195,3.3999958,0.9999943,4,4
684_1268,684,1268,31.41667769290507,-24.083331460133195,3.4999962,0.99998856,1,1
685_1256,685,1256,29.41667758859694,-24.249998135492206,3.4000387,0.8000412,1,1
685_1257,685,1257,29.58334426395595,-24.249998135492206,3.3999548,0.79995537,16,19
685_1258,685,1258,29.75001093931496,-24.249998135492206,3.4999847,0.899992,1,1
685_1264,685,1264,30.750010991469026,-24.249998135492206,3.399994,0.9000015,1,1
685_1265,685,1265,30.916677666828036,-24.249998135492206,3.399992,0.9999924,9,9
685_1266,685,1266,31.083344342187047,-24.249998135492206,3.3999958,0.99999046,9,12
686_793,686,793,-47.74999310262501,-24.416664810851216,3.9000187,0.60001945,1,1
686_797,686,797,-47.08332640118897,-24.416664810851216,3.599947,0.5999279,1,1
686_1246,686,1246,27.750010835006833,-24.416664810851216,3.8999615,0.89995956,7,7
686_1263,686,1263,30.583344316110015,-24.416664810851216,3.3999767,0.89998436,28,37
686_1264,686,1264,30.750010991469026,-24.416664810851216,3.3998947,0.9998951,84,106
686_1265,686,1265,30.916677666828036,-24.416664810851216,3.2999802,0.89998055,16,16
686_1266,686,1266,31.083344342187047,-24.416664810851216,3.3999958,0.9999962,14,16
686_1267,686,1267,31.250011017546058,-24.416664810851216,3.3999882,0.99998856,1,1
686_1268,686,1268,31.41667769290507,-24.416664810851216,3.399992,0.99998283,1,1
686_1270,686,1270,31.75001104362309,-24.416664810851216,3.499979,0.8999729,8,10
686_1271,686,1271,31.9166777189821,-24.416664810851216,3.4999886,0.7999878,52,61
686_1272,686,1272,32.08334439434111,-24.416664810851216,3.4999962,0.7999897,2,2
687_1236,687,1236,26.083344081416726,-24.583331486210227,4.199995,0.90000343,1,1
687_1238,687,1238,26.416677432134748,-24.583331486210227,4.0999966,0.8999939,1,1
687_1246,687,1246,27.750010835006833,-24.583331486210227,3.900051,0.9000511,1,1
687_1247,687,1247,27.916677510365844,-24.583331486210227,3.9000216,0.9000282,5,5
687_1263,687,1263,30.583344316110015,-24.583331486210227,3.499937,0.8999443,22,23
687_1264,687,1264,30.750010991469026,-24.583331486210227,3.3999014,0.89991,6,6
687_1265,687,1265,30.916677666828036,-24.583331486210227,3.2998333,0.8998337,45,50
687_1266,687,1266,31.083344342187047,-24.583331486210227,3.2999668,0.8999672,5,5
687_1267,687,1267,31.250011017546058,-24.583331486210227,3.3999844,0.99998474,2,2
687_1268,687,1268,31.41667769290507,-24.583331486210227,3.399992,0.99998474,9,10
687_1269,687,1269,31.58334436826408,-24.583331486210227,3.3999863,0.89998627,1,2
687_1270,687,1270,31.75001104362309,-24.583331486210227,3.3999844,0.89997673,1,1
688_687,688,687,-65.41666069068015,-24.749998161569238,3.5999908,0.6999941,9,9
688_780,688,780,-49.91665988229215,-24.749998161569238,3.7000017,0.7000027,1,1
688_1171,688,1171,15.25001018308103,-24.749998161569238,3.7999983,0.89998436,1,2
688_1172,688,1172,15.416676858440042,-24.749998161569238,4.000002,0.8999958,1,1
688_1234,688,1234,25.750010730698705,-24.749998161569238,4.099964,0.9999714,1,1
688_1242,688,1242,27.08334413357079,-24.749998161569238,4.099944,0.9999485,3,3
688_1249,688,1249,28.250010861083865,-24.749998161569238,3.6999474,0.89995384,2,2
688_1265,688,1265,30.916677666828036,-24.749998161569238,3.299778,0.79979134,2,2
688_1268,688,1268,31.41667769290507,-24.749998161569238,3.300003,0.9000015,2,2
688_1269,688,1269,31.58334436826408,-24.749998161569238,3.2999954,0.89998436,15,15
688_1270,688,1270,31.75001104362309,-24.749998161569238,3.299986,0.79998016,14,14
688_1271,688,1271,31.9166777189821,-24.749998161569238,3.399973,0.79997253,2,2
689_735,689,735,-57.41666027344763,-24.91666483692825,4.5000057,0.6000099,1,1
689_772,689,772,-51.24999328516424,-24.91666483692825,3.5999928,0.59999084,1,1
689_1249,689,1249,28.250010861083865,-24.91666483692825,3.7000132,1.0000134,1,1
689_1250,689,1250,28.416677536442876,-24.91666483692825,3.5999928,0.8999939,2,2
689_1265,689,1265,30.916677666828036,-24.91666483692825,3.2998495,0.89984894,3,3
689_1268,689,1268,31.41667769290507,-24.91666483692825,3.2999954,0.8999939,5,6
689_1269,689,1269,31.58334436826408,-24.91666483692825,3.300003,0.8999958,30,36
689_1270,689,1270,31.75001104362309,-24.91666483692825,3.399994,0.8999939,10,10
689_1362,689,1362,47.083345176652074,-24.91666483692825,2.999981,0.80000305,4,4
690_687,690,687,-65.41666069068015,-25.08333151228726,3.6000338,0.700037,1,1
690_774,690,774,-50.916659934446216,-25.08333151228726,3.6000195,0.60002327,1,1
690_1178,690,1178,16.416676910594106,-25.08333151228726,4.7,1.2999935,1,1
690_1256,690,1256,29.41667758859694,-25.08333151228726,3.6001673,0.8001671,1,1
690_1263,690,1263,30.583344316110015,-25.08333151228726,3.399846,0.8998451,18,18
690_1267,690,1267,31.250011017546058,-25.08333151228726,3.1999798,0.89997864,1,1
690_1268,690,1268,31.41667769290507,-25.08333151228726,3.199995,0.899992,3,4
690_1269,690,1269,31.58334436826408,-25.08333151228726,3.1999874,0.89997864,10,10
690_1270,690,1270,31.75001104362309,-25.08333151228726,3.1999817,0.79997444,1,1
690_1271,690,1271,31.9166777189821,-25.08333151228726,3.299986,0.79997826,20,24
690_1361,690,1361,46.91667850129306,-25.08333151228726,2.9000149,0.8000126,2,2
691_734,691,734,-57.58332694880664,-25.24999818764627,4.4000015,0.6000061,4,4
691_735,691,735,-57.41666027344763,-25.24999818764627,4.4000206,0.700016,1,1
691_1234,691,1234,25.750010730698705,-25.24999818764627,3.7999687,1.0999622,1,1
691_1242,691,1242,27.08334413357079,-25.24999818764627,3.6999302,0.9999275,6,9
691_1259,691,1259,29.916677614673972,-25.24999818764627,3.7001305,0.80012417,4,4
691_1262,691,1262,30.416677640751004,-25.24999818764627,3.6000204,0.80003357,1,1
691_1265,691,1265,30.916677666828036,-25.24999818764627,3.1999092,0.89990807,4,4
691_1266,691,1266,31.083344342187047,-25.24999818764627,3.0998878,0.7998924,1,1
691_1268,691,1268,31.41667769290507,-25.24999818764627,3.0999718,0.899971,1,1
691_1269,691,1269,31.58334436826408,-25.24999818764627,3.0999813,0.8999729,7,7
691_1270,691,1270,31.75001104362309,-25.24999818764627,3.1999836,0.8999748,13,13
691_1271,691,1271,31.9166777189821,-25.24999818764627,3.2999687,0.8999672,5,6
691_1995,691,1995,152.58335067890584,-25.24999818764627,4.299967,0.59998894,1,1
692_690,692,690,-64.91666066460311,-25.41666486300528,3.1999702,0.59996986,1,1
692_753,692,753,-54.41666011698544,-25.41666486300528,3.8000221,0.7000179,1,1
692_786,692,786,-48.91665983013809,-25.41666486300528,4.299902,0.79989815,12,16
692_1243,692,1243,27.2500108089298,-25.41666486300528,3.599986,0.9999924,3,3
692_1249,692,1249,28.250010861083865,-25.41666486300528,3.4000082,1.0000057,1,1
692_1250,692,1250,28.416677536442876,-25.41666486300528,3.4000206,1.0000267,3,3
692_1260,692,1260,30.083344290032983,-25.41666486300528,3.6998463,0.79984474,2,5
692_1264,692,1264,30.750010991469026,-25.41666486300528,3.2999592,0.8999634,1,1
692_1265,692,1265,30.916677666828036,-25.41666486300528,3.199974,0.8999748,4,4
692_1266,692,1266,31.083344342187047,-25.41666486300528,3.0999603,0.7999649,3,3
692_1268,692,1268,31.41667769290507,-25.41666486300528,2.9999676,0.89995956,12,12
692_1270,692,1270,31.75001104362309,-25.41666486300528,3.1999626,0.8999634,52,63
692_1271,692,1271,31.9166777189821,-25.41666486300528,3.1999836,0.89997673,8,8
692_1997,692,1997,152.91668402962387,-25.41666486300528,3.7999992,0.6000309,1,1
692_1999,692,1999,153.2500173803419,-25.41666486300528,2.89995,0.5000019,1,1
693_738,693,738,-56.9166602473706,-25.58333153836429,4.299982,0.6999817,1,1
693_753,693,753,-54.41666011698544,-25.58333153836429,3.8000107,0.60001564,2,2
693_1238,693,1238,26.416677432134748,-25.58333153836429,3.5000372,1.0000439,1,1
693_1241,693,1241,26.91667745821178,-25.58333153836429,3.49998,1.0999718,2,2
693_1251,693,1251,28.583344211801887,-25.58333153836429,3.3000193,1.1000175,2,2
693_1253,693,1253,28.916677562519908,-25.58333153836429,3.1999817,0.8999748,1,1
693_1264,693,1264,30.750010991469026,-25.58333153836429,3.2998543,0.8998623,2,2
694_758,694,758,-53.58332674019039,-25.749998213723302,3.7000074,0.6000118,1,1
694_789,694,789,-48.416659804061055,-25.749998213723302,4.0999947,0.70000076,1,1
694_1243,694,1243,27.2500108089298,-25.749998213723302,3.2999744,0.9999733,1,1
694_1245,694,1245,27.583344159647822,-25.749998213723302,3.2000046,0.9999962,5,5
694_1248,694,1248,28.083344185724854,-25.749998213723302,3.2000093,1.0000095,4,4
694_1249,694,1249,28.250010861083865,-25.749998213723302,3.2000055,1.0000114,47,54
694_1250,694,1250,28.416677536442876,-25.749998213723302,3.1000395,1.0000381,5,5
694_1253,694,1253,28.916677562519908,-25.749998213723302,3.1000252,1.0000095,1,1
694_1265,694,1265,30.916677666828036,-25.749998213723302,3.100031,0.8000412,1,1
694_1270,694,1270,31.75001104362309,-25.749998213723302,3.10001,1.0000057,2,2
694_1996,694,1996,152.75001735426486,-25.749998213723302,3.7999592,0.5999756,1,1
695_1244,695,1244,27.41667748428881,-25.916664889082313,3.299963,0.9999685,75,116
695_1245,695,1245,27.583344159647822,-25.916664889082313,3.2000008,0.9999943,1,1
695_1246,695,1246,27.750010835006833,-25.916664889082313,3.2999554,0.99996185,23,35
695_1247,695,1247,27.916677510365844,-25.916664889082313,3.2000198,1.000021,4,4
695_1248,695,1248,28.083344185724854,-25.916664889082313,3.2000256,1.0000257,4,4
695_1249,695,1249,28.250010861083865,-25.916664889082313,3.200016,1.0000229,6,6
695_1250,695,1250,28.416677536442876,-25.916664889082313,3.0999746,0.9999752,4,4
695_1252,695,1252,28.750010887160897,-25.916664889082313,3.1000032,1.0000057,1,1
695_1275,695,1275,32.58334442041814,-25.916664889082313,3.299982,0.9999771,2,2
695_1997,695,1997,152.91668402962387,-25.916664889082313,3.599966,0.6999874,1,1
696_787,696,787,-48.74999315477908,-26.083331564441323,4.5999928,0.6999912,1,1
696_788,696,788,-48.583326479420066,-26.083331564441323,4.6000023,0.7000027,2,2
696_1246,696,1246,27.750010835006833,-26.083331564441323,3.2999496,0.89995766,2,2
696_1247,696,1247,27.916677510365844,-26.083331564441323,3.1999836,0.89998436,6,6
696_1248,696,1248,28.083344185724854,-26.083331564441323,3.3000288,1.0000362,6,6
696_1249,696,1249,28.250010861083865,-26.083331564441323,3.2000217,1.0000219,1,1
696_1250,696,1250,28.416677536442876,-26.083331564441323,3.1999836,0.99999046,1,1
696_1266,696,1266,31.083344342187047,-26.083331564441323,3.0999413,0.79994774,1,1
696_1271,696,1271,31.9166777189821,-26.083331564441323,3.2000046,1.0000038,3,3
696_1272,696,1272,32.08334439434111,-26.083331564441323,3.0999565,0.89995575,4,5
696_1275,696,1275,32.58334442041814,-26.083331564441323,3.0999851,0.8999901,2,2
696_1277,696,1277,32.916677771136165,-26.083331564441323,3.199976,0.8999977,3,3
697_785,697,785,-49.0833265054971,-26.249998239800334,4.499873,0.5998688,1,1
697_1248,697,1248,28.083344185724854,-26.249998239800334,3.4000082,1.0000095,8,8
697_1267,697,1267,31.250011017546058,-26.249998239800334,3.1998606,0.89985657,1,1
697_1271,697,1271,31.9166777189821,-26.249998239800334,3.200014,0.9000149,1,1
697_1997,697,1997,152.91668402962387,-26.249998239800334,3.3999348,0.5999546,2,2
698_784,698,784,-49.24999318085611,-26.416664915159345,4.500003,0.69999504,2,2
698_785,698,785,-49.0833265054971,-26.416664915159345,4.6000013,0.6000023,2,2
698_1271,698,1271,31.9166777189821,-26.416664915159345,3.2999783,0.9999714,3,3
698_1998,698,1998,153.08335070498288,-26.416664915159345,3.199936,0.59999657,2,2
699_785,699,785,-49.0833265054971,-26.583331590518355,4.599985,0.69997597,8,8
699_786,699,786,-48.91665983013809,-26.583331590518355,4.6999846,0.5999813,1,1
699_1277,699,1277,32.916677771136165,-26.583331590518355,3.0999546,0.8999977,1,1
699_1997,699,1997,152.91668402962387,-26.583331590518355,3.3998795,0.5999012,2,2
699_1998,699,1998,153.08335070498288,-26.583331590518355,3.199957,0.5999985,3,4
700_688,700,688,-65.24999401532114,-26.749998265877366,2.799982,0.5999851,1,1
700_784,700,784,-49.24999318085611,-26.749998265877366,4.500021,0.7000122,2,2
700_1191,700,1191,18.583343690261245,-26.749998265877366,4.600025,1.3000298,1,1
700_1232,700,1232,25.416677379980683,-26.749998265877366,3.7999973,1.1999912,1,1
700_1242,700,1242,27.08334413357079,-26.749998265877366,3.9000216,0.9000225,2,2
700_1248,700,1248,28.083344185724854,-26.749998265877366,3.800026,0.90003395,1,1
700_1250,700,1250,28.416677536442876,-26.749998265877366,3.7000084,0.8000097,4,4
700_1271,700,1271,31.9166777189821,-26.749998265877366,3.6000633,0.9000721,5,5
700_1277,700,1277,32.916677771136165,-26.749998265877366,3.0999508,0.79999924,4,4
700_1997,700,1997,152.91668402962387,-26.749998265877366,3.3998833,0.5999031,2,2
700_1998,700,1998,153.08335070498288,-26.749998265877366,3.199936,0.5999985,4,13
701_752,701,752,-54.58332679234445,-26.916664941236377,3.700017,0.700016,1,1
701_753,701,753,-54.41666011698544,-26.916664941236377,3.6999922,0.6999912,2,2
701_785,701,785,-49.0833265054971,-26.916664941236377,4.7000103,0.7000027,1,1
701_786,701,786,-48.91665983013809,-26.916664941236377,4.799999,0.6000004,1,1
701_1211,701,1211,21.91667719744146,-26.916664941236377,4.8,1.100008,1,1
701_1231,701,1231,25.250010704621673,-26.916664941236377,3.8000002,1.2999945,1,1
701_1276,701,1276,32.750011095777154,-26.916664941236377,3.4999676,0.8999939,3,3
701_1990,701,1990,151.7500173021108,-26.916664941236377,3.5999632,0.6999512,1,1
701_1996,701,1996,152.75001735426486,-26.916664941236377,3.4999113,0.69992256,1,1
701_1997,701,1997,152.91668402962387,-26.916664941236377,3.2999535,0.5999508,1,1
702_746,702,746,-55.583326844498515,-27.083331616595387,3.8000107,0.7000084,1,1
702_751,702,751,-54.74999346770346,-27.083331616595387,3.699995,0.69999313,1,1
702_770,702,770,-51.58332663588226,-27.083331616595387,3.5999918,0.6999922,1,1
702_786,702,786,-48.91665983013809,-27.083331616595387,4.900011,0.6000118,1,1
702_788,702,788,-48.583326479420066,-27.083331616595387,4.699977,0.5999813,1,1
702_1274,702,1274,32.41667774505913,-27.083331616595387,3.8000126,0.90001297,2,2
702_1997,702,1997,152.91668402962387,-27.083331616595387,3.3999596,0.5999813,5,5
703_744,703,744,-55.91666019521654,-27.249998291954398,4.0000076,0.7000122,2,2
703_746,703,746,-55.583326844498515,-27.249998291954398,3.8000107,0.7000122,3,3
703_747,703,747,-55.416660169139504,-27.249998291954398,3.8000183,0.7000179,4,4
703_1263,703,1263,30.583344316110015,-27.249998291954398,3.6999664,0.7999582,1,1
703_1276,703,1276,32.750011095777154,-27.249998291954398,3.6999588,0.8999977,1,1
703_1992,703,1992,152.0833506528288,-27.249998291954398,3.5998898,0.59988976,1,1
703_1996,703,1996,152.75001735426486,-27.249998291954398,3.399867,0.5998783,7,7
703_1998,703,1998,153.08335070498288,-27.249998291954398,3.1999702,0.59999084,5,5
704_744,704,744,-55.91666019521654,-27.41666496731341,3.9000034,0.7000046,2,2
704_746,704,746,-55.583326844498515,-27.41666496731341,3.8999958,0.70000076,2,2
704_759,704,759,-53.416660064831376,-27.41666496731341,3.4999733,0.49997902,2,2
704_1269,704,1269,31.58334436826408,-27.41666496731341,3.9999733,0.8999672,1,1
704_1271,704,1271,31.9166777189821,-27.41666496731341,4.100004,0.7999973,1,1
704_1991,704,1991,151.9166839774698,-27.41666496731341,3.6999788,0.6999798,2,2
704_1994,704,1994,152.41668400354683,-27.41666496731341,3.5999718,0.5999832,3,3
704_1996,704,1996,152.75001735426486,-27.41666496731341,3.399932,0.5999317,5,5
704_1997,704,1997,152.91668402962387,-27.41666496731341,3.3999348,0.5999565,6,6
704_1998,704,1998,153.08335070498288,-27.41666496731341,3.1999912,0.6000004,14,16
704_2001,704,2001,153.5833507310599,-27.41666496731341,2.4999352,0.6000004,1,1
705_765,705,765,-52.41666001267731,-27.58333164267242,3.4999943,0.59999466,2,2
705_788,705,788,-48.583326479420066,-27.58333164267242,4.800003,0.60001755,2,2
705_789,705,789,-48.416659804061055,-27.58333164267242,4.499975,0.59999657,2,2
705_1276,705,1276,32.750011095777154,-27.58333164267242,3.7999992,0.79999924,4,4
705_1991,705,1991,151.9166839774698,-27.58333164267242,3.6998434,0.69984245,1,1
705_1995,705,1995,152.58335067890584,-27.58333164267242,3.4999466,0.5999565,2,2
705_1997,705,1997,152.91668402962387,-27.58333164267242,3.300005,0.6000042,2,2
705_1998,705,1998,153.08335070498288,-27.58333164267242,3.2999878,0.6000099,6,6
705_1999,705,1999,153.2500173803419,-27.58333164267242,2.9999866,0.5000076,7,7
706_788,706,788,-48.583326479420066,-27.74999831803143,4.799967,0.5999756,1,1
706_789,706,789,-48.416659804061055,-27.74999831803143,4.599986,0.6000042,1,1
706_1259,706,1259,29.916677614673972,-27.74999831803143,3.7999783,0.799984,2,2
706_1268,706,1268,31.41667769290507,-27.74999831803143,3.7999334,0.79992676,1,1
706_1273,706,1273,32.25001106970012,-27.74999831803143,4.4999733,0.7999668,1,1
706_1997,706,1997,152.91668402962387,-27.74999831803143,3.2999554,0.59996414,1,1
706_1998,706,1998,153.08335070498288,-27.74999831803143,3.1999874,0.59998703,1,1
706_1999,706,1999,153.2500173803419,-27.74999831803143,3.0999794,0.49999046,2,2
706_2000,706,2000,153.4166840557009,-27.74999831803143,2.9999485,0.5000019,1,1
707_685,707,685,-65.74999404139817,-27.91666499339044,2.9999247,0.5999241,1,1
707_762,707,762,-52.916660038754344,-27.91666499339044,3.5000238,0.60002136,1,1
707_766,707,766,-52.2499933373183,-27.91666499339044,3.599988,0.59999275,1,1
707_788,707,788,-48.583326479420066,-27.91666499339044,4.799982,0.69999313,2,2
707_1217,707,1217,22.916677249595523,-27.91666499339044,4.699996,1.1000099,1,1
707_1258,707,1258,29.75001093931496,-27.91666499339044,3.7999058,0.7999058,3,3
707_1274,707,1274,32.41667774505913,-27.91666499339044,4.599985,0.7999916,2,2
707_1953,707,1953,145.5833503138274,-27.91666499339044,3.8999977,0.5,1,1
707_1997,707,1997,152.91668402962387,-27.91666499339044,3.3999882,0.6000099,1,1
707_1999,707,1999,153.2500173803419,-27.91666499339044,3.0999107,0.5999088,1,1
707_2000,707,2000,153.4166840557009,-27.91666499339044,2.999958,0.4999981,2,2
708_782,708,782,-49.58332653157413,-28.08333166874945,4.1999226,0.69991493,3,3
708_788,708,788,-48.583326479420066,-28.08333166874945,4.6999836,0.6000004,1,1
708_1273,708,1273,32.25001106970012,-28.08333166874945,4.3999805,0.79997253,1,1
708_1998,708,1998,153.08335070498288,-28.08333166874945,3.1999826,0.49999237,2,2
708_1999,708,1999,153.2500173803419,-28.08333166874945,3.0998802,0.49990273,1,1
708_2000,708,2000,153.4166840557009,-28.08333166874945,2.9999561,0.5999756,2,2
709_759,709,759,-53.416660064831376,-28.249998344108462,3.4000092,0.50000954,1,1
709_1254,709,1254,29.08334423787892,-28.249998344108462,3.9000387,0.8000469,1,1
709_1271,709,1271,31.9166777189821,-28.249998344108462,3.999998,0.6999912,65,72
709_1273,709,1273,32.25001106970012,-28.249998344108462,4.2999954,0.7999954,1,1
709_1274,709,1274,32.41667774505913,-28.249998344108462,4.299967,0.80000496,1,1
709_1994,709,1994,152.41668400354683,-28.249998344108462,3.5998201,0.69981956,1,1
709_1998,709,1998,153.08335070498288,-28.249998344108462,3.2998915,0.59991074,2,2
709_1999,709,1999,153.2500173803419,-28.249998344108462,3.099825,0.5998249,2,2
709_2000,709,2000,153.4166840557009,-28.249998344108462,2.9999352,0.49995613,2,2
709_2001,709,2001,153.5833507310599,-28.249998344108462,2.7999458,0.5,1,1
710_1271,710,1271,31.9166777189821,-28.416665019467473,3.8999958,0.6999874,1,1
710_1273,710,1273,32.25001106970012,-28.416665019467473,4.0000057,0.7000122,3,3
710_1995,710,1995,152.58335067890584,-28.416665019467473,3.3999825,0.49999237,1,1
710_1999,710,1999,153.2500173803419,-28.416665019467473,3.099946,0.49996758,1,1
711_685,711,685,-65.74999404139817,-28.583331694826484,2.500122,0.50011253,1,1
711_1251,711,1251,28.583344211801887,-28.583331694826484,3.899929,0.8999214,3,3
711_1272,711,1272,32.08334439434111,-28.583331694826484,3.7999973,0.69999504,1,1
711_1999,711,1999,153.2500173803419,-28.583331694826484,3.0999641,0.4999752,2,2
711_2001,711,2001,153.5833507310599,-28.583331694826484,2.7999592,0.5,5,5
712_1253,712,1253,28.916677562519908,-28.749998370185494,3.8996243,0.7996254,3,3
712_1256,712,1256,29.41667758859694,-28.749998370185494,3.8999615,0.7999687,2,2
712_1257,712,1257,29.58334426395595,-28.749998370185494,3.9000015,0.8999958,3,3
712_1260,712,1260,30.083344290032983,-28.749998370185494,3.8999987,0.80000496,5,5
712_1272,712,1272,32.08334439434111,-28.749998370185494,3.6999893,0.80000114,32,36
712_1768,712,1768,114.75001537241042,-28.749998370185494,2.9000187,0.5000191,1,4
712_1991,712,1991,151.9166839774698,-28.749998370185494,3.7000198,0.70001984,2,2
712_1992,712,1992,152.0833506528288,-28.749998370185494,3.5997972,0.59979725,1,1
712_1999,712,1999,153.2500173803419,-28.749998370185494,3.0999985,0.59999657,2,2
712_2001,712,2001,153.5833507310599,-28.749998370185494,2.7999458,0.4999981,1,1
713_1238,713,1238,26.416677432134748,-28.916665045544505,4.20002,0.90001965,4,4
713_1255,713,1255,29.25001091323793,-28.916665045544505,3.9998837,0.8998842,25,26
713_1256,713,1256,29.41667758859694,-28.916665045544505,3.8999615,0.79996204,2,2
713_1259,713,1259,29.916677614673972,-28.916665045544505,3.89999,0.89998245,3,4
713_1260,713,1260,30.083344290032983,-28.916665045544505,3.9000416,0.8000469,5,6
713_1270,713,1270,31.75001104362309,-28.916665045544505,3.4999733,0.69997215,9,9
713_1992,713,1992,152.0833506528288,-28.916665045544505,3.5998297,0.69982815,1,1
713_2001,713,2001,153.5833507310599,-28.916665045544505,2.89995,0.6000023,2,2
714_768,714,768,-51.91665998660028,-29.083331720903516,3.6000109,0.7000122,1,1
714_772,714,772,-51.24999328516424,-29.083331720903516,3.7000132,0.8000088,1,1
714_782,714,782,-49.58332653157413,-29.083331720903516,4.2999897,0.69999504,1,1
714_783,714,783,-49.41665985621512,-29.083331720903516,4.2000017,0.69999886,7,7
714_1236,714,1236,26.083344081416726,-29.083331720903516,4.300002,1.0000019,6,7
714_1237,714,1237,26.250010756775737,-29.083331720903516,4.199998,0.8999977,2,2
714_1247,714,1247,27.916677510365844,-29.083331720903516,4.1000595,0.9000597,1,1
714_1256,714,1256,29.41667758859694,-29.083331720903516,3.8998842,0.79988384,11,11
714_1261,714,1261,30.250010965391994,-29.083331720903516,3.7999802,0.79998016,5,6
714_1268,714,1268,31.41667769290507,-29.083331720903516,3.5999565,0.6999645,1,1
714_1269,714,1269,31.58334436826408,-29.083331720903516,3.4999733,0.69999313,16,17
714_1769,714,1769,114.91668204776943,-29.083331720903516,3.0000324,0.6000328,1,1
715_722,715,722,-59.58332705311477,-29.249998396262527,3.699997,0.49999046,4,4
715_1181,715,1181,16.916676936671138,-29.249998396262527,3.4999619,0.69996166,5,7
715_1182,715,1182,17.08334361203015,-29.249998396262527,3.499957,0.6999569,3,4
715_1183,715,1183,17.25001028738916,-29.249998396262527,3.5999765,0.799963,1,1
715_1186,715,1186,17.75001031346619,-29.249998396262527,3.8999453,0.8999386,1,1
715_1237,715,1237,26.250010756775737,-29.249998396262527,4.300003,1.0000038,1,1
715_1243,715,1243,27.2500108089298,-29.249998396262527,4.0999928,0.89999294,3,3
715_1256,715,1256,29.41667758859694,-29.249998396262527,3.9996667,0.8996601,44,66
715_1257,715,1257,29.58334426395595,-29.249998396262527,3.99994,0.79994774,11,12
715_1258,715,1258,29.75001093931496,-29.249998396262527,3.8999805,0.79998016,1,1
715_1261,715,1261,30.250010965391994,-29.249998396262527,3.899868,0.7998762,1,1
715_1262,715,1262,30.416677640751004,-29.249998396262527,3.7999496,0.79994965,1,1
715_1267,715,1267,31.250011017546058,-29.249998396262527,3.6999264,0.6999359,1,1
716_780,716,780,-49.91665988229215,-29.416665071621537,4.499982,0.6999874,1,1
716_1243,716,1243,27.2500108089298,-29.416665071621537,4.0999937,0.8999939,1,1
716_1256,716,1256,29.41667758859694,-29.416665071621537,3.8997974,0.79979706,1,1
716_1257,716,1257,29.58334426395595,-29.416665071621537,3.899929,0.79992867,4,4
716_1259,716,1259,29.916677614673972,-29.416665071621537,3.8999176,0.89991,9,9
716_1260,716,1260,30.083344290032983,-29.416665071621537,3.8999233,0.7999296,2,2
716_1261,716,1261,30.250010965391994,-29.416665071621537,3.7999096,0.79990196,6,6
716_1267,716,1267,31.250011017546058,-29.416665071621537,3.7999802,0.7999935,6,7
716_1993,716,1993,152.25001732818782,-29.416665071621537,3.4997644,0.5997629,2,2
716_1996,716,1996,152.75001735426486,-29.416665071621537,3.2999725,0.49998283,1,1
717_652,717,652,-71.24999432824552,-29.583331746980548,3.400096,0.8000889,4,4
717_737,717,737,-57.08332692272961,-29.583331746980548,3.8000011,0.70000076,1,1
717_756,717,756,-53.91666009090841,-29.583331746980548,3.7000237,0.70002174,2,2
717_757,717,757,-53.7499934155494,-29.583331746980548,3.699998,0.69999695,7,7
717_758,717,758,-53.58332674019039,-29.583331746980548,3.6999722,0.69997215,3,3
717_780,717,780,-49.91665988229215,-29.583331746980548,4.5999928,0.6000023,1,1
717_1217,717,1217,22.916677249595523,-29.583331746980548,4.600012,1.0000191,1,1
717_1232,717,1232,25.416677379980683,-29.583331746980548,4.30002,1.000021,3,3
717_1257,717,1257,29.58334426395595,-29.583331746980548,3.900053,0.90004635,2,2
717_1259,717,1259,29.916677614673972,-29.583331746980548,3.8998995,0.7999077,4,4
717_1260,717,1260,30.083344290032983,-29.583331746980548,3.799902,0.799901,1,1
717_1261,717,1261,30.250010965391994,-29.583331746980548,3.7998972,0.7998972,11,12
717_1262,717,1262,30.416677640751004,-29.583331746980548,3.7999687,0.7999611,2,2
717_1267,717,1267,31.250011017546058,-29.583331746980548,3.5999832,0.69999886,5,5
717_1769,717,1769,114.91668204776943,-29.583331746980548,2.9999905,0.59999084,1,2
717_1996,717,1996,152.75001735426486,-29.583331746980548,3.3999815,0.5999832,1,1
718_757,718,757,-53.7499934155494,-29.74999842233956,3.700017,0.700016,2,2
718_758,718,758,-53.58332674019039,-29.74999842233956,3.699996,0.69999504,1,1
718_1187,718,1187,17.916676988825202,-29.74999842233956,3.800003,0.8999958,5,5
718_1216,718,1216,22.750010574236512,-29.74999842233956,4.599965,1.0999584,1,1
718_1255,718,1255,29.25001091323793,-29.74999842233956,3.899953,0.89995193,2,2
718_1256,718,1256,29.41667758859694,-29.74999842233956,3.8999786,0.8999777,2,2
718_1257,718,1257,29.58334426395595,-29.74999842233956,3.8999414,0.89994144,8,8
718_1264,718,1264,30.750010991469026,-29.74999842233956,3.7999191,0.699913,29,29
718_1265,718,1265,30.916677666828036,-29.74999842233956,3.8999615,0.69997406,40,43
718_1266,718,1266,31.083344342187047,-29.74999842233956,3.7999763,0.79999924,15,18
718_1988,718,1988,151.41668395139277,-29.74999842233956,3.6000948,0.60009384,1,1
718_1990,718,1990,151.7500173021108,-29.74999842233956,3.5999842,0.59998417,1,1
719_651,719,651,-71.41666100360453,-29.91666509769857,3.300002,0.70000553,1,1
719_652,719,652,-71.24999432824552,-29.91666509769857,3.3000326,0.80001736,1,1
719_769,719,769,-51.74999331124127,-29.91666509769857,3.9000044,0.80000114,1,1
719_778,719,778,-50.24999323301017,-29.91666509769857,4.7000017,0.7000065,2,2
719_1227,719,1227,24.58334400318563,-29.91666509769857,4.299987,1.0999851,4,4
719_1265,719,1265,30.916677666828036,-29.91666509769857,3.799963,0.69997406,1,1
719_1266,719,1266,31.083344342187047,-29.91666509769857,3.5999603,0.69999886,5,6
719_1985,719,1985,150.91668392531574,-29.91666509769857,3.6000738,0.5000839,1,1
720_651,720,651,-71.41666100360453,-30.08333177305758,2.8000402,0.8000107,1,1
720_773,720,773,-51.083326609805226,-30.08333177305758,4.3,0.69999886,1,1
720_1997,720,1997,152.91668402962387,-30.08333177305758,3.1999302,0.49993896,1,1
720_1998,720,1998,153.08335070498288,-30.08333177305758,3.199893,0.5999222,1,1
720_1999,720,1999,153.2500173803419,-30.08333177305758,2.899969,0.6000004,5,6
721_650,721,650,-71.58332767896354,-30.24999844841659,3.000021,0.70001984,2,2
721_651,721,651,-71.41666100360453,-30.24999844841659,3.3000536,0.80005455,5,5
721_1184,721,1184,17.41667696274817,-30.24999844841659,3.3999805,0.6999798,1,1
721_1262,721,1262,30.416677640751004,-30.24999844841659,3.4999323,0.7999306,1,1
721_1263,721,1263,30.583344316110015,-30.24999844841659,3.4999142,0.79992485,15,18
721_1264,721,1264,30.750010991469026,-30.24999844841659,3.2999535,0.80000305,15,17
721_1770,721,1770,115.08334872312844,-30.24999844841659,2.9000149,0.60001373,1,1
721_1998,721,1998,153.08335070498288,-30.24999844841659,3.1999168,0.59993744,2,2
721_1999,721,1999,153.2500173803419,-30.24999844841659,2.999936,0.6000004,1,1
722_773,722,773,-51.083326609805226,-30.4166651237756,4.5999985,0.70000076,3,3
722_1993,722,1993,152.25001732818782,-30.4166651237756,3.5999002,0.59991074,2,2
722_1997,722,1997,152.91668402962387,-30.4166651237756,3.2999554,0.59996414,1,1
722_1998,722,1998,153.08335070498288,-30.4166651237756,3.1999521,0.6000042,1,1
723_652,723,652,-71.24999432824552,-30.583331799134612,3.400054,0.7000513,1,1
723_1246,723,1246,27.750010835006833,-30.583331799134612,3.6001873,1.0002003,2,2
723_1263,723,1263,30.583344316110015,-30.583331799134612,2.8999538,0.80000114,3,4
723_1989,723,1989,151.58335062675178,-30.583331799134612,3.5999708,0.5999603,1,1
723_1990,723,1990,151.7500173021108,-30.583331799134612,3.6999617,0.5999632,1,1
724_1230,724,1230,25.083344029262662,-30.749998474493623,4.0999317,0.99992466,1,1
724_1243,724,1243,27.2500108089298,-30.749998474493623,3.7000751,1.000082,1,1
724_1245,724,1245,27.583344159647822,-30.749998474493623,3.4999628,0.9999685,1,1
724_1261,724,1261,30.250010965391994,-30.749998474493623,3.099865,0.6998768,1,1
724_1996,724,1996,152.75001735426486,-30.749998474493623,3.6999369,0.5999508,1,1
725_693,725,693,-64.41666063852608,-30.916665149852633,2.6999435,5.6266785e-05,1,1
725_1227,725,1227,24.58334400318563,-30.916665149852633,4.1000223,1.0000162,8,8
725_1229,725,1229,24.91667735390365,-30.916665149852633,4.200016,1.0000229,1,1
725_1249,725,1249,28.250010861083865,-30.916665149852633,3.1999474,1.0999527,3,3
725_1261,725,1261,30.250010965391994,-30.916665149852633,2.9999037,0.69994926,10,11
725_1262,725,1262,30.416677640751004,-30.916665149852633,2.2999382,0.69999886,1,1
726_1993,726,1993,152.25001732818782,-31.083331825211644,4.399848,0.59984016,1,1
727_693,727,693,-64.41666063852608,-31.249998500570655,2.8999777,0.099983215,2,2
727_732,727,732,-57.916660299524665,-31.249998500570655,3.7999973,0.69999695,1,1
727_1220,727,1220,23.416677275672555,-31.249998500570655,4.2999973,0.99999714,11,16
727_1964,727,1964,147.4166837427765,-31.249998500570655,3.8000107,0.40001106,1,1
727_1995,727,1995,152.58335067890584,-31.249998500570655,4.6998816,0.49991608,1,1
728_694,728,694,-64.24999396316707,-31.416665175929666,2.8000069,0.10000992,1,1
728_695,728,695,-64.08332728780806,-31.416665175929666,2.800004,0.20000267,1,1
728_713,728,713,-61.08332713134587,-31.416665175929666,3.2999945,0.19999123,2,2
728_731,728,731,-58.083326974883676,-31.416665175929666,3.7000036,0.6000042,1,1
728_755,728,755,-54.08332676626742,-31.416665175929666,3.900013,0.8000088,1,1
728_1773,728,1773,115.58334874920547,-31.416665175929666,3.000019,0.6000004,1,1
728_1997,728,1997,152.91668402962387,-31.416665175929666,4.3999033,0.5999985,2,2
729_652,729,652,-71.24999432824552,-31.583331851288676,3.500039,0.80003166,1,1
729_653,729,653,-71.08332765288651,-31.583331851288676,3.700121,0.80010986,1,1
729_693,729,693,-64.41666063852608,-31.583331851288676,2.7999868,0.09998512,1,1
729_700,729,700,-63.24999391101301,-31.583331851288676,2.8999977,0.099998474,1,1
729_713,729,713,-61.08332713134587,-31.583331851288676,3.2999945,0.19999504,21,28
729_716,729,716,-60.583327105268836,-31.583331851288676,3.2999992,0.19999886,1,1
729_1189,729,1189,18.250010339543223,-31.583331851288676,3.59999,0.89998245,1,1
729_1252,729,1252,28.750010887160897,-31.583331851288676,3.0000324,1.0000324,1,1
729_1773,729,1773,115.58334874920547,-31.583331851288676,3.0000286,0.60001945,1,1
729_1774,729,1774,115.75001542456448,-31.583331851288676,3.2000093,0.69999886,1,1
729_1993,729,1993,152.25001732818782,-31.583331851288676,4.9999313,0.5999098,1,1
729_1997,729,1997,152.91668402962387,-31.583331851288676,4.2999163,0.5,1,1
730_689,730,689,-65.08332733996212,-31.749998526647687,2.700117,0.00011253357,1,1
730_690,730,690,-64.91666066460311,-31.749998526647687,2.8000774,7.724762e-05,5,6
730_715,730,715,-60.74999378062785,-31.749998526647687,3.300003,0.20000267,2,2
730_765,730,765,-52.41666001267731,-31.749998526647687,4.899996,0.69999695,1,1
730_1189,730,1189,18.250010339543223,-31.749998526647687,3.3999977,0.7999859,1,1
730_1219,730,1219,23.250010600313544,-31.749998526647687,4.2999487,0.89995575,3,4
730_1220,730,1220,23.416677275672555,-31.749998526647687,4.2999983,0.9999981,2,2
730_1228,730,1228,24.75001067854464,-31.749998526647687,3.9999561,0.99994946,2,2
730_1233,730,1233,25.583344055339694,-31.749998526647687,4.000037,1.0000372,3,3
730_1786,730,1786,117.75001552887261,-31.749998526647687,3.700019,0.60001755,1,1
731_692,731,692,-64.58332731388509,-31.916665202006698,2.7999763,0.19997597,1,1
731_1227,731,1227,24.58334400318563,-31.916665202006698,4.000037,0.9000416,1,1
731_1232,731,1232,25.416677379980683,-31.916665202006698,3.9000406,0.9000406,1,1
731_1773,731,1773,115.58334874920547,-31.916665202006698,2.9000082,0.6999817,1,1
731_1774,731,1774,115.75001542456448,-31.916665202006698,3.100029,0.60002136,3,3
731_1776,731,1776,116.0833487752825,-31.916665202006698,3.3000526,0.60004425,2,2
731_1994,731,1994,152.41668400354683,-31.916665202006698,4.6999855,0.5999832,1,1
731_1996,731,1996,152.75001735426486,-31.916665202006698,4.1999416,0.5000019,1,1
732_1194,732,1194,19.083343716338277,-32.08333187736571,3.999939,0.8999386,3,3
732_1232,732,1232,25.416677379980683,-32.08333187736571,3.8999577,0.99995613,7,7
732_1233,732,1233,25.583344055339694,-32.08333187736571,3.9000778,1.0000706,1,1
732_1254,732,1254,29.08334423787892,-32.08333187736571,2.79994,0.80000305,1,1
732_1774,732,1774,115.75001542456448,-32.08333187736571,3.100027,0.60001755,1,9
732_1775,732,1775,115.91668209992349,-32.08333187736571,3.300128,0.700119,1,1
732_1776,732,1776,116.0833487752825,-32.08333187736571,3.4000435,0.7000427,1,1
732_1881,732,1881,133.58334968797863,-32.08333187736571,2.6000223,0.6000118,1,1
733_650,733,650,-71.58332767896354,-32.24999855272472,2.6000395,0.7000122,2,2
733_692,733,692,-64.58332731388509,-32.24999855272472,2.699998,0.10000229,1,1
733_1193,733,1193,18.916677040979266,-32.24999855272472,3.9002247,0.9002247,1,1
733_1232,733,1232,25.416677379980683,-32.24999855272472,3.8998919,0.89989185,57,60
733_1973,733,1973,148.9166838210076,-32.24999855272472,3.7000418,0.6000414,1,2
733_1994,733,1994,152.41668400354683,-32.24999855272472,3.9999838,0.5999813,1,1
733_1995,733,1995,152.58335067890584,-32.24999855272472,3.8999605,0.5,2,2
734_651,734,651,-71.41666100360453,-32.41666522808373,3.3000202,0.7000122,1,1
734_690,734,690,-64.91666066460311,-32.41666522808373,2.6999254,0.099928856,1,1
734_730,734,730,-58.249993650242686,-32.41666522808373,3.6000042,0.6000042,1,1
734_1777,734,1777,116.25001545064151,-32.41666522808373,3.4000149,0.70000553,1,1
734_1911,734,1911,138.58334994874895,-32.41666522808373,3.5999775,0.59997654,1,1
734_1978,734,1978,149.75001719780266,-32.41666522808373,3.5999632,0.5999632,1,1
735_651,735,651,-71.41666100360453,-32.58333190344274,3.3999844,0.79997826,5,5
735_731,735,731,-58.083326974883676,-32.58333190344274,3.6000032,0.6000042,3,3
735_1241,735,1241,26.91667745821178,-32.58333190344274,3.9000149,0.90001583,1,1
735_1773,735,1773,115.58334874920547,-32.58333190344274,3.0000067,0.6999912,1,13
735_1988,735,1988,151.41668395139277,-32.58333190344274,3.799981,0.49998283,1,1
736_668,736,668,-68.58332752250135,-32.74999857880175,3.1999912,0.39999962,1,1
736_1189,736,1189,18.250010339543223,-32.74999857880175,3.3999977,0.6999912,1,1
736_1233,736,1233,25.583344055339694,-32.74999857880175,3.9999762,0.899971,21,24
736_1248,736,1248,28.083344185724854,-32.74999857880175,3.5999756,0.6999912,1,1
736_1249,736,1249,28.250010861083865,-32.74999857880175,3.499977,0.7999821,9,10
736_1250,736,1250,28.416677536442876,-32.74999857880175,3.2999773,0.7000027,1,1
736_1978,736,1978,149.75001719780266,-32.74999857880175,3.5999737,0.5999737,1,1
736_1986,736,1986,151.08335060067475,-32.74999857880175,3.99998,0.49998283,2,2
736_1989,736,1989,151.58335062675178,-32.74999857880175,3.899991,0.5000019,2,5
737_652,737,652,-71.24999432824552,-32.91666525416076,3.6000519,0.80004406,1,1
737_653,737,653,-71.08332765288651,-32.91666525416076,3.7999887,0.7999792,1,1
737_654,737,654,-70.9166609775275,-32.91666525416076,4.100005,0.7999954,3,3
737_666,737,666,-68.91666087321937,-32.91666525416076,3.5999193,0.49992943,1,1
737_714,737,714,-60.91666045598686,-32.91666525416076,3.000001,0.19999313,2,2
737_715,737,715,-60.74999378062785,-32.91666525416076,3.1999855,0.1999855,1,1
737_716,737,716,-60.583327105268836,-32.91666525416076,3.1999874,0.19999123,1,1
737_1246,737,1246,27.750010835006833,-32.91666525416076,3.6999922,0.69999886,1,1
737_1247,737,1247,27.916677510365844,-32.91666525416076,3.59999,0.69999695,5,6
737_1248,737,1248,28.083344185724854,-32.91666525416076,3.5999756,0.80000114,3,3
737_1884,737,1884,134.08334971405566,-32.91666525416076,2.1000204,0.59999084,1,1
737_1973,737,1973,148.9166838210076,-32.91666525416076,3.700056,0.6000662,1,1
737_1979,737,1979,149.91668387316167,-32.91666525416076,3.5999107,0.59990025,1,1
737_1989,737,1989,151.58335062675178,-32.91666525416076,4.1999445,0.59996605,2,2
737_1990,737,1990,151.7500173021108,-32.91666525416076,3.8999472,0.49999046,2,2
738_650,738,650,-71.58332767896354,-33.08333192951977,3.199975,0.7999687,1,1
738_651,738,651,-71.41666100360453,-33.08333192951977,3.4000053,0.7000036,2,2
738_653,738,653,-71.08332765288651,-33.08333192951977,3.7999687,0.79996204,3,3
738_654,738,654,-70.9166609775275,-33.08333192951977,4.0999727,0.89995384,1,1
738_664,738,664,-69.24999422393739,-33.08333192951977,4.1998844,0.59989357,1,1
738_724,738,724,-59.24999370239675,-33.08333192951977,3.3000088,0.40000534,1,1
738_729,738,729,-58.4166603256017,-33.08333192951977,3.4999943,0.4999981,1,1
738_1188,738,1188,18.083343664184213,-33.08333192951977,3.2001076,0.7000923,3,3
738_1979,738,1979,149.91668387316167,-33.08333192951977,3.5998087,0.5997982,1,2
738_1989,738,1989,151.58335062675178,-33.08333192951977,4.3999376,0.59998894,2,2
739_656,739,656,-70.58332762680948,-33.24999860487878,4.900186,0.90017605,1,1
739_658,739,658,-70.24999427609146,-33.24999860487878,5.500001,0.89999324,3,3
739_682,739,682,-66.2499940674752,-33.24999860487878,2.4000254,0.10002518,2,2
739_683,739,683,-66.08332739211619,-33.24999860487878,2.3999863,0.099983215,1,1
739_726,739,726,-58.91666035167873,-33.24999860487878,3.4000025,0.40000725,1,1
739_1188,739,1188,18.083343664184213,-33.24999860487878,3.4000473,0.70004845,3,3
739_1239,739,1239,26.583344107493758,-33.24999860487878,4.399932,0.6999397,15,17
739_1245,739,1245,27.583344159647822,-33.24999860487878,3.6999893,0.70000076,2,3
739_1974,739,1974,149.08335049636662,-33.24999860487878,3.5999756,0.59997463,1,2
739_1977,739,1977,149.58335052244365,-33.24999860487878,3.500125,0.60012436,1,1
739_1989,739,1989,151.58335062675178,-33.24999860487878,4.4999256,0.5999985,1,1
740_650,740,650,-71.58332767896354,-33.416665280237794,3.3000402,0.7000418,4,4
740_651,740,651,-71.41666100360453,-33.416665280237794,3.4000177,0.8000107,1,1
740_656,740,656,-70.58332762680948,-33.416665280237794,5.0001717,0.9001665,8,8
740_657,740,657,-70.41666095145047,-33.416665280237794,5.200163,0.900156,1,1
740_1189,740,1189,18.250010339543223,-33.416665280237794,3.3999872,0.69999313,20,22
740_1199,740,1199,19.91667709313333,-33.416665280237794,3.999938,0.8999386,1,1
740_1207,740,1207,21.250010496005416,-33.416665280237794,3.7999868,0.7999916,2,2
740_1212,740,1212,22.08334387280047,-33.416665280237794,3.4999676,0.69996643,3,3
740_1234,740,1234,25.750010730698705,-33.416665280237794,4.200041,0.7000427,2,2
740_1237,740,1237,26.250010756775737,-33.416665280237794,4.5999823,0.799984,2,2
740_1238,740,1238,26.416677432134748,-33.416665280237794,4.4999704,0.6999779,3,20
740_1240,740,1240,26.75001078285277,-33.416665280237794,4.199992,0.69999886,1,1
740_1909,740,1909,138.25001659803092,-33.416665280237794,3.500105,0.50011444,1,1
740_1980,740,1980,150.08335054852068,-33.416665280237794,3.7000237,0.60000324,1,1
740_1988,740,1988,151.41668395139277,-33.416665280237794,4.9999046,0.5999584,1,1
741_650,741,650,-71.58332767896354,-33.583331955596805,3.200056,0.70004845,1,1
741_656,741,656,-70.58332762680948,-33.583331955596805,4.900133,0.8001232,3,3
741_727,741,727,-58.74999367631972,-33.583331955596805,3.3999977,0.4999981,1,1
741_1194,741,1194,19.083343716338277,-33.583331955596805,3.5999756,0.7999754,1,1
741_1207,741,1207,21.250010496005416,-33.583331955596805,3.7001238,0.8001299,1,1
741_1220,741,1220,23.416677275672555,-33.583331955596805,3.3000202,0.8000202,1,1
741_1221,741,1221,23.583343951031566,-33.583331955596805,3.2999754,0.79997444,1,1
741_1222,741,1222,23.750010626390576,-33.583331955596805,3.299961,0.79996014,4,4
741_1223,741,1223,23.916677301749587,-33.583331955596805,3.399953,0.8999462,1,1
741_1224,741,1224,24.083343977108598,-33.583331955596805,3.399972,0.79997635,1,1
741_1225,741,1225,24.25001065246761,-33.583331955596805,3.3999557,0.8999481,2,3
741_1226,741,1226,24.41667732782662,-33.583331955596805,3.3999949,0.79999447,1,1
741_1227,741,1227,24.58334400318563,-33.583331955596805,3.500002,0.9000006,1,1
741_1238,741,1238,26.416677432134748,-33.583331955596805,4.3999796,0.6999912,1,2
741_1239,741,1239,26.583344107493758,-33.583331955596805,4.199999,0.7000046,2,13
741_1240,741,1240,26.75001078285277,-33.583331955596805,4.0999975,0.7000027,1,1
741_1241,741,1241,26.91667745821178,-33.583331955596805,4.000003,0.7000103,2,2
741_1985,741,1985,150.91668392531574,-33.583331955596805,5.1000643,0.6000538,1,1
741_1986,741,1986,151.08335060067475,-33.583331955596805,5.199959,0.5999584,2,2
741_1987,741,1987,151.25001727603376,-33.583331955596805,5.199931,0.5999718,4,4
742_708,742,708,-61.91666050814092,-33.749998630955815,2.7000017,0.10000229,2,2
742_1190,742,1190,18.416677014902234,-33.749998630955815,3.2000113,0.7000036,4,6
742_1191,742,1191,18.583343690261245,-33.749998630955815,3.2999887,0.69998837,5,5
742_1192,742,1192,18.750010365620255,-33.749998630955815,3.2999878,0.6999817,1,1
742_1193,742,1193,18.916677040979266,-33.749998630955815,3.400158,0.7001591,2,2
742_1194,742,1194,19.083343716338277,-33.749998630955815,3.4000387,0.70003796,1,1
742_1207,742,1207,21.250010496005416,-33.749998630955815,3.7000265,0.80003166,1,1
742_1208,742,1208,21.416677171364427,-33.749998630955815,3.6000175,0.8000183,1,1
742_1209,742,1209,21.583343846723437,-33.749998630955815,3.4999971,0.69999695,2,3
742_1216,742,1216,22.750010574236512,-33.749998630955815,3.2000046,0.70001125,1,1
742_1218,742,1218,23.083343924954534,-33.749998630955815,3.2000322,0.80003166,1,1
742_1220,742,1220,23.416677275672555,-33.749998630955815,3.099987,0.7999792,3,3
742_1226,742,1226,24.41667732782662,-33.749998630955815,3.299961,0.79996014,1,1
742_1234,742,1234,25.750010730698705,-33.749998630955815,3.7999983,0.7000027,3,3
742_1239,742,1239,26.583344107493758,-33.749998630955815,3.899991,0.6999893,22,31
742_1240,742,1240,26.75001078285277,-33.749998630955815,3.9000168,0.70000076,14,17
742_1771,742,1771,115.25001539848745,-33.749998630955815,3.0000305,0.6000347,1,1
742_1919,742,1919,139.91668335162103,-33.749998630955815,3.599989,0.49998856,1,1
742_1981,742,1981,150.2500172238797,-33.749998630955815,3.8999977,0.59996605,2,2
742_1982,742,1982,150.4166838992387,-33.749998630955815,4.099828,0.49979687,6,8
742_1983,742,1983,150.58335057459772,-33.749998630955815,4.39989,0.49985886,1,1
742_1984,742,1984,150.75001724995673,-33.749998630955815,4.8000107,0.59999084,1,1
742_1985,742,1985,150.91668392531574,-33.749998630955815,5.000043,0.60002136,2,2
742_1986,742,1986,151.08335060067475,-33.749998630955815,5.199971,0.5999813,7,23
742_1987,742,1987,151.25001727603376,-33.749998630955815,5.0998983,0.6000004,6,7
743_648,743,648,-71.91666102968156,-33.916665306314826,2.9000072,0.69999504,1,1
743_726,743,726,-58.91666035167873,-33.916665306314826,3.3999987,0.40000534,1,1
743_729,743,729,-58.4166603256017,-33.916665306314826,3.399991,0.3999958,1,1
743_758,743,758,-53.58332674019039,-33.916665306314826,4.5999956,0.70000076,1,1
743_1190,743,1190,18.416677014902234,-33.916665306314826,3.0,0.6999798,38,50
743_1191,743,1191,18.583343690261245,-33.916665306314826,3.3000145,0.7000141,15,16
743_1192,743,1192,18.750010365620255,-33.916665306314826,3.3000412,0.7000408,31,32
743_1193,743,1193,18.916677040979266,-33.916665306314826,3.300046,0.7000389,20,24
743_1194,743,1194,19.083343716338277,-33.916665306314826,3.4001217,0.7001219,2,2
743_1195,743,1195,19.250010391697288,-33.916665306314826,3.499895,0.79988956,6,6
743_1199,743,1199,19.91667709313333,-33.916665306314826,3.7999878,0.7999954,3,3
743_1201,743,1201,20.25001044385135,-33.916665306314826,3.800089,0.8000889,1,1
743_1202,743,1202,20.416677119210362,-33.916665306314826,3.7000027,0.70000935,6,10
743_1204,743,1204,20.750010469928384,-33.916665306314826,3.8000202,0.80003357,9,10
743_1212,743,1212,22.08334387280047,-33.916665306314826,3.2999964,0.7000017,9,10
743_1214,743,1214,22.41667722351849,-33.916665306314826,3.199974,0.7999735,18,20
743_1215,743,1215,22.5833438988775,-33.916665306314826,3.0999794,0.6999788,6,6
743_1216,743,1216,22.750010574236512,-33.916665306314826,3.2000103,0.8000088,1,1
743_1217,743,1217,22.916677249595523,-33.916665306314826,3.1000166,0.7000227,1,1
743_1218,743,1218,23.083343924954534,-33.916665306314826,3.0999947,0.7999878,1,1
743_1219,743,1219,23.250010600313544,-33.916665306314826,3.1000147,0.7000208,1,1
743_1220,743,1220,23.416677275672555,-33.916665306314826,3.1000519,0.8000517,7,7
743_1221,743,1221,23.583343951031566,-33.916665306314826,3.0000439,0.7000427,4,4
743_1223,743,1223,23.916677301749587,-33.916665306314826,3.0999937,0.79999256,4,4
743_1225,743,1225,24.25001065246761,-33.916665306314826,3.199977,0.799983,2,2
743_1230,743,1230,25.083344029262662,-33.916665306314826,3.200037,0.80002975,2,2
743_1231,743,1231,25.250010704621673,-33.916665306314826,3.2999868,0.79997826,4,4
743_1232,743,1232,25.416677379980683,-33.916665306314826,3.3999662,0.7999573,16,39
743_1233,743,1233,25.583344055339694,-33.916665306314826,3.4999866,0.7999916,7,8
743_1769,743,1769,114.91668204776943,-33.916665306314826,2.5000734,0.6000366,1,1
743_1915,743,1915,139.250016650185,-33.916665306314826,3.499958,0.5999479,1,1
743_1979,743,1979,149.91668387316167,-33.916665306314826,3.3999248,0.49991512,1,1
743_1986,743,1986,151.08335060067475,-33.916665306314826,4.999995,0.5000057,2,5
743_1987,743,1987,151.25001727603376,-33.916665306314826,4.9999313,0.6000042,9,11
744_723,744,723,-59.41666037775576,-34.08333198167384,3.2000036,0.40000534,1,1
744_1189,744,1189,18.250010339543223,-34.08333198167384,2.5000238,0.599988,8,9
744_1190,744,1190,18.416677014902234,-34.08333198167384,3.1999712,0.6999674,103,148
744_1191,744,1191,18.583343690261245,-34.08333198167384,3.199995,0.600008,18,19
744_1192,744,1192,18.750010365620255,-34.08333198167384,3.100109,0.70010185,12,37
744_1193,744,1193,18.916677040979266,-34.08333198167384,3.2000523,0.70004463,12,13
744_1196,744,1196,19.4166770670563,-34.08333198167384,3.499978,0.6999779,1,1
744_1197,744,1197,19.58334374241531,-34.08333198167384,3.500022,0.7000227,2,2
744_1199,744,1199,19.91667709313333,-34.08333198167384,3.5999022,0.79989433,8,8
744_1202,744,1202,20.416677119210362,-34.08333198167384,3.7000303,0.80002975,10,10
744_1203,744,1203,20.583343794569373,-34.08333198167384,3.7000666,0.800066,1,1
744_1205,744,1205,20.916677145287395,-34.08333198167384,3.60005,0.8000488,1,1
744_1211,744,1211,21.91667719744146,-34.08333198167384,3.2999659,0.7999649,1,1
744_1212,744,1212,22.08334387280047,-34.08333198167384,3.2999973,0.80005264,14,14
744_1213,744,1213,22.25001054815948,-34.08333198167384,2.4000435,0.8000355,4,4
744_1214,744,1214,22.41667722351849,-34.08333198167384,2.2999964,0.69998455,1,1
744_1216,744,1216,22.750010574236512,-34.08333198167384,2.6000319,0.70002747,1,1
744_1217,744,1217,22.916677249595523,-34.08333198167384,2.6000233,0.70002556,6,6
744_1218,744,1218,23.083343924954534,-34.08333198167384,2.5000277,0.700017,4,6
744_1219,744,1219,23.250010600313544,-34.08333198167384,2.5999928,0.69997025,3,3
744_1220,744,1220,23.416677275672555,-34.08333198167384,2.899994,0.7000065,14,15
744_1223,744,1223,23.916677301749587,-34.08333198167384,1.9000235,0.7999878,2,2
744_1228,744,1228,24.75001067854464,-34.08333198167384,3.0999556,0.79998016,2,2
744_1229,744,1229,24.91667735390365,-34.08333198167384,2.6999454,0.79999924,1,1
744_1232,744,1232,25.416677379980683,-34.08333198167384,2.900014,0.7999973,1,1
744_1233,744,1233,25.583344055339694,-34.08333198167384,2.9999962,0.6999874,4,4
744_1234,744,1234,25.750010730698705,-34.08333198167384,3.0999947,0.69999886,9,9
744_1905,744,1905,137.58334989659488,-34.08333198167384,3.200039,0.600029,1,1
744_1984,744,1984,150.75001724995673,-34.08333198167384,4.6000195,0.5999985,5,5
744_1986,744,1986,151.08335060067475,-34.08333198167384,4.7999153,0.5999336,3,3
744_1987,744,1987,151.25001727603376,-34.08333198167384,4.4999313,0.5,2,2
745_649,745,649,-71.74999435432255,-34.24999865703285,3.2999697,0.6999674,1,1
745_703,745,703,-62.749993884935975,-34.24999865703285,2.300003,3.8146973e-06,1,1
745_727,745,727,-58.74999367631972,-34.24999865703285,3.39999,0.4999895,1,1
745_728,745,728,-58.58332700096071,-34.24999865703285,3.3999834,0.49998283,3,3
745_1190,745,1190,18.416677014902234,-34.24999865703285,2.9999619,0.5999985,18,20
745_1193,745,1193,18.916677040979266,-34.24999865703285,3.1999912,0.59999275,14,14
745_1194,745,1194,19.083343716338277,-34.24999865703285,3.2999744,0.69996834,36,43
745_1195,745,1195,19.250010391697288,-34.24999865703285,3.4000034,0.69999695,3,3
745_1196,745,1196,19.4166770670563,-34.24999865703285,3.399992,0.5999985,1,1
745_1206,745,1206,21.083343820646405,-34.24999865703285,3.5000095,0.7000084,2,2
745_1211,745,1211,21.91667719744146,-34.24999865703285,3.0999794,0.7000103,3,4
745_1212,745,1212,22.08334387280047,-34.24999865703285,2.5999975,0.69999886,2,2
745_1228,745,1228,24.75001067854464,-34.24999865703285,2.399994,0.6999836,2,2
745_1229,745,1229,24.91667735390365,-34.24999865703285,2.5999832,0.80000114,7,8
745_1932,745,1932,142.08335013128817,-34.24999865703285,3.5999985,0.59998894,1,1
745_1956,745,1956,146.08335033990443,-34.24999865703285,3.699998,0.5999985,1,1
745_1969,745,1969,148.25001711957157,-34.24999865703285,3.5000057,0.6000147,2,2
745_1979,745,1979,149.91668387316167,-34.24999865703285,3.3998842,0.49987411,1,1
745_1985,745,1985,150.91668392531574,-34.24999865703285,4.299819,0.49988842,5,5
746_647,746,647,-72.08332770504057,-34.41666533239186,2.6000614,0.70003414,9,10
746_726,746,726,-58.91666035167873,-34.41666533239186,3.300004,0.40000343,8,8
746_727,746,727,-58.74999367631972,-34.41666533239186,3.2999878,0.39998817,3,3
746_728,746,728,-58.58332700096071,-34.41666533239186,3.2999802,0.399992,3,3
746_729,746,729,-58.4166603256017,-34.41666533239186,3.099986,0.4999981,14,14
746_757,746,757,-53.7499934155494,-34.41666533239186,4.5999947,0.5999994,1,1
746_1190,746,1190,18.416677014902234,-34.41666533239186,2.7000113,0.7000027,12,18
746_1192,746,1192,18.750010365620255,-34.41666533239186,2.6000319,0.60004425,4,4
746_1193,746,1193,18.916677040979266,-34.41666533239186,2.4000053,0.59997463,22,25
746_1194,746,1194,19.083343716338277,-34.41666533239186,2.900056,0.7000532,14,24
746_1195,746,1195,19.250010391697288,-34.41666533239186,2.9000082,0.6999731,14,17
746_1196,746,1196,19.4166770670563,-34.41666533239186,3.39999,0.69998837,6,7
746_1197,746,1197,19.58334374241531,-34.41666533239186,3.4000196,0.7000141,11,11
746_1199,746,1199,19.91667709313333,-34.41666533239186,3.4999762,0.69996834,6,6
746_1203,746,1203,20.583343794569373,-34.41666533239186,3.299985,0.6999779,15,17
746_1205,746,1205,20.916677145287395,-34.41666533239186,3.3000078,0.7000313,2,2
746_1208,746,1208,21.416677171364427,-34.41666533239186,3.2000027,0.8000126,4,4
746_1909,746,1909,138.25001659803092,-34.41666533239186,3.2000313,0.7000084,1,1
746_1982,746,1982,150.4166838992387,-34.41666533239186,3.999899,0.49988842,1,5
746_1984,746,1984,150.75001724995673,-34.41666533239186,4.299823,0.59985256,2,2
746_1985,746,1985,150.91668392531574,-34.41666533239186,3.9999409,0.6000099,1,1
747_728,747,728,-58.58332700096071,-34.58333200775087,3.2999802,0.39998817,3,3
747_729,747,729,-58.4166603256017,-34.58333200775087,3.1999912,0.4999962,30,35
747_745,747,745,-55.749993519857526,-34.58333200775087,4.5999975,0.5999985,2,3
747_1195,747,1195,19.250010391697288,-34.58333200775087,3.0000238,0.60001945,2,2
747_1196,747,1196,19.4166770670563,-34.58333200775087,3.200015,0.70000744,15,15
747_1198,747,1198,19.75001041777432,-34.58333200775087,3.3999863,0.6999855,26,36
747_1911,747,1911,138.58334994874895,-34.58333200775087,3.3000622,0.6000614,2,3
747_1984,747,1984,150.75001724995673,-34.58333200775087,4.0998726,0.49989223,1,1
748_655,748,655,-70.74999430216849,-34.74999868310988,4.900137,0.9001312,4,4
748_726,748,726,-58.91666035167873,-34.74999868310988,3.300004,0.49999905,1,1
748_728,748,728,-58.58332700096071,-34.74999868310988,3.1999912,0.39999104,4,4
748_729,748,729,-58.4166603256017,-34.74999868310988,3.2999945,0.49999428,2,2
748_732,748,732,-57.916660299524665,-34.74999868310988,2.999998,0.5,3,3
748_754,748,754,-54.24999344162643,-34.74999868310988,4.7999954,0.69999886,1,1
748_1199,748,1199,19.91667709313333,-34.74999868310988,3.299985,0.5999832,6,6
748_1200,748,1200,20.08334376849234,-34.74999868310988,3.2999887,0.59999466,2,2
748_1201,748,1201,20.25001044385135,-34.74999868310988,3.299982,0.69999886,3,4
748_1895,748,1895,135.91668314300478,-34.74999868310988,2.499981,0.60000134,1,1
748_1910,748,1910,138.41668327338994,-34.74999868310988,3.100031,0.6000099,1,1
748_1911,748,1911,138.58334994874895,-34.74999868310988,3.30015,0.6001501,1,1
748_1917,748,1917,139.583350000903,-34.74999868310988,3.499999,0.5999985,1,1
748_1934,748,1934,142.4166834820062,-34.74999868310988,3.60001,0.6000004,1,1
748_1941,748,1941,143.58335020951927,-34.74999868310988,3.5999985,0.59998703,1,1
748_1977,748,1977,149.58335052244365,-34.74999868310988,3.7999935,0.5999851,2,2
748_1984,748,1984,150.75001724995673,-34.74999868310988,3.899889,0.49991798,1,1
749_729,749,729,-58.4166603256017,-34.91666535846889,3.2999935,0.49999714,2,2
749_731,749,731,-58.083326974883676,-34.91666535846889,3.2999964,0.4999981,9,9
749_732,749,732,-57.916660299524665,-34.91666535846889,3.2999916,0.4999981,1,1
749_749,749,749,-55.08332681842148,-34.91666535846889,5.0000076,0.7000046,1,1
749_750,749,750,-54.91666014306247,-34.91666535846889,4.999998,0.60000324,1,1
749_1779,749,1779,116.58334880135953,-34.91666535846889,3.4000015,0.6000109,1,1
749_1787,749,1787,117.91668220423162,-34.91666535846889,3.4000053,0.70001316,1,1
749_1790,749,1790,118.41668223030865,-34.91666535846889,2.9999838,0.6000004,1,1
749_1911,749,1911,138.58334994874895,-34.91666535846889,3.3002071,0.70020676,15,18
749_1912,749,1912,138.75001662410796,-34.91666535846889,3.3000536,0.7000427,5,5
749_1982,749,1982,150.4166838992387,-34.91666535846889,4.2999,0.5999117,1,1
749_1984,749,1984,150.75001724995673,-34.91666535846889,3.8999643,0.5000057,1,1
750_701,750,701,-63.083327235654,-35.0833320338279,2.2000027,0.10000229,1,1
750_725,750,725,-59.08332702703774,-35.0833320338279,3.1000042,0.5000038,1,1
750_734,750,734,-57.58332694880664,-35.0833320338279,3.2999983,0.5000038,2,2
750_1910,750,1910,138.41668327338994,-35.0833320338279,2.8001204,0.70006657,1,1
750_1911,750,1911,138.58334994874895,-35.0833320338279,3.2001123,0.60011196,6,11
750_1912,750,1912,138.75001662410796,-35.0833320338279,3.1999903,0.5999899,2,2
750_1913,750,1913,138.91668329946697,-35.0833320338279,3.2999249,0.69991493,2,2
750_1914,750,1914,139.08334997482598,-35.0833320338279,3.2999573,0.59995556,1,1
750_1974,750,1974,149.08335049636662,-35.0833320338279,3.7000074,0.5999975,1,1
750_1980,750,1980,150.08335054852068,-35.0833320338279,4.5000067,0.5000076,1,1
750_1983,750,1983,150.58335057459772,-35.0833320338279,4.1999483,0.49999046,1,1
750_1984,750,1984,150.75001724995673,-35.0833320338279,3.7999172,0.49998856,6,6
751_1901,751,1901,136.91668319515884,-35.24999870918691,2.60001,0.6000099,1,1
751_1911,751,1911,138.58334994874895,-35.24999870918691,3.100068,0.60005665,1,1
751_1969,751,1969,148.25001711957157,-35.24999870918691,3.3002367,0.60022545,2,2
751_1973,751,1973,148.9166838210076,-35.24999870918691,3.4999723,0.4999628,1,1
751_1974,751,1974,149.08335049636662,-35.24999870918691,3.7000837,0.6000624,7,9
751_1981,751,1981,150.2500172238797,-35.24999870918691,4.699767,0.49980068,1,1
752_653,752,653,-71.08332765288651,-35.41666538454592,4.600067,0.70006275,1,1
752_727,752,727,-58.74999367631972,-35.41666538454592,3.0000038,0.4999981,5,5
752_1910,752,1910,138.41668327338994,-35.41666538454592,2.9000416,0.60002136,1,1
752_1968,752,1968,148.08335044421256,-35.41666538454592,3.3999577,0.59995747,1,1
752_1972,752,1972,148.7500171456486,-35.41666538454592,3.3999104,0.5998888,1,1
752_1982,752,1982,150.4166838992387,-35.41666538454592,4.3998995,0.5000019,1,1
753_697,753,697,-63.74999393709004,-35.58333205990493,2.3999958,0.3999958,3,3
753_1909,753,1909,138.25001659803092,-35.58333205990493,2.999959,0.6999607,2,2
753_1911,753,1911,138.58334994874895,-35.58333205990493,2.8999863,0.699955,3,4
753_1912,753,1912,138.75001662410796,-35.58333205990493,3.1000137,0.60000324,1,1
753_1972,753,1972,148.7500171456486,-35.58333205990493,3.4999347,0.59991455,2,2
753_1981,753,1981,150.2500172238797,-35.58333205990493,4.8999186,0.49999237,1,1
753_2126,753,2126,174.41668515093625,-35.58333205990493,2.7999191,0.59995365,1,1
753_2127,753,2127,174.58335182629526,-35.58333205990493,2.4999409,0.6000004,1,1
754_653,754,653,-71.08332765288651,-35.749998735263944,4.6000476,0.7000408,1,1
754_659,754,659,-70.08332760073245,-35.749998735263944,5.200098,0.7001014,2,2
754_1902,754,1902,137.08334987051785,-35.749998735263944,2.7999697,0.59997463,1,1
754_1973,754,1973,148.9166838210076,-35.749998735263944,3.6998405,0.59980965,1,1
754_2125,754,2125,174.25001847557724,-35.749998735263944,2.8999662,0.599967,1,1
755_643,755,643,-72.74999440647662,-35.916665410622954,2.6000528,0.60002995,1,1
755_653,755,653,-71.08332765288651,-35.916665410622954,4.500011,0.6000109,1,1
755_2126,755,2126,174.41668515093625,-35.916665410622954,2.8999557,0.5999994,1,1
756_652,756,652,-71.24999432824552,-36.083332085981965,4.3001027,0.70009613,1,1
756_1922,756,1922,140.41668337769806,-36.083332085981965,3.60001,0.7000103,2,2
756_1961,756,1961,146.91668371669948,-36.083332085981965,3.5000114,0.6000118,3,3
756_2123,756,2123,173.9166851248592,-36.083332085981965,2.8999996,0.5999994,2,2
756_2127,756,2127,174.58335182629526,-36.083332085981965,2.899953,0.6000004,5,5
756_2132,756,2132,175.4166852030903,-36.083332085981965,2.5999136,0.6999998,1,1
757_651,757,651,-71.41666100360453,-36.249998761340976,4.200092,0.7000885,1,1
757_713,757,713,-61.08332713134587,-36.249998761340976,2.4000025,0.4999981,1,1
757_1920,757,1920,140.08335002698004,-36.249998761340976,3.499999,0.69998837,1,1
757_1922,757,1922,140.41668337769806,-36.249998761340976,3.60001,0.70000935,1,1
757_1924,757,1924,140.75001672841609,-36.249998761340976,3.50002,0.70000935,2,2
757_1961,757,1961,146.91668371669948,-36.249998761340976,3.4999418,0.6999407,1,1
757_1967,757,1967,147.91668376885355,-36.249998761340976,3.3999853,0.5999861,1,1
758_739,758,739,-56.74999357201159,-36.41666543669999,4.2000017,0.5999994,1,1
758_1922,758,1922,140.41668337769806,-36.41666543669999,3.5000086,0.6999979,1,1
758_1980,758,1980,150.08335054852068,-36.41666543669999,4.99992,0.5000019,1,1
758_2128,758,2128,174.75001850165427,-36.41666543669999,3.099967,0.7000017,1,1
759_739,759,739,-56.74999357201159,-36.583332112059,4.2000027,0.6999979,3,3
759_1955,759,1955,145.91668366454542,-36.583332112059,3.5000076,0.7000084,1,1
759_2128,759,2128,174.75001850165427,-36.583332112059,2.9999666,0.6999769,3,3
759_2129,759,2129,174.91668517701328,-36.583332112059,2.8999882,0.70000076,1,1
760_640,760,640,-73.24999443255365,-36.74999878741801,2.5000248,0.5999956,1,1
760_641,760,641,-73.08332775719464,-36.74999878741801,3.400033,0.6000376,3,3
760_642,760,642,-72.91666108183563,-36.74999878741801,3.4999866,0.69998646,4,4
760_1919,760,1919,139.91668335162103,-36.74999878741801,3.4000092,0.60000896,2,2
760_1950,760,1950,145.08335028775036,-36.74999878741801,3.4999886,0.6999979,1,1
760_1960,760,1960,146.75001704134047,-36.74999878741801,3.499785,0.69977474,2,2
760_1977,760,1977,149.58335052244365,-36.74999878741801,4.599868,0.4998474,1,1
760_1978,760,1978,149.75001719780266,-36.74999878741801,4.7999945,0.49997234,1,1
760_1979,760,1979,149.91668387316167,-36.74999878741801,4.9999304,0.5000019,1,1
760_2128,760,2128,174.75001850165427,-36.74999878741801,2.9999886,0.69998837,2,2
760_2130,760,2130,175.0833518523723,-36.74999878741801,2.8999863,0.7000227,2,2
761_641,761,641,-73.08332775719464,-36.91666546277702,3.5000153,0.60001564,3,3
761_645,761,645,-72.4166610557586,-36.91666546277702,3.6000032,0.5999994,1,1
761_649,761,649,-71.74999435432255,-36.91666546277702,3.9000516,0.60004807,1,1
761_718,761,718,-60.249993754550815,-36.91666546277702,2.5000057,0.5000019,1,1
761_1934,761,1934,142.4166834820062,-36.91666546277702,3.599944,0.69995403,1,1
761_1962,761,1962,147.0833503920585,-36.91666546277702,3.500228,0.70022774,3,3
761_1963,761,1963,147.2500170674175,-36.91666546277702,3.4997756,0.69977474,1,1
761_1979,761,1979,149.91668387316167,-36.91666546277702,4.6999397,0.49999905,1,1
761_2126,761,2126,174.41668515093625,-36.91666546277702,2.6000557,0.69999695,1,1
761_2127,761,2127,174.58335182629526,-36.91666546277702,3.0999203,0.6999073,4,4
761_2128,761,2128,174.75001850165427,-36.91666546277702,3.0999985,0.6000109,8,8
762_638,762,638,-73.58332778327167,-37.08333213813603,2.8999968,0.59999275,1,1
762_1934,762,1934,142.4166834820062,-37.08333213813603,3.4998703,0.6998596,1,1
762_1935,762,1935,142.5833501573652,-37.08333213813603,3.5999956,0.70000744,2,5
762_1943,762,1943,143.9166835602373,-37.08333213813603,3.4000168,0.6000166,1,1
762_1945,762,1945,144.2500169109553,-37.08333213813603,3.4000072,0.6999979,1,1
762_1958,762,1958,146.41668369062245,-37.08333213813603,3.4000158,0.70001507,1,1
762_2135,762,2135,175.91668522916734,-37.08333213813603,2.9999065,0.6000004,3,4
763_1932,763,1932,142.08335013128817,-37.24999881349504,3.50006,0.7000599,1,1
763_2135,763,2135,175.91668522916734,-37.24999881349504,2.8999205,0.69999695,2,2
764_692,764,692,-64.58332731388509,-37.41666548885405,2.6000004,0.39999962,4,4
764_1945,764,1945,144.2500169109553,-37.41666548885405,3.399949,0.5999489,1,1
764_1946,764,1946,144.41668358631432,-37.41666548885405,3.3999534,0.59995365,1,1
764_1947,764,1947,144.58335026167333,-37.41666548885405,3.4999065,0.69990635,2,2
764_1949,764,1949,144.91668361239135,-37.41666548885405,3.500041,0.7000408,1,1
764_2131,764,2131,175.2500185277313,-37.41666548885405,3.4000645,0.7000551,3,3
765_1923,765,1923,140.58335005305707,-37.58333216421306,3.2999878,0.6999874,1,1
765_1942,765,1942,143.75001688487828,-37.58333216421306,3.500039,0.6000395,2,2
765_1949,765,1949,144.91668361239135,-37.58333216421306,3.4999943,0.6999941,1,1
765_1950,765,1950,145.08335028775036,-37.58333216421306,3.5000381,0.70003796,1,1
765_1970,765,1970,148.41668379493058,-37.58333216421306,3.2999744,0.59997463,1,1
765_2135,765,2135,175.91668522916734,-37.58333216421306,3.5999184,0.6999321,1,1
766_735,766,735,-57.41666027344763,-37.74999883957207,3.4000025,0.79999447,4,4
766_1947,766,1947,144.58335026167333,-37.74999883957207,3.5999765,0.6999769,2,2
766_1948,766,1948,144.75001693703234,-37.74999883957207,3.5999727,0.69998455,1,1
766_1949,766,1949,144.91668361239135,-37.74999883957207,3.5000048,0.70000553,5,6
766_1950,766,1950,145.08335028775036,-37.74999883957207,3.5000343,0.7000351,9,10
766_1951,766,1951,145.25001696310937,-37.74999883957207,3.5000343,0.70003414,2,3
766_1952,766,1952,145.41668363846838,-37.74999883957207,3.5000954,0.70010567,3,5
766_1953,766,1953,145.5833503138274,-37.74999883957207,3.4001389,0.7001505,1,1
766_2131,766,2131,175.2500185277313,-37.74999883957207,3.9000082,0.7000103,1,1
766_2132,766,2132,175.4166852030903,-37.74999883957207,3.9000187,0.7000208,2,2
766_2135,766,2135,175.91668522916734,-37.74999883957207,3.6998568,0.5998697,1,1
766_2146,766,2146,177.75001865811646,-37.74999883957207,2.8000631,0.70003414,1,1
766_2149,766,2149,178.2500186841935,-37.74999883957207,2.8998709,0.59988594,1,1
767_733,767,733,-57.749993624165654,-37.91666551493108,3.199997,0.8999882,3,3
767_1922,767,1922,140.41668337769806,-37.91666551493108,3.2000093,0.70000935,1,1
767_1924,767,1924,140.75001672841609,-37.91666551493108,3.2000008,0.6000109,1,1
767_1933,767,1933,142.25001680664718,-37.91666551493108,3.5,0.6999998,1,1
767_1934,767,1934,142.4166834820062,-37.91666551493108,3.4999819,0.69998074,2,2
767_1945,767,1945,144.2500169109553,-37.91666551493108,3.599945,0.599946,1,1
767_1946,767,1946,144.41668358631432,-37.91666551493108,3.6999817,0.6999817,1,1
767_1947,767,1947,144.58335026167333,-37.91666551493108,3.6999702,0.6999817,1,1
767_1948,767,1948,144.75001693703234,-37.91666551493108,3.5999813,0.6999817,1,1
767_1949,767,1949,144.91668361239135,-37.91666551493108,3.6000214,0.70002174,2,2
767_1950,767,1950,145.08335028775036,-37.91666551493108,3.6000204,0.7000313,6,9
767_1951,767,1951,145.25001696310937,-37.91666551493108,3.5000916,0.70009136,6,9
767_1952,767,1952,145.41668363846838,-37.91666551493108,3.5000057,0.700016,4,5
767_1961,767,1961,146.91668371669948,-37.91666551493108,3.4000072,0.59999657,2,4
767_1965,767,1965,147.58335041813552,-37.91666551493108,3.4999819,0.5999718,1,1
767_1966,767,1966,147.75001709349453,-37.91666551493108,3.5999813,0.6000128,1,1
767_2130,767,2130,175.0833518523723,-37.91666551493108,4.099905,0.59991837,1,1
767_2137,767,2137,176.25001857988536,-37.91666551493108,3.6998796,0.59989166,1,1
768_707,768,707,-62.08332718349993,-38.08333219029009,2.0000105,0.3000145,3,3
768_708,768,708,-61.91666050814092,-38.08333219029009,1.9999828,0.39998245,1,1
768_711,768,711,-61.41666048206389,-38.08333219029009,1.9999914,0.39999104,1,1
768_734,768,734,-57.58332694880664,-38.08333219029009,3.3999949,0.89999866,1,1
768_1941,768,1941,143.58335020951927,-38.08333219029009,3.7000017,0.7000017,1,1
768_1945,768,1945,144.2500169109553,-38.08333219029009,3.6999636,0.5999737,1,1
768_1946,768,1946,144.41668358631432,-38.08333219029009,3.7000017,0.70002174,3,3
768_1947,768,1947,144.58335026167333,-38.08333219029009,3.4999905,0.6999893,3,3
768_1951,768,1951,145.25001696310937,-38.08333219029009,3.6000109,0.70002174,1,1
768_1954,768,1954,145.7500169891864,-38.08333219029009,3.3000717,0.6000719,1,1
768_2137,768,2137,176.25001857988536,-38.08333219029009,3.8000546,0.70005417,1,1
769_720,769,720,-59.91666040383279,-38.249998865649104,2.3000002,0.6000042,1,1
769_1937,769,1937,142.91668350808322,-38.249998865649104,3.60001,0.7000103,2,2
769_1943,769,1943,143.9166835602373,-38.249998865649104,3.6999998,0.6000109,1,9
769_1944,769,1944,144.0833502355963,-38.249998865649104,3.599968,0.59995747,3,4
769_1945,769,1945,144.2500169109553,-38.249998865649104,3.6999578,0.59995747,2,3
769_1946,769,1946,144.41668358631432,-38.249998865649104,3.7000084,0.6000204,3,3
769_1947,769,1947,144.58335026167333,-38.249998865649104,3.6999779,0.6999893,4,4
769_1950,769,1950,145.08335028775036,-38.249998865649104,3.699976,0.6999769,6,6
769_1951,769,1951,145.25001696310937,-38.249998865649104,3.6999989,0.6999998,2,2
769_1959,769,1959,146.58335036598146,-38.249998865649104,3.3000202,0.5000105,1,1
770_1932,770,1932,142.08335013128817,-38.416665541008115,3.3000011,0.70000076,1,1
770_1935,770,1935,142.5833501573652,-38.416665541008115,3.4000216,0.70001125,1,1
770_1944,770,1944,144.0833502355963,-38.416665541008115,3.499938,0.5999479,1,1
770_1945,770,1945,144.2500169109553,-38.416665541008115,3.499961,0.69999886,2,2
770_1948,770,1948,144.75001693703234,-38.416665541008115,3.600051,0.7000408,2,2
770_1950,770,1950,145.08335028775036,-38.416665541008115,3.6999788,0.6999788,2,2
770_1951,770,1951,145.25001696310937,-38.416665541008115,3.7000084,0.7000084,1,1
770_1956,770,1956,146.08335033990443,-38.416665541008115,3.4000425,0.60004234,1,1
770_1958,770,1958,146.41668369062245,-38.416665541008115,3.3000088,0.50000954,2,2
770_2133,770,2133,175.58335187844932,-38.416665541008115,4.099859,0.69987106,1,1
771_1951,771,1951,145.25001696310937,-38.583332216367126,3.7000093,0.70000935,1,1
771_1952,771,1952,145.41668363846838,-38.583332216367126,3.60003,0.6000204,1,1
771_1959,771,1959,146.58335036598146,-38.583332216367126,3.5999918,0.59999275,1,1
771_2140,771,2140,176.7500186059624,-38.583332216367126,3.8000593,0.70004845,1,1
772_644,772,644,-72.5833277311176,-38.749998891726136,4.700019,0.8000164,1,1
772_705,772,705,-62.416660534217954,-38.749998891726136,2.3000069,0.4000063,2,2
772_706,772,706,-62.24999385885894,-38.749998891726136,2.3000135,0.40001774,1,1
772_1954,772,1954,145.7500169891864,-38.749998891726136,3.7000313,0.7000208,1,1
772_1956,772,1956,146.08335033990443,-38.749998891726136,3.7999697,0.5999708,1,1
772_2136,772,2136,176.08335190452635,-38.749998891726136,3.600113,0.6001234,2,2
772_2140,772,2140,176.7500186059624,-38.749998891726136,3.8999782,0.6999674,1,1
773_1940,773,1940,143.41668353416026,-38.91666556708515,2.9000082,0.60004807,1,1
773_2135,773,2135,175.91668522916734,-38.91666556708515,3.6000996,0.70009804,1,1
774_649,774,649,-71.74999435432255,-39.08333224244416,4.700041,0.7000451,1,1
774_674,774,674,-67.58332747034729,-39.08333224244416,2.8999949,0.39999485,1,1
774_677,774,677,-67.08332744427025,-39.08333224244416,2.899991,0.39999104,3,3
774_2125,774,2125,174.25001847557724,-39.08333224244416,3.600027,0.60000706,1,1
775_648,775,648,-71.91666102968156,-39.24999891780317,4.800011,0.70001507,1,1
775_2124,775,2124,174.08335180021822,-39.24999891780317,3.499745,0.59973526,3,3
775_2132,775,2132,175.4166852030903,-39.24999891780317,3.800303,0.60031414,1,1
775_2133,775,2133,175.58335187844932,-39.24999891780317,3.699736,0.5997586,3,3
776_647,776,647,-72.08332770504057,-39.41666559316218,4.800088,0.7000885,3,3
776_648,776,648,-71.91666102968156,-39.41666559316218,4.799913,0.69991636,7,8
776_2122,776,2122,173.7500184495002,-39.41666559316218,2.9001217,0.60006714,2,2
776_2132,776,2132,175.4166852030903,-39.41666559316218,3.800097,0.7001066,1,1
777_645,777,645,-72.4166610557586,-39.58333226852119,4.899995,0.7999916,1,1
778_639,778,639,-73.41666110791266,-39.7499989438802,3.4000025,0.6999817,1,1
778_640,778,640,-73.24999443255365,-39.7499989438802,4.0999966,0.6999874,1,1
778_641,778,641,-73.08332775719464,-39.7499989438802,4.3999968,0.6999941,5,5
778_650,778,650,-71.58332767896354,-39.7499989438802,4.7000275,0.7000313,3,3
779_1966,779,1966,147.75001709349453,-39.91666561923921,3.7999868,0.59998703,1,1
780_2135,780,2135,175.91668522916734,-40.08333229459822,3.5000577,0.6000681,1,1
782_640,782,640,-73.24999443255365,-40.41666564531624,4.200006,0.699996,1,1
782_2133,782,2133,175.58335187844932,-40.41666564531624,3.6000423,0.60004234,1,1
783_2131,783,2131,175.2500185277313,-40.583332320675254,3.8000984,0.700099,2,2
784_644,784,644,-72.5833277311176,-40.749998996034265,5.3000174,0.80001736,1,1
784_689,784,689,-65.08332733996212,-40.749998996034265,2.7999945,0.3999977,1,1
784_1951,784,1951,145.25001696310937,-40.749998996034265,3.999999,0.6999998,1,1
784_2131,784,2131,175.2500185277313,-40.749998996034265,3.6002922,0.60029125,3,3
785_642,785,642,-72.91666108183563,-40.916665671393275,5.1000047,0.7999954,2,2
785_2118,785,2118,173.08335174806416,-40.916665671393275,2.9999294,0.6999941,1,1
785_2129,785,2129,174.91668517701328,-40.916665671393275,3.1001644,0.7001095,4,4
785_2130,785,2130,175.0833518523723,-40.916665671393275,3.5001802,0.6001806,1,1
786_641,786,641,-73.08332775719464,-41.083332346752286,4.9999914,0.7999821,1,1
786_650,786,650,-71.58332767896354,-41.083332346752286,4.999938,0.69994926,2,2
786_651,786,651,-71.41666100360453,-41.083332346752286,4.8,0.79999924,2,2
786_701,786,701,-63.083327235654,-41.083332346752286,2.2999983,0.50000286,4,4
786_2118,786,2118,173.08335174806416,-41.083332346752286,3.2000484,0.70000553,1,1
786_2124,786,2124,174.08335180021822,-41.083332346752286,3.799869,0.59991455,4,4
786_2125,786,2125,174.25001847557724,-41.083332346752286,3.499895,0.6999378,1,1
786_2129,786,2129,174.91668517701328,-41.083332346752286,3.4000616,0.70005226,2,2
787_641,787,641,-73.08332775719464,-41.2499990221113,5.199991,0.799983,2,2
787_2123,787,2123,173.9166851248592,-41.2499990221113,3.9999647,0.69998837,4,4
787_2124,787,2124,174.08335180021822,-41.2499990221113,3.6999483,0.5999708,1,1
787_2128,787,2128,174.75001850165427,-41.2499990221113,3.300005,0.60002327,6,6
787_2129,787,2129,174.91668517701328,-41.2499990221113,3.3001223,0.70011044,1,1
788_2119,788,2119,173.25001842342317,-41.41666569747031,4.0000377,0.60004234,1,1
788_2128,788,2128,174.75001850165427,-41.41666569747031,2.500084,0.7000675,2,2
789_1959,789,1959,146.58335036598146,-41.58333237282932,4.1000485,0.8000164,1,1
789_2113,789,2113,172.2500183712691,-41.58333237282932,3.5000997,0.600111,1,1
789_2131,789,2131,175.2500185277313,-41.58333237282932,2.0999823,0.59994316,1,1
790_2115,790,2115,172.58335172198713,-41.74999904818833,3.6999846,0.69997406,1,1
790_2121,790,2121,173.5833517741412,-41.74999904818833,3.999999,0.5999985,1,1
791_638,791,638,-73.58332778327167,-41.91666572354734,4.2999926,0.59998894,1,1
792_1969,792,1969,148.25001711957157,-42.08333239890635,3.7999296,0.60000134,2,2
793_2113,793,2113,172.2500183712691,-42.24999907426536,3.7003732,0.70036316,2,2
794_636,794,636,-73.91666113398969,-42.41666574962437,3.7999463,0.59993744,1,1
797_643,797,643,-72.74999440647662,-42.916665775701404,10.000108,0.70008945,2,2
797_1963,797,1963,147.2500170674175,-42.916665775701404,4.3997774,0.5997772,9,9
797_1965,797,1965,147.58335041813552,-42.916665775701404,4.300024,0.60002327,1,1
797_1967,797,1967,147.91668376885355,-42.916665775701404,4.1998553,0.6000023,2,2
797_2109,797,2109,171.58335166983306,-42.916665775701404,3.5999427,0.5999317,1,1
797_2119,797,2119,173.25001842342317,-42.916665775701404,3.3999243,0.70000076,1,1
798_1963,798,1963,147.2500170674175,-43.083332451060414,4.099894,0.5998926,2,2
798_1965,798,1965,147.58335041813552,-43.083332451060414,3.9000406,0.600029,1,1
798_1967,798,1967,147.91668376885355,-43.083332451060414,3.7998562,0.5999975,1,1
799_1962,799,1962,147.0833503920585,-43.249999126419425,3.9000049,0.70002365,2,2
799_1963,799,1963,147.2500170674175,-43.249999126419425,3.6999311,0.69989777,1,1
799_2100,799,2100,170.08335159160197,-43.249999126419425,3.3000612,0.70003223,1,1
799_2102,799,2102,170.41668494232,-43.249999126419425,3.6003633,0.7003536,1,1
799_2110,799,2110,171.75001834519207,-43.249999126419425,3.899834,0.6998348,1,1
799_2113,799,2113,172.2500183712691,-43.249999126419425,3.899911,0.69991016,1,1
799_2115,799,2115,172.58335172198713,-43.249999126419425,3.7999177,0.6999502,1,1
800_1963,800,1963,147.2500170674175,-43.416665801778436,3.6999078,0.5999689,1,1
800_2099,800,2099,169.91668491624296,-43.416665801778436,3.4002361,0.70020866,2,2
800_2101,800,2101,170.25001826696098,-43.416665801778436,3.700028,0.600029,1,1
800_2115,800,2115,172.58335172198713,-43.416665801778436,3.5999699,0.5999918,1,1
801_1961,801,1961,146.91668371669948,-43.583332477137446,3.3999538,0.60000324,2,2
801_2115,801,2115,172.58335172198713,-43.583332477137446,3.499999,0.6000328,1,1
801_2116,801,2116,172.75001839734614,-43.583332477137446,3.199954,0.6000414,3,3
802_2094,802,2094,169.0833515394479,-43.74999915249646,3.3001957,0.70016384,1,1
802_2095,802,2095,169.25001821480691,-43.74999915249646,3.6000533,0.70005417,1,1
802_2116,802,2116,172.75001839734614,-43.74999915249646,3.199973,0.69999504,1,1
802_2117,802,2117,172.91668507270515,-43.74999915249646,2.9999275,0.69996357,1,1
803_2095,803,2095,169.25001821480691,-43.91666582785547,3.8000994,0.7001004,1,1
804_2095,804,2095,169.25001821480691,-44.08333250321448,3.800069,0.70006895,1,1
804_2102,804,2102,170.41668494232,-44.08333250321448,4.000115,0.70010376,1,1
805_2098,805,2098,169.75001824088395,-44.24999917857349,3.7997055,0.6997051,1,1
805_2099,805,2099,169.91668491624296,-44.24999917857349,3.7998776,0.6998668,2,2
805_2100,805,2100,170.08335159160197,-44.24999917857349,3.900001,0.6999903,1,1
808_2087,808,2087,167.91668481193483,-44.74999920465052,3.9000082,0.60001993,1,1
808_2089,808,2089,168.25001816265285,-44.74999920465052,3.7998161,0.59981585,5,5
808_2106,808,2106,171.08335164375603,-44.74999920465052,3.9999685,0.59997845,4,4
809_2093,809,2093,168.9166848640889,-44.91666588000953,3.8000875,0.7000766,1,1
809_2101,809,2101,170.25001826696098,-44.91666588000953,3.8999257,0.6999254,2,2
810_646,810,646,-72.24999438039958,-45.08333255536854,9.399956,0.79996824,1,1
810_2092,810,2092,168.75001818872988,-45.08333255536854,3.8001747,0.70017433,3,3
812_643,812,643,-72.74999440647662,-45.416665906086564,8.700016,0.70001316,1,1
812_646,812,646,-72.24999438039958,-45.416665906086564,8.499969,0.79998016,1,1
812_2104,812,2104,170.750018293038,-45.416665906086564,3.3998923,0.599946,1,1
813_2104,813,2104,170.750018293038,-45.583332581445575,2.9999595,0.6000004,1,1
814_2103,814,2103,170.583351617679,-45.749999256804585,3.1998692,0.59992313,1,1
814_2104,814,2104,170.750018293038,-45.749999256804585,2.7999568,0.6999998,1,1
815_2102,815,2102,170.41668494232,-45.916665932163596,3.199963,0.59998417,4,4
815_2103,815,2103,170.583351617679,-45.916665932163596,2.999948,0.6000023,3,3
816_646,816,646,-72.24999438039958,-46.08333260752261,7.2999864,0.7999954,1,1
816_2101,816,2101,170.25001826696098,-46.08333260752261,3.099969,0.5999994,1,1
818_646,818,646,-72.24999438039958,-46.41666595824063,6.999962,0.7999642,1,1
819_2096,819,2096,169.41668489016593,-46.58333263359964,3.299972,0.7000141,2,2
820_2086,820,2086,167.75001813657582,-46.74999930895865,3.500051,0.6000538,1,1
835_642,835,642,-72.91666108183563,-49.24999943934381,7.700099,1.0000987,2,2
841_646,841,646,-72.24999438039958,-50.249999491497874,8.500001,0.90000534,2,2
842_2077,842,2077,166.25001805834472,-50.416666166856885,2.9000096,0.5,2,2
845_642,845,642,-72.91666108183563,-50.91666619293392,9.499939,0.7999425,3,3
846_642,846,642,-72.91666108183563,-51.08333286829293,9.600029,0.8000288,1,1
850_644,850,644,-72.5833277311176,-51.74999956972897,10.000014,0.8000107,1,1
858_654,858,654,-70.9166609775275,-53.083332972601056,10.999975,0.7999816,2,2
859_654,859,654,-70.9166609775275,-53.24999964796007,11.19998,0.80000067,1,1
867_673,867,673,-67.7499941457063,-54.58333305083215,10.599989,0.6999998,3,3
868_668,868,668,-68.58332752250135,-54.74999972619116,11.200012,0.70001197,2,2
868_670,868,670,-68.24999417178333,-54.74999972619116,11.000029,0.8000245,2,2
868_671,868,671,-68.08332749642432,-54.74999972619116,10.999995,0.6999986,1,1
869_668,869,668,-68.58332752250135,-54.916666401550174,10.6999855,0.6999984,2,2
869_669,869,669,-68.41666084714234,-54.916666401550174,10.400002,0.79999256,2,2
869_670,869,670,-68.24999417178333,-54.916666401550174,10.500013,0.7000122,2,2
869_671,869,671,-68.08332749642432,-54.916666401550174,10.500003,0.69999504,1,1
869_674,869,674,-67.58332747034729,-54.916666401550174,10.399966,0.69997334,2,3
869_675,869,675,-67.41666079498827,-54.916666401550174,10.199995,0.70001316,1,2
