grid_cell_id,row,col,longitude,latitude,gbif_occurrence_count
113_1249,113,1249,28.250010861083865,71.08334016986191,2
116_1228,116,1228,24.75001067854464,70.58334014378488,1
122_1260,122,1260,30.083344290032983,69.58334009163082,4
123_1190,123,1190,18.416677014902234,69.4166734162718,1
124_1199,124,1199,19.91667709313333,69.2500067409128,1
125_1199,125,1199,19.91667709313333,69.08334006555378,1
127_1182,127,1182,17.08334361203015,68.75000671483576,1
136_1166,136,1166,14.416676806285977,67.25000663660467,10
137_1175,137,1175,15.916676884517074,67.08333996124566,1
137_1244,137,1244,27.41667748428881,67.08333996124566,1
138_1168,138,1168,14.750010157003999,66.91667328588665,1
140_1234,140,1234,25.750010730698705,66.58333993516862,3
141_1163,141,1163,13.916676780208945,66.41667325980961,1
141_1164,141,1164,14.083343455567956,66.41667325980961,1
141_1165,141,1165,14.250010130926967,66.41667325980961,4
141_1167,141,1167,14.583343481644988,66.41667325980961,1
142_1159,142,1159,13.250010078772902,66.2500065844506,1
142_1164,142,1164,14.083343455567956,66.2500065844506,1
143_1162,143,1162,13.750010104849935,66.08333990909159,1
144_1255,144,1255,29.25001091323793,65.91667323373258,13
145_1227,145,1227,24.58334400318563,65.75000655837357,10
146_1156,146,1156,12.75001005269587,65.58333988301456,1
148_1209,148,1209,21.583343846723437,65.25000653229654,1
149_1159,149,1159,13.250010078772902,65.08333985693753,1
149_1232,149,1232,25.416677379980683,65.08333985693753,21
150_193,150,193,-147.74999831803143,64.91667318157852,1
150_1231,150,1231,25.250010704621673,64.91667318157852,1
150_1232,150,1232,25.416677379980683,64.91667318157852,10
150_1233,150,1233,25.583344055339694,64.91667318157852,20
151_1147,151,1147,11.250009974464774,64.7500065062195,4
151_1226,151,1226,24.41667732782662,64.7500065062195,8
151_1231,151,1231,25.250010704621673,64.7500065062195,21
151_1232,151,1232,25.416677379980683,64.7500065062195,38
151_1233,151,1233,25.583344055339694,64.7500065062195,3
152_1154,152,1154,12.416676701977849,64.5833398308605,1
152_1227,152,1227,24.58334400318563,64.5833398308605,4
154_1145,154,1145,10.916676623746753,64.25000648014247,1
154_1223,154,1223,23.916677301749587,64.25000648014247,1
154_1228,154,1228,24.75001067854464,64.25000648014247,3
154_1229,154,1229,24.91667735390365,64.25000648014247,12
154_1230,154,1230,25.083344029262662,64.25000648014247,1
154_1246,154,1246,27.750010835006833,64.25000648014247,1
154_1253,154,1253,28.916677562519908,64.25000648014247,7
155_1227,155,1227,24.58334400318563,64.08333980478346,3
155_1228,155,1228,24.75001067854464,64.08333980478346,1
155_1249,155,1249,28.250010861083865,64.08333980478346,10
157_1147,157,1147,11.250009974464774,63.75000645406544,5
158_1224,158,1224,24.083343977108598,63.58333977870643,1
158_1243,158,1243,27.2500108089298,63.58333977870643,17
159_1146,159,1146,11.083343299105763,63.41667310334742,1
160_1134,160,1134,9.083343194797635,63.25000642798841,5
160_1244,160,1244,27.41667748428881,63.25000642798841,12
160_1532,160,1532,75.41667998768389,63.25000642798841,1
161_1126,161,1126,7.7500097919255495,63.0833397526294,3
161_1147,161,1147,11.250009974464774,63.0833397526294,1
161_1209,161,1209,21.583343846723437,63.0833397526294,18
161_1213,161,1213,22.25001054815948,63.0833397526294,13
162_400,162,400,-113.24999651871622,62.91667307727039,1
162_1122,162,1122,7.083343090489507,62.91667307727039,5
162_1207,162,1207,21.250010496005416,62.91667307727039,1
162_1217,162,1217,22.916677249595523,62.91667307727039,2
162_1245,162,1245,27.583344159647822,62.91667307727039,20
162_1246,162,1246,27.750010835006833,62.91667307727039,16
162_1248,162,1248,28.083344185724854,62.91667307727039,1
163_1122,163,1122,7.083343090489507,62.75000640191138,2
163_1207,163,1207,21.250010496005416,62.75000640191138,3
163_1217,163,1217,22.916677249595523,62.75000640191138,12
164_1185,164,1185,17.58334363810718,62.58333972655237,25
164_1224,164,1224,24.083343977108598,62.58333972655237,4
164_1245,164,1245,27.583344159647822,62.58333972655237,1
164_1248,164,1248,28.083344185724854,62.58333972655237,4
164_1258,164,1258,29.75001093931496,62.58333972655237,3
165_1119,165,1119,6.583343064412475,62.41667305119336,6
165_1124,165,1124,7.416676441207528,62.41667305119336,1
165_1125,165,1125,7.583343116566539,62.41667305119336,2
165_1213,165,1213,22.25001054815948,62.41667305119336,1
165_1226,165,1226,24.41667732782662,62.41667305119336,2
165_1227,165,1227,24.58334400318563,62.41667305119336,1
166_1114,166,1114,5.750009687617421,62.250006375834346,27
166_1128,166,1128,8.083343142643571,62.250006375834346,2
166_1224,166,1224,24.083343977108598,62.250006375834346,2
166_1226,166,1226,24.41667732782662,62.250006375834346,1
166_1227,166,1227,24.58334400318563,62.250006375834346,10
166_1228,166,1228,24.75001067854464,62.250006375834346,1
166_1229,166,1229,24.91667735390365,62.250006375834346,1
166_1234,166,1234,25.750010730698705,62.250006375834346,81
167_1124,167,1124,7.416676441207528,62.083339700475335,3
167_1207,167,1207,21.250010496005416,62.083339700475335,1
167_1227,167,1227,24.58334400318563,62.083339700475335,1
167_1233,167,1233,25.583344055339694,62.083339700475335,3
167_1234,167,1234,25.750010730698705,62.083339700475335,3
168_1218,168,1218,23.083343924954534,61.916673025116324,8
170_1146,170,1146,11.083343299105763,61.5833396743983,1
170_1222,170,1222,23.750010626390576,61.5833396743983,16
170_1226,170,1226,24.41667732782662,61.5833396743983,1
171_1210,171,1210,21.750010522082448,61.41667299903929,9
171_1217,171,1217,22.916677249595523,61.41667299903929,18
171_1221,171,1221,23.583343951031566,61.41667299903929,1
171_1223,171,1223,23.916677301749587,61.41667299903929,1
171_1358,171,1358,46.41667847521603,61.41667299903929,11
172_1209,172,1209,21.583343846723437,61.25000632368028,19
172_1222,172,1222,23.750010626390576,61.25000632368028,41
172_1224,172,1224,24.083343977108598,61.25000632368028,2
172_1252,172,1252,28.750010887160897,61.25000632368028,4
172_1361,172,1361,46.91667850129306,61.25000632368028,6
173_1208,173,1208,21.416677171364427,61.08333964832127,3
173_1209,173,1209,21.583343846723437,61.08333964832127,7
173_1211,173,1211,21.91667719744146,61.08333964832127,4
173_1223,173,1223,23.916677301749587,61.08333964832127,3
173_1224,173,1224,24.083343977108598,61.08333964832127,3
173_1229,173,1229,24.91667735390365,61.08333964832127,10
173_1248,173,1248,28.083344185724854,61.08333964832127,17
173_1494,173,1494,69.08334632404149,61.08333964832127,5
174_1208,174,1208,21.416677171364427,60.91667297296226,15
174_1209,174,1209,21.583343846723437,60.91667297296226,16
174_1212,174,1212,22.08334387280047,60.91667297296226,3
174_1239,174,1239,26.583344107493758,60.91667297296226,1
174_1240,174,1240,26.75001078285277,60.91667297296226,2
175_1147,175,1147,11.250009974464774,60.75000629760325,1
175_1183,175,1183,17.25001028738916,60.75000629760325,1
175_1232,175,1232,25.416677379980683,60.75000629760325,1
175_1233,175,1233,25.583344055339694,60.75000629760325,3
175_1241,175,1241,26.91667745821178,60.75000629760325,14
176_1127,176,1127,7.91667646728456,60.58333962224424,3
176_1131,176,1131,8.583343168720603,60.58333962224424,1
176_1134,176,1134,9.083343194797635,60.58333962224424,2
176_1207,176,1207,21.250010496005416,60.58333962224424,1
176_1208,176,1208,21.416677171364427,60.58333962224424,2
176_1211,176,1211,21.91667719744146,60.58333962224424,1
176_1212,176,1212,22.08334387280047,60.58333962224424,1
176_1213,176,1213,22.25001054815948,60.58333962224424,18
176_1232,176,1232,25.416677379980683,60.58333962224424,8
176_1233,176,1233,25.583344055339694,60.58333962224424,1
176_1243,176,1243,27.2500108089298,60.58333962224424,2
177_1111,177,1111,5.250009661540389,60.41667294688523,10
177_1112,177,1112,5.4166763368994,60.41667294688523,17
177_1116,177,1116,6.0833430383354425,60.41667294688523,13
177_1135,177,1135,9.250009870156646,60.41667294688523,2
177_1212,177,1212,22.08334387280047,60.41667294688523,5
177_1213,177,1213,22.25001054815948,60.41667294688523,55
177_1214,177,1214,22.41667722351849,60.41667294688523,1
177_1217,177,1217,22.916677249595523,60.41667294688523,5
177_1218,177,1218,23.083343924954534,60.41667294688523,69
177_1219,177,1219,23.250010600313544,60.41667294688523,14
177_1230,177,1230,25.083344029262662,60.41667294688523,12
177_1232,177,1232,25.416677379980683,60.41667294688523,4
177_1233,177,1233,25.583344055339694,60.41667294688523,3
178_1110,178,1110,5.083342986181378,60.25000627152622,1
178_1111,178,1111,5.250009661540389,60.25000627152622,8
178_1206,178,1206,21.083343820646405,60.25000627152622,26
178_1207,178,1207,21.250010496005416,60.25000627152622,1
178_1211,178,1211,21.91667719744146,60.25000627152622,2
178_1213,178,1213,22.25001054815948,60.25000627152622,288
178_1224,178,1224,24.083343977108598,60.25000627152622,2
178_1227,178,1227,24.58334400318563,60.25000627152622,34
178_1229,178,1229,24.91667735390365,60.25000627152622,75
178_1230,178,1230,25.083344029262662,60.25000627152622,62
178_1234,178,1234,25.750010730698705,60.25000627152622,3
178_1439,178,1439,59.9166791792959,60.25000627152622,3
179_1141,179,1141,10.25000992231071,60.08333959616721,1
179_1146,179,1146,11.083343299105763,60.08333959616721,1
179_1147,179,1147,11.250009974464774,60.08333959616721,12
179_1217,179,1217,22.916677249595523,60.08333959616721,1
179_1226,179,1226,24.41667732782662,60.08333959616721,43
179_1228,179,1228,24.75001067854464,60.08333959616721,6
179_1229,179,1229,24.91667735390365,60.08333959616721,11
179_1230,179,1230,25.083344029262662,60.08333959616721,1
179_1261,179,1261,30.250010965391994,60.08333959616721,30
179_1439,179,1439,59.9166791792959,60.08333959616721,1
180_1132,180,1132,8.750009844079614,59.916672920808196,2
180_1136,180,1136,9.416676545515656,59.916672920808196,1
180_1144,180,1144,10.750009948387742,59.916672920808196,15
180_1145,180,1145,10.916676623746753,59.916672920808196,30
180_1146,180,1146,11.083343299105763,59.916672920808196,13
180_1148,180,1148,11.416676649823785,59.916672920808196,1
180_1185,180,1185,17.58334363810718,59.916672920808196,1
180_1192,180,1192,18.750010365620255,59.916672920808196,1
180_1220,180,1220,23.416677275672555,59.916672920808196,4
180_1269,180,1269,31.58334436826408,59.916672920808196,49
181_1132,181,1132,8.750009844079614,59.750006245449185,1
181_1179,181,1179,16.583343585953116,59.750006245449185,1
182_1135,182,1135,9.250009870156646,59.583339570090175,5
182_1144,182,1144,10.750009948387742,59.583339570090175,3
182_1178,182,1178,16.416676910594106,59.583339570090175,1
182_1179,182,1179,16.583343585953116,59.583339570090175,1
182_1260,182,1260,30.083344290032983,59.583339570090175,23
183_1112,183,1112,5.4166763368994,59.416672894731164,1
183_1113,183,1113,5.5833430122584105,59.416672894731164,1
183_1115,183,1115,5.916676362976432,59.416672894731164,6
183_1116,183,1116,6.0833430383354425,59.416672894731164,3
183_1136,183,1136,9.416676545515656,59.416672894731164,1
183_1142,183,1142,10.41667659766972,59.416672894731164,15
183_1193,183,1193,18.916677040979266,59.416672894731164,1
184_1112,184,1112,5.4166763368994,59.25000621937215,1
184_1142,184,1142,10.41667659766972,59.25000621937215,3
184_1145,184,1145,10.916676623746753,59.25000621937215,9
184_1146,184,1146,11.083343299105763,59.25000621937215,10
184_1171,184,1171,15.25001018308103,59.25000621937215,1
184_1188,184,1188,18.083343664184213,59.25000621937215,2
185_1113,185,1113,5.5833430122584105,59.08333954401314,8
185_1140,185,1140,10.0833432469517,59.08333954401314,11
185_1146,185,1146,11.083343299105763,59.08333954401314,5
185_1307,185,1307,37.916678031906486,59.08333954401314,19
186_1136,186,1136,9.416676545515656,58.91667286865413,1
186_1138,186,1138,9.750009896233678,58.91667286865413,22
187_1113,187,1113,5.5833430122584105,58.75000619329512,1
187_1117,187,1117,6.250009713694453,58.75000619329512,9
187_1311,187,1311,38.58334473334253,58.75000619329512,8
187_1312,187,1312,38.75001140870154,58.75000619329512,1
188_1118,188,1118,6.416676389053464,58.58333951793611,12
188_1133,188,1133,8.916676519438624,58.58333951793611,9
189_1131,189,1131,8.583343168720603,58.4166728425771,10
189_1490,189,1490,68.41667962260544,58.4166728425771,1
190_1120,190,1120,6.750009739771485,58.25000616721809,8
190_1321,190,1321,40.250011486932635,58.25000616721809,9
192_1439,192,1439,59.9166791792959,57.91667281650007,8
192_1440,192,1440,60.08334585465491,57.91667281650007,5
193_1151,193,1151,11.916676675900817,57.75000614114106,2
193_1320,193,1320,40.083344811573625,57.75000614114106,2
193_1448,193,1448,61.416679257526994,57.75000614114106,1
194_1318,194,1318,39.7500114608556,57.583339465782046,1
194_1319,194,1319,39.916678136214614,57.583339465782046,3
194_1326,194,1326,41.08334486372769,57.583339465782046,25
195_1152,195,1152,12.083343351259828,57.416672790423036,12
195_1170,195,1170,15.08334350772202,57.416672790423036,2
195_1329,195,1329,41.58334488980472,57.416672790423036,16
195_1441,195,1441,60.25001253001392,57.416672790423036,2
195_1470,195,1470,65.08334611542523,57.416672790423036,3
196_1317,196,1317,39.58334478549659,57.250006115064025,2
196_1511,196,1511,71.91667980514467,57.250006115064025,1
196_1594,196,1594,85.75001385994256,57.250006115064025,8
197_1315,197,1315,39.25001143477857,57.083339439705014,1
197_1316,197,1316,39.41667811013758,57.083339439705014,1
197_1470,197,1470,65.08334611542523,57.083339439705014,1
197_1473,197,1473,65.58334614150226,57.083339439705014,9
198_1312,198,1312,38.75001140870154,56.916672764346,1
198_1443,198,1443,60.58334588073194,56.916672764346,29
198_1444,198,1444,60.75001255609095,56.916672764346,15
198_1515,198,1515,72.58334650658071,56.916672764346,10
198_1596,198,1596,86.08334721066058,56.916672764346,1
199_1157,199,1157,12.916676728054881,56.75000608898699,4
199_1303,199,1303,37.25001133047044,56.75000608898699,1
199_1312,199,1312,38.75001140870154,56.75000608898699,2
199_1313,199,1313,38.91667808406055,56.75000608898699,15
199_1443,199,1443,60.58334588073194,56.75000608898699,10
199_1444,199,1444,60.75001255609095,56.75000608898699,15
199_1445,199,1445,60.91667923144996,56.75000608898699,2
199_1446,199,1446,61.08334590680897,56.75000608898699,6
199_1599,199,1599,86.58334723673761,56.75000608898699,3
200_1178,200,1178,16.416676910594106,56.58333941362798,1
200_1180,200,1180,16.750010261312127,56.58333941362798,2
200_1445,200,1445,60.91667923144996,56.58333941362798,1
200_1478,200,1478,66.41667951829731,56.58333941362798,2
200_1588,200,1588,84.75001380778849,56.58333941362798,5
200_1589,200,1589,84.9166804831475,56.58333941362798,6
200_1623,200,1623,90.58334744535387,56.58333941362798,1
201_1139,201,1139,9.916676571592689,56.41667273826897,1
201_1178,201,1178,16.416676910594106,56.41667273826897,1
201_1308,201,1308,38.083344707265496,56.41667273826897,2
201_1326,201,1326,41.08334486372769,56.41667273826897,27
201_1444,201,1444,60.75001255609095,56.41667273826897,2
201_1450,201,1450,61.750012608245015,56.41667273826897,1
201_1589,201,1589,84.9166804831475,56.41667273826897,7
201_1590,201,1590,85.08334715850651,56.41667273826897,1
202_1300,202,1300,36.75001130439341,56.25000606290996,8
202_1316,202,1316,39.41667811013758,56.25000606290996,32
202_1322,202,1322,40.416678162291646,56.25000606290996,1
202_1326,202,1326,41.08334486372769,56.25000606290996,7
203_1167,203,1167,14.583343481644988,56.08333938755095,1
203_1296,203,1296,36.08334460295737,56.08333938755095,1
203_1297,203,1297,36.25001127831638,56.08333938755095,3
203_1298,203,1298,36.41667795367539,56.08333938755095,2
203_1322,203,1322,40.416678162291646,56.08333938755095,9
203_1444,203,1444,60.75001255609095,56.08333938755095,1
203_1496,203,1496,69.41667967475951,56.08333938755095,21
203_1497,203,1497,69.58334635011852,56.08333938755095,1
203_1582,203,1582,83.75001375563443,56.08333938755095,3
203_1637,203,1637,92.91668090038002,56.08333938755095,5
204_1296,204,1296,36.08334460295737,55.91667271219194,16
204_1298,204,1298,36.41667795367539,55.91667271219194,2
204_1300,204,1300,36.75001130439341,55.91667271219194,3
204_1303,204,1303,37.25001133047044,55.91667271219194,11
204_1304,204,1304,37.41667800582945,55.91667271219194,59
204_1305,204,1305,37.583344681188464,55.91667271219194,200
204_1306,204,1306,37.750011356547475,55.91667271219194,61
204_1307,204,1307,37.916678031906486,55.91667271219194,15
204_1321,204,1321,40.250011486932635,55.91667271219194,1
204_1344,204,1344,44.08334502018988,55.91667271219194,8
204_1574,204,1574,82.41668035276234,55.91667271219194,1
204_1575,204,1575,82.58334702812135,55.91667271219194,1
204_1576,204,1576,82.75001370348036,55.91667271219194,1
204_1636,204,1636,92.750014225021,55.91667271219194,8
205_1304,205,1304,37.41667800582945,55.75000603683293,281
205_1305,205,1305,37.583344681188464,55.75000603683293,282
205_1306,205,1306,37.750011356547475,55.75000603683293,178
205_1307,205,1307,37.916678031906486,55.75000603683293,13
205_1313,205,1313,38.91667808406055,55.75000603683293,11
205_1523,205,1523,73.9166799094528,55.75000603683293,1
205_1574,205,1574,82.41668035276234,55.75000603683293,2
206_1159,206,1159,13.250010078772902,55.58333936147392,1
206_1302,206,1302,37.08334465511143,55.58333936147392,24
206_1305,206,1305,37.583344681188464,55.58333936147392,148
206_1306,206,1306,37.750011356547475,55.58333936147392,106
206_1308,206,1308,38.083344707265496,55.58333936147392,67
206_1442,206,1442,60.41667920537293,55.58333936147392,3
206_1523,206,1523,73.9166799094528,55.58333936147392,1
206_1585,206,1585,84.25001378171146,55.58333936147392,1
206_1586,206,1586,84.41668045707047,55.58333936147392,1
206_1587,206,1587,84.58334713242948,55.58333936147392,1
206_1594,206,1594,85.75001385994256,55.58333936147392,1
207_1303,207,1303,37.25001133047044,55.41667268611491,68
207_1305,207,1305,37.583344681188464,55.41667268611491,17
207_1311,207,1311,38.58334473334253,55.41667268611491,34
207_1441,207,1441,60.25001253001392,55.41667268611491,5
207_1446,207,1446,61.08334590680897,55.41667268611491,3
207_1520,207,1520,73.41667988337576,55.41667268611491,1
207_1573,207,1573,82.25001367740333,55.41667268611491,1
207_1595,207,1595,85.91668053530157,55.41667268611491,1
207_1596,207,1596,86.08334721066058,55.41667268611491,1
207_1597,207,1597,86.25001388601959,55.41667268611491,37
208_1300,208,1300,36.75001130439341,55.2500060107559,17
208_1447,208,1447,61.25001258216798,55.2500060107559,6
208_1448,208,1448,61.416679257526994,55.2500060107559,1
208_1449,208,1449,61.583345932886004,55.2500060107559,1
208_1521,208,1521,73.58334655873477,55.2500060107559,1
208_1573,208,1573,82.25001367740333,55.2500060107559,1
208_1574,208,1574,82.41668035276234,55.2500060107559,2
208_1576,208,1576,82.75001370348036,55.2500060107559,2
208_1580,208,1580,83.4166804049164,55.2500060107559,1
208_1593,208,1593,85.58334718458354,55.2500060107559,1
208_1594,208,1594,85.75001385994256,55.2500060107559,1
209_1299,209,1299,36.5833446290344,55.083339335396886,20
209_1306,209,1306,37.750011356547475,55.083339335396886,5
209_1307,209,1307,37.916678031906486,55.083339335396886,16
209_1447,209,1447,61.25001258216798,55.083339335396886,2
209_1448,209,1448,61.416679257526994,55.083339335396886,3
209_1519,209,1519,73.25001320801675,55.083339335396886,3
209_1521,209,1521,73.58334655873477,55.083339335396886,2
209_1577,209,1577,82.91668037883937,55.083339335396886,5
209_1594,209,1594,85.75001385994256,55.083339335396886,1
209_1595,209,1595,85.91668053530157,55.083339335396886,1
210_1520,210,1520,73.41667988337576,54.916672660037875,3
210_1577,210,1577,82.91668037883937,54.916672660037875,2
210_1578,210,1578,83.08334705419838,54.916672660037875,6
211_1578,211,1578,83.08334705419838,54.750005984678864,16
212_1580,212,1580,83.4166804049164,54.583339309319854,1
215_1317,215,1317,39.58334478549659,54.08333928324282,2
215_1318,215,1318,39.7500114608556,54.08333928324282,17
216_1583,216,1583,83.91668043099344,53.91667260788381,1
217_341,217,341,-123.08333036489785,53.7500059325248,1
217_1581,217,1581,83.58334708027542,53.7500059325248,1
217_1585,217,1585,84.25001378171146,53.7500059325248,1
217_1589,217,1589,84.9166804831475,53.7500059325248,3
217_1600,217,1600,86.75001391209662,53.7500059325248,2
217_1601,217,1601,86.91668058745563,53.7500059325248,4
217_1602,217,1602,87.08334726281464,53.7500059325248,2
217_1603,217,1603,87.25001393817365,53.7500059325248,1
217_1604,217,1604,87.41668061353266,53.7500059325248,1
217_1608,217,1608,88.0833473149687,53.7500059325248,4
218_1583,218,1583,83.91668043099344,53.58333925716579,2
218_1591,218,1591,85.25001383386552,53.58333925716579,1
218_1608,218,1608,88.0833473149687,53.58333925716579,1
219_1571,219,1571,81.91668032668531,53.41667258180678,1
219_1581,219,1581,83.58334708027542,53.41667258180678,4
219_1582,219,1582,83.75001375563443,53.41667258180678,5
219_1587,219,1587,84.58334713242948,53.41667258180678,2
219_1591,219,1591,85.25001383386552,53.41667258180678,1
220_1332,220,1332,42.08334491588175,53.25000590644777,11
220_1563,220,1563,80.58334692381322,53.25000590644777,2
220_1564,220,1564,80.75001359917223,53.25000590644777,2
220_1579,220,1579,83.2500137295574,53.25000590644777,2
220_1582,220,1582,83.75001375563443,53.25000590644777,3
222_1042,222,1042,-6.249990938231349,52.91667255572975,1
223_1558,223,1558,79.75001354701817,52.750005880370736,1
223_1560,223,1560,80.08334689773619,52.750005880370736,1
224_1590,224,1590,85.08334715850651,52.583339205011725,1
224_1591,224,1591,85.25001383386552,52.583339205011725,2
225_1126,225,1126,7.7500097919255495,52.416672529652715,1
225_1558,225,1558,79.75001354701817,52.416672529652715,1
225_1591,225,1591,85.25001383386552,52.416672529652715,1
225_1592,225,1592,85.41668050922453,52.416672529652715,1
226_397,226,397,-113.74999654479325,52.250005854293704,1
226_1554,226,1554,79.08334684558213,52.250005854293704,1
226_1592,226,1592,85.41668050922453,52.250005854293704,5
226_1593,226,1593,85.58334718458354,52.250005854293704,6
226_1594,226,1594,85.75001385994256,52.250005854293704,1
226_1705,226,1705,104.25001482479274,52.250005854293704,1
227_1584,227,1584,84.08334710635245,52.08333917893469,1
227_1592,227,1592,85.41668050922453,52.08333917893469,1
227_1595,227,1595,85.91668053530157,52.08333917893469,3
227_1602,227,1602,87.08334726281464,52.08333917893469,1
228_1559,228,1559,79.91668022237718,51.91667250357568,1
228_1586,228,1586,84.41668045707047,51.91667250357568,1
228_1591,228,1591,85.25001383386552,51.91667250357568,19
228_1592,228,1592,85.41668050922453,51.91667250357568,10
228_1594,228,1594,85.75001385994256,51.91667250357568,1
228_1595,228,1595,85.91668053530157,51.91667250357568,3
229_1583,229,1583,83.91668043099344,51.75000582821667,1
229_1584,229,1584,84.08334710635245,51.75000582821667,3
230_1583,230,1583,83.91668043099344,51.58333915285766,2
230_1585,230,1585,84.25001378171146,51.58333915285766,1
231_1099,231,1099,3.2500095572322607,51.41667247749865,2
231_1100,231,1100,3.4166762325912714,51.41667247749865,1
231_1105,231,1105,4.250009609386325,51.41667247749865,2
231_1106,231,1106,4.416676284745336,51.41667247749865,5
231_1109,231,1109,4.916676310822368,51.41667247749865,1
231_1561,231,1561,80.2500135730952,51.41667247749865,4
231_1595,231,1595,85.91668053530157,51.41667247749865,4
231_1596,231,1596,86.08334721066058,51.41667247749865,2
232_1096,232,1096,2.7500095311552286,51.25000580213964,1
232_1097,232,1097,2.9166762065142393,51.25000580213964,47
232_1098,232,1098,3.08334288187325,51.25000580213964,11
232_1099,232,1099,3.2500095572322607,51.25000580213964,23
232_1101,232,1101,3.583342907950282,51.25000580213964,1
232_1103,232,1103,3.9166762586683035,51.25000580213964,4
232_1104,232,1104,4.083342934027314,51.25000580213964,1
232_1105,232,1105,4.250009609386325,51.25000580213964,12
232_1106,232,1106,4.416676284745336,51.25000580213964,41
232_1107,232,1107,4.583342960104346,51.25000580213964,10
232_1108,232,1108,4.750009635463357,51.25000580213964,13
232_1109,232,1109,4.916676310822368,51.25000580213964,4
232_1110,232,1110,5.083342986181378,51.25000580213964,2
232_1113,232,1113,5.5833430122584105,51.25000580213964,4
233_394,233,394,-114.24999657087028,51.08333912678063,2
233_1095,233,1095,2.583342855796218,51.08333912678063,23
233_1096,233,1096,2.7500095311552286,51.08333912678063,20
233_1097,233,1097,2.9166762065142393,51.08333912678063,1
233_1098,233,1098,3.08334288187325,51.08333912678063,2
233_1099,233,1099,3.2500095572322607,51.08333912678063,4
233_1100,233,1100,3.4166762325912714,51.08333912678063,7
233_1101,233,1101,3.583342907950282,51.08333912678063,6
233_1102,233,1102,3.750009583309293,51.08333912678063,20
233_1103,233,1103,3.9166762586683035,51.08333912678063,4
233_1104,233,1104,4.083342934027314,51.08333912678063,6
233_1105,233,1105,4.250009609386325,51.08333912678063,6
233_1106,233,1106,4.416676284745336,51.08333912678063,15
233_1107,233,1107,4.583342960104346,51.08333912678063,5
233_1108,233,1108,4.750009635463357,51.08333912678063,12
233_1109,233,1109,4.916676310822368,51.08333912678063,11
233_1110,233,1110,5.083342986181378,51.08333912678063,3
233_1111,233,1111,5.250009661540389,51.08333912678063,1
233_1112,233,1112,5.4166763368994,51.08333912678063,3
233_1113,233,1113,5.5833430122584105,51.08333912678063,1
233_1114,233,1114,5.750009687617421,51.08333912678063,7
233_1593,233,1593,85.58334718458354,51.08333912678063,2
234_1096,234,1096,2.7500095311552286,50.91667245142162,3
234_1097,234,1097,2.9166762065142393,50.91667245142162,2
234_1098,234,1098,3.08334288187325,50.91667245142162,3
234_1099,234,1099,3.2500095572322607,50.91667245142162,6
234_1100,234,1100,3.4166762325912714,50.91667245142162,3
234_1101,234,1101,3.583342907950282,50.91667245142162,4
234_1102,234,1102,3.750009583309293,50.91667245142162,12
234_1103,234,1103,3.9166762586683035,50.91667245142162,1
234_1104,234,1104,4.083342934027314,50.91667245142162,12
234_1105,234,1105,4.250009609386325,50.91667245142162,6
234_1106,234,1106,4.416676284745336,50.91667245142162,23
234_1107,234,1107,4.583342960104346,50.91667245142162,7
234_1108,234,1108,4.750009635463357,50.91667245142162,82
234_1109,234,1109,4.916676310822368,50.91667245142162,5
234_1110,234,1110,5.083342986181378,50.91667245142162,14
234_1111,234,1111,5.250009661540389,50.91667245142162,8
234_1112,234,1112,5.4166763368994,50.91667245142162,2
234_1113,234,1113,5.5833430122584105,50.91667245142162,1
235_1099,235,1099,3.2500095572322607,50.75000577606261,3
235_1100,235,1100,3.4166762325912714,50.75000577606261,2
235_1101,235,1101,3.583342907950282,50.75000577606261,2
235_1103,235,1103,3.9166762586683035,50.75000577606261,4
235_1104,235,1104,4.083342934027314,50.75000577606261,2
235_1105,235,1105,4.250009609386325,50.75000577606261,4
235_1106,235,1106,4.416676284745336,50.75000577606261,6
235_1107,235,1107,4.583342960104346,50.75000577606261,5
235_1108,235,1108,4.750009635463357,50.75000577606261,1
235_1110,235,1110,5.083342986181378,50.75000577606261,1
235_1111,235,1111,5.250009661540389,50.75000577606261,1
235_1113,235,1113,5.5833430122584105,50.75000577606261,1
236_1770,236,1770,115.08334872312844,50.5833391007036,24
237_1798,237,1798,119.75001563318074,50.416672425344586,1
238_363,238,363,-119.41666350699961,50.250005749985576,1
238_1113,238,1113,5.5833430122584105,50.250005749985576,1
240_329,240,329,-125.08333046920598,49.916672399267554,1
241_402,241,402,-112.9166631679982,49.750005723908544,1
242_377,242,377,-117.08333005197346,49.58333904854953,1
243_342,243,342,-122.91666368953884,49.41667237319052,1
244_335,244,335,-124.08333041705191,49.25000569783151,1
244_336,244,336,-123.9166637416929,49.25000569783151,1
244_340,244,340,-123.24999704025686,49.25000569783151,2
244_341,244,341,-123.08333036489785,49.25000569783151,3
244_343,244,343,-122.74999701417983,49.25000569783151,1
245_324,245,324,-125.91666384600103,49.0833390224725,1
245_336,245,336,-123.9166637416929,49.0833390224725,1
245_337,245,337,-123.74999706633389,49.0833390224725,1
245_340,245,340,-123.24999704025686,49.0833390224725,1
245_341,245,341,-123.08333036489785,49.0833390224725,3
245_343,245,343,-122.74999701417983,49.0833390224725,5
245_345,245,345,-122.4166636634618,49.0833390224725,1
245_410,245,410,-111.58332976512611,49.0833390224725,1
246_337,246,337,-123.74999706633389,48.91667234711349,1
247_338,247,338,-123.58333039097488,48.75000567175448,1
248_343,248,343,-122.74999701417983,48.58333899639547,2
249_339,249,339,-123.41666371561587,48.41667232103646,4
249_340,249,340,-123.24999704025686,48.41667232103646,2
249_343,249,343,-122.74999701417983,48.41667232103646,1
249_344,249,344,-122.58333033882082,48.41667232103646,1
250_338,250,338,-123.58333039097488,48.25000564567745,1
252_345,252,345,-122.4166636634618,47.916672294959426,1
252_346,252,346,-122.2499969881028,47.916672294959426,2
252_347,252,347,-122.08333031274378,47.916672294959426,2
252_1126,252,1126,7.7500097919255495,47.916672294959426,1
253_344,253,344,-122.58333033882082,47.750005619600415,1
253_345,253,345,-122.4166636634618,47.750005619600415,1
254_345,254,345,-122.4166636634618,47.583338944241405,6
255_428,255,428,-108.58332960866392,47.416672268882394,1
256_344,256,344,-122.58333033882082,47.25000559352338,2
257_334,257,334,-124.24999709241092,47.08333891816437,1
257_342,257,342,-122.91666368953884,47.08333891816437,4
259_657,259,657,-70.41666095145047,46.75000556744635,1
261_505,261,505,-95.7499956060201,46.41667221672833,1
263_336,263,336,-123.9166637416929,46.08333886601031,1
265_413,265,413,-111.08332973904908,45.75000551529229,1
266_340,266,340,-123.24999704025686,45.583338839933276,1
266_342,266,342,-122.91666368953884,45.583338839933276,1
266_343,266,343,-122.74999701417983,45.583338839933276,1
266_704,266,704,-62.583327209576964,45.583338839933276,1
267_341,267,341,-123.08333036489785,45.416672164574265,1
267_342,267,342,-122.91666368953884,45.416672164574265,1
267_344,267,344,-122.58333033882082,45.416672164574265,2
267_625,267,625,-75.74999456293881,45.416672164574265,1
267_637,267,637,-73.74999445863068,45.416672164574265,1
268_633,268,633,-74.41666116006672,45.250005489215255,1
268_1305,268,1305,37.583344681188464,45.250005489215255,1
268_1306,268,1306,37.750011356547475,45.250005489215255,7
268_1307,268,1307,37.916678031906486,45.250005489215255,4
268_1308,268,1308,38.083344707265496,45.250005489215255,3
268_1309,268,1309,38.25001138262451,45.250005489215255,19
268_1310,268,1310,38.41667805798352,45.250005489215255,37
268_1311,268,1311,38.58334473334253,45.250005489215255,1
269_1304,269,1304,37.41667800582945,45.083338813856244,1
269_1305,269,1305,37.583344681188464,45.083338813856244,1
269_1311,269,1311,38.58334473334253,45.083338813856244,21
269_1312,269,1312,38.75001140870154,45.083338813856244,20
270_520,270,520,-93.24999547563493,44.91667213849723,1
270_1303,270,1303,37.25001133047044,44.91667213849723,10
270_1304,270,1304,37.41667800582945,44.91667213849723,7
270_1305,270,1305,37.583344681188464,44.91667213849723,3
270_1308,270,1308,38.083344707265496,44.91667213849723,2
270_1313,270,1313,38.91667808406055,44.91667213849723,20
271_645,271,645,-72.4166610557586,44.75000546313822,1
271_1304,271,1304,37.41667800582945,44.75000546313822,13
271_1306,271,1306,37.750011356547475,44.75000546313822,12
272_335,272,335,-124.08333041705191,44.58333878777921,6
272_699,272,699,-63.41666058637202,44.58333878777921,1
272_1308,272,1308,38.083344707265496,44.58333878777921,85
272_1309,272,1309,38.25001138262451,44.58333878777921,2
273_340,273,340,-123.24999704025686,44.4166721124202,1
273_591,273,591,-81.41666152514517,44.4166721124202,1
273_615,273,615,-77.41666131652892,44.4166721124202,2
273_640,273,640,-73.24999443255365,44.4166721124202,2
273_693,273,693,-64.41666063852608,44.4166721124202,1
273_698,273,698,-63.58332726173103,44.4166721124202,1
273_1308,273,1308,38.083344707265496,44.4166721124202,8
273_1309,273,1309,38.25001138262451,44.4166721124202,6
273_1311,273,1311,38.58334473334253,44.4166721124202,1
274_342,274,342,-122.91666368953884,44.25000543706119,1
274_609,274,609,-78.41666136868298,44.25000543706119,1
274_620,274,620,-76.58332793973386,44.25000543706119,1
274_1360,274,1360,46.75001182593405,44.25000543706119,16
275_1359,275,1359,46.58334515057504,44.08333876170218,16
275_1360,275,1360,46.75001182593405,44.08333876170218,9
276_335,276,335,-124.08333041705191,43.91667208634317,2
276_606,276,606,-78.91666139476001,43.91667208634317,1
276_1359,276,1359,46.58334515057504,43.91667208634317,6
277_603,277,603,-79.41666142083704,43.75000541098416,2
277_604,277,604,-79.24999474547803,43.75000541098416,1
277_1360,277,1360,46.75001182593405,43.75000541098416,5
278_599,278,599,-80.08332812227309,43.58333873562515,1
278_602,278,602,-79.58332809619606,43.58333873562515,1
278_1360,278,1360,46.75001182593405,43.58333873562515,15
278_1361,278,1361,46.91667850129306,43.58333873562515,2
278_1948,278,1948,144.75001693703234,43.58333873562515,2
279_533,279,533,-91.0833286959678,43.41667206026614,2
279_601,279,601,-79.74999477155507,43.41667206026614,1
279_1319,279,1319,39.916678136214614,43.41667206026614,7
279_1361,279,1361,46.91667850129306,43.41667206026614,3
279_1362,279,1362,47.083345176652074,43.41667206026614,7
279_1541,279,1541,76.91668006591499,43.41667206026614,1
279_1554,279,1554,79.08334684558213,43.41667206026614,1
280_600,280,600,-79.91666144691408,43.250005384907126,1
280_614,280,614,-77.58332799188793,43.250005384907126,3
280_1364,280,1364,47.416678527370095,43.250005384907126,10
280_1541,280,1541,76.91668006591499,43.250005384907126,5
281_552,281,552,-87.91666186414659,43.083338709548116,1
281_606,281,606,-78.91666139476001,43.083338709548116,1
281_614,281,614,-77.58332799188793,43.083338709548116,1
281_1363,281,1363,47.250011852011085,43.083338709548116,14
281_1364,281,1364,47.416678527370095,43.083338709548116,16
281_1541,281,1541,76.91668006591499,43.083338709548116,9
282_1365,282,1365,47.583345202729106,42.916672034189105,1
282_1508,282,1508,71.41667977906764,42.916672034189105,3
282_1923,282,1923,140.58335005305707,42.916672034189105,2
283_402,283,402,-112.9166631679982,42.750005358830094,1
283_637,283,637,-73.74999445863068,42.750005358830094,1
283_650,283,650,-71.58332767896354,42.750005358830094,1
283_1364,283,1364,47.416678527370095,42.750005358830094,4
283_1365,283,1365,47.583345202729106,42.750005358830094,15
283_1366,283,1366,47.75001187808812,42.750005358830094,2
284_597,284,597,-80.41666147299111,42.583338683471084,1
284_651,284,651,-71.41666100360453,42.583338683471084,1
284_1364,284,1364,47.416678527370095,42.583338683471084,7
284_1366,284,1366,47.75001187808812,42.583338683471084,4
284_1367,284,1367,47.91667855344713,42.583338683471084,2
284_1930,284,1930,141.75001678057015,42.583338683471084,1
285_346,285,346,-122.2499969881028,42.41667200811207,1
285_550,285,550,-88.24999521486461,42.41667200811207,1
285_644,285,644,-72.5833277311176,42.41667200811207,1
285_646,285,646,-72.24999438039958,42.41667200811207,3
285_652,285,652,-71.24999432824552,42.41667200811207,4
285_653,285,653,-71.08332765288651,42.41667200811207,3
285_1364,285,1364,47.416678527370095,42.41667200811207,1
285_1365,285,1365,47.583345202729106,42.41667200811207,2
285_1367,285,1367,47.91667855344713,42.41667200811207,11
285_1368,285,1368,48.08334522880614,42.41667200811207,1
285_1497,285,1497,69.58334635011852,42.41667200811207,3
286_578,286,578,-83.58332830481231,42.25000533275306,1
286_651,286,651,-71.41666100360453,42.25000533275306,1
286_653,286,653,-71.08332765288651,42.25000533275306,1
286_1367,286,1367,47.91667855344713,42.25000533275306,1
286_1368,286,1368,48.08334522880614,42.25000533275306,18
286_1497,286,1497,69.58334635011852,42.25000533275306,2
287_455,287,455,-104.08332937397063,42.08333865739405,1
287_650,287,650,-71.58332767896354,42.08333865739405,1
288_549,288,549,-88.41666189022362,41.91667198203504,1
288_550,288,550,-88.24999521486461,41.91667198203504,1
288_643,288,643,-72.74999440647662,41.91667198203504,1
288_644,288,644,-72.5833277311176,41.91667198203504,1
289_550,289,550,-88.24999521486461,41.75000530667603,1
289_554,289,554,-87.58332851342857,41.75000530667603,1
289_626,289,626,-75.5833278875798,41.75000530667603,1
289_651,289,651,-71.41666100360453,41.75000530667603,1
289_1348,289,1348,44.750011721625924,41.75000530667603,7
289_1359,289,1359,46.58334515057504,41.75000530667603,3
289_1360,289,1360,46.75001182593405,41.75000530667603,1
290_407,290,407,-112.08332979120314,41.58333863131702,1
290_1346,290,1346,44.4166783709079,41.58333863131702,1
290_1359,290,1359,46.58334515057504,41.58333863131702,1
291_335,291,335,-124.08333041705191,41.41667195595801,1
292_637,292,637,-73.74999445863068,41.250005280599,1
292_643,292,643,-72.74999440647662,41.250005280599,1
292_1926,292,1926,141.0833500791341,41.250005280599,1
292_1927,292,1927,141.25001675449312,41.250005280599,1
293_625,293,625,-75.74999456293881,41.08333860523999,1
293_636,293,636,-73.91666113398969,41.08333860523999,1
293_1254,293,1254,29.08334423787892,41.08333860523999,3
294_406,294,406,-112.24999646656215,40.91667192988098,1
294_596,294,596,-80.58332814835012,40.91667192988098,1
294_637,294,637,-73.74999445863068,40.91667192988098,1
294_641,294,641,-73.08332775719464,40.91667192988098,1
294_1254,294,1254,29.08334423787892,40.91667192988098,5
295_408,295,408,-111.91666311584413,40.750005254521966,2
295_635,295,635,-74.0833278093487,40.750005254521966,1
295_636,295,636,-73.91666113398969,40.750005254521966,2
296_450,296,450,-104.91666275076568,40.583338579162955,1
296_635,296,635,-74.0833278093487,40.583338579162955,1
296_636,296,636,-73.91666113398969,40.583338579162955,5
297_600,297,600,-79.91666144691408,40.416671903803945,2
297_1772,297,1772,115.41668207384646,40.416671903803945,1
297_1775,297,1775,115.91668209992349,40.416671903803945,1
298_410,298,410,-111.58332976512611,40.250005228444934,1
298_627,298,627,-75.41666121222079,40.250005228444934,1
298_628,298,628,-75.24999453686178,40.250005228444934,1
298_630,298,630,-74.91666118614376,40.250005228444934,1
298_1253,298,1253,28.916677562519908,40.250005228444934,1
298_1777,298,1777,116.25001545064151,40.250005228444934,1
298_1786,298,1786,117.75001552887261,40.250005228444934,1
299_447,299,447,-105.41666277684271,40.08333855308592,1
299_448,299,448,-105.2499961014837,40.08333855308592,1
299_1759,299,1759,113.25001529417932,40.08333855308592,1
299_1773,299,1773,115.58334874920547,40.08333855308592,1
299_1776,299,1776,116.0833487752825,40.08333855308592,16
299_1777,299,1777,116.25001545064151,40.08333855308592,4
299_1778,299,1778,116.41668212600052,40.08333855308592,25
300_580,300,580,-83.24999495409429,39.91667187772691,1
300_627,300,627,-75.41666121222079,39.91667187772691,1
300_628,300,628,-75.24999453686178,39.91667187772691,1
300_633,300,633,-74.41666116006672,39.91667187772691,1
300_1275,300,1275,32.58334442041814,39.91667187772691,1
300_1776,300,1776,116.0833487752825,39.91667187772691,2
300_1777,300,1777,116.25001545064151,39.91667187772691,3
300_1778,300,1778,116.41668212600052,39.91667187772691,10
301_349,301,349,-121.74999696202576,39.7500052023679,1
301_450,301,450,-104.91666275076568,39.7500052023679,1
301_506,301,506,-95.58332893066108,39.7500052023679,2
301_616,301,616,-77.2499946411699,39.7500052023679,1
301_619,301,619,-76.74999461509287,39.7500052023679,1
301_620,301,620,-76.58332793973386,39.7500052023679,1
301_1275,301,1275,32.58334442041814,39.7500052023679,1
301_1777,301,1777,116.25001545064151,39.7500052023679,4
302_440,302,440,-106.58332950435579,39.58333852700889,1
302_450,302,450,-104.91666275076568,39.58333852700889,1
302_1759,302,1759,113.25001529417932,39.58333852700889,1
303_337,303,337,-123.74999706633389,39.41667185164988,2
303_351,303,351,-121.41666361130774,39.41667185164988,1
303_622,303,622,-76.24999458901584,39.41667185164988,1
304_337,304,337,-123.74999706633389,39.25000517629087,1
304_574,304,574,-84.24999500624835,39.25000517629087,1
304_586,304,586,-82.24999490194023,39.25000517629087,1
304_618,304,618,-76.91666129045188,39.25000517629087,1
304_1272,304,1272,32.08334439434111,39.25000517629087,1
304_1273,304,1273,32.25001106970012,39.25000517629087,1
305_343,305,343,-122.74999701417983,39.08333850093186,1
305_427,305,427,-108.74999628402293,39.08333850093186,1
305_428,305,428,-108.58332960866392,39.08333850093186,2
305_615,305,615,-77.41666131652892,39.08333850093186,3
305_618,305,618,-76.91666129045188,39.08333850093186,1
305_1272,305,1272,32.08334439434111,39.08333850093186,5
305_1783,305,1783,117.25001550279558,39.08333850093186,1
306_509,306,509,-95.08332890458405,38.91667182557285,1
306_510,306,510,-94.91666222922504,38.91667182557285,1
306_512,306,512,-94.58332887850702,38.91667182557285,1
306_525,306,525,-92.41666209883988,38.91667182557285,1
306_612,306,612,-77.91666134260595,38.91667182557285,1
306_617,306,617,-77.0833279658109,38.91667182557285,1
306_618,306,618,-76.91666129045188,38.91667182557285,2
306_621,306,621,-76.41666126437485,38.91667182557285,1
307_354,307,354,-120.91666358523071,38.75000515021384,2
307_586,307,586,-82.24999490194023,38.75000515021384,1
307_629,307,629,-75.08332786150277,38.75000515021384,1
308_341,308,341,-123.08333036489785,38.58333847485483,2
308_349,308,349,-121.74999696202576,38.58333847485483,2
308_351,308,351,-121.41666361130774,38.58333847485483,3
308_352,308,352,-121.24999693594873,38.58333847485483,3
308_353,308,353,-121.08333026058972,38.58333847485483,1
308_623,308,623,-76.08332791365683,38.58333847485483,1
308_1244,308,1244,27.41667748428881,38.58333847485483,1
308_1927,308,1927,141.25001675449312,38.58333847485483,1
309_343,309,343,-122.74999701417983,38.416671799495816,1
309_344,309,344,-122.58333033882082,38.416671799495816,1
309_589,309,589,-81.7499948758632,38.416671799495816,1
309_621,309,621,-76.41666126437485,38.416671799495816,1
309_623,309,623,-76.08332791365683,38.416671799495816,1
309_1242,309,1242,27.08334413357079,38.416671799495816,5
309_1928,309,1928,141.41668342985213,38.416671799495816,1
310_342,310,342,-122.91666368953884,38.250005124136806,1
310_629,310,629,-75.08332786150277,38.250005124136806,1
310_1303,310,1303,37.25001133047044,38.250005124136806,1
310_1928,310,1928,141.41668342985213,38.250005124136806,2
311_343,311,343,-122.74999701417983,38.083338448777795,1
311_344,311,344,-122.58333033882082,38.083338448777795,2
311_345,311,345,-122.4166636634618,38.083338448777795,1
311_347,311,347,-122.08333031274378,38.083338448777795,1
312_343,312,343,-122.74999701417983,37.916671773418784,1
312_344,312,344,-122.58333033882082,37.916671773418784,3
312_345,312,345,-122.4166636634618,37.916671773418784,1
312_346,312,346,-122.2499969881028,37.916671773418784,5
312_1320,312,1320,40.083344811573625,37.916671773418784,1
312_1755,312,1755,112.58334859274328,37.916671773418784,1
313_344,313,344,-122.58333033882082,37.75000509805977,2
313_345,313,345,-122.4166636634618,37.75000509805977,2
313_346,313,346,-122.2499969881028,37.75000509805977,2
313_347,313,347,-122.08333031274378,37.75000509805977,1
313_348,313,348,-121.91666363738477,37.75000509805977,1
313_495,313,495,-97.4166623596102,37.75000509805977,1
313_621,313,621,-76.41666126437485,37.75000509805977,1
313_1263,313,1263,30.583344316110015,37.75000509805977,1
313_1794,313,1794,119.0833489317447,37.75000509805977,3
313_1921,313,1921,140.25001670233905,37.75000509805977,1
314_344,314,344,-122.58333033882082,37.58333842270076,4
314_345,314,345,-122.4166636634618,37.58333842270076,2
314_346,314,346,-122.2499969881028,37.58333842270076,4
314_348,314,348,-121.91666363738477,37.58333842270076,1
314_358,314,358,-120.24999688379467,37.58333842270076,1
314_1841,314,1841,126.9166826736182,37.58333842270076,3
314_1842,314,1842,127.08334934897721,37.58333842270076,4
315_345,315,345,-122.4166636634618,37.41667174734175,4
315_346,315,346,-122.2499969881028,37.41667174734175,2
315_347,315,347,-122.08333031274378,37.41667174734175,1
315_348,315,348,-121.91666363738477,37.41667174734175,1
315_349,315,349,-121.74999696202576,37.41667174734175,2
315_529,315,529,-91.74999539740384,37.41667174734175,1
315_1841,315,1841,126.9166826736182,37.41667174734175,3
315_1848,315,1848,128.08334940113127,37.41667174734175,2
316_345,316,345,-122.4166636634618,37.25000507198274,5
316_346,316,346,-122.2499969881028,37.25000507198274,2
316_348,316,348,-121.91666363738477,37.25000507198274,1
316_349,316,349,-121.74999696202576,37.25000507198274,2
316_370,316,370,-118.24999677948654,37.25000507198274,1
316_1842,316,1842,127.08334934897721,37.25000507198274,4
316_1910,316,1910,138.41668327338994,37.25000507198274,4
317_346,317,346,-122.2499969881028,37.08333839662373,1
317_347,317,347,-122.08333031274378,37.08333839662373,1
317_520,317,520,-93.24999547563493,37.08333839662373,1
317_551,317,551,-88.0833285395056,37.08333839662373,1
317_1123,317,1123,7.250009765848517,37.08333839662373,1
318_347,318,347,-122.08333031274378,36.91667172126472,1
318_348,318,348,-121.91666363738477,36.91667172126472,2
318_1125,318,1125,7.583343116566539,36.91667172126472,2
318_1241,318,1241,26.91667745821178,36.91667172126472,2
318_1837,318,1837,126.25001597218215,36.91667172126472,10
318_1838,318,1838,126.41668264754117,36.91667172126472,2
319_490,319,490,-98.24999573640525,36.75000504590571,1
319_1097,319,1097,2.9166762065142393,36.75000504590571,36
319_1101,319,1101,3.583342907950282,36.75000504590571,4
319_1110,319,1110,5.083342986181378,36.75000504590571,18
319_1787,319,1787,117.91668220423162,36.75000504590571,1
319_1837,319,1837,126.25001597218215,36.75000504590571,8
319_1838,319,1838,126.41668264754117,36.75000504590571,1
319_1842,319,1842,127.08334934897721,36.75000504590571,4
319_1844,319,1844,127.41668269969523,36.75000504590571,2
319_1845,319,1845,127.58334937505424,36.75000504590571,1
320_348,320,348,-121.91666363738477,36.5833383705467,12
320_1108,320,1108,4.750009635463357,36.5833383705467,3
320_1780,320,1780,116.75001547671854,36.5833383705467,7
320_1781,320,1781,116.91668215207756,36.5833383705467,3
320_1782,320,1782,117.08334882743657,36.5833383705467,1
320_1783,320,1783,117.25001550279558,36.5833383705467,1
320_1911,320,1911,138.58334994874895,36.5833383705467,4
320_1919,320,1919,139.91668335162103,36.5833383705467,1
321_375,321,375,-117.41666340269148,36.41667169518769,1
321_392,321,392,-114.5833299215883,36.41667169518769,1
321_513,321,513,-94.41666220314801,36.41667169518769,1
321_524,321,524,-92.58332877419889,36.41667169518769,1
321_1119,321,1119,6.583343064412475,36.41667169518769,1
321_1143,321,1143,10.583343273028731,36.41667169518769,1
321_1249,321,1249,28.250010861083865,36.41667169518769,1
321_1844,321,1844,127.41668269969523,36.41667169518769,9
321_1909,321,1909,138.25001659803092,36.41667169518769,1
321_1911,321,1911,138.58334994874895,36.41667169518769,7
321_1914,321,1914,139.08334997482598,36.41667169518769,1
322_625,322,625,-75.74999456293881,36.25000501982868,1
322_1114,322,1114,5.750009687617421,36.25000501982868,1
322_1119,322,1119,6.583343064412475,36.25000501982868,2
322_1802,322,1802,120.41668233461678,36.25000501982868,2
322_1844,322,1844,127.41668269969523,36.25000501982868,1
322_1916,322,1916,139.416683325544,36.25000501982868,1
323_407,323,407,-112.08332979120314,36.08333834446967,1
323_571,323,571,-84.74999503232539,36.08333834446967,1
323_575,323,575,-84.08332833088934,36.08333834446967,1
323_578,323,578,-83.58332830481231,36.08333834446967,1
323_605,323,605,-79.08332807011902,36.08333834446967,1
323_606,323,606,-78.91666139476001,36.08333834446967,1
323_607,323,607,-78.749994719401,36.08333834446967,1
323_1774,323,1774,115.75001542456448,36.08333834446967,6
323_1801,323,1801,120.25001565925777,36.08333834446967,2
323_1802,323,1802,120.41668233461678,36.08333834446967,5
324_442,324,442,-106.24999615363777,35.916671669110656,1
324_567,324,567,-85.41666173376143,35.916671669110656,1
324_607,324,607,-78.749994719401,35.916671669110656,1
324_1796,324,1796,119.41668228246272,35.916671669110656,14
324_1797,324,1797,119.58334895782173,35.916671669110656,4
324_1801,324,1801,120.25001565925777,35.916671669110656,2
324_1840,324,1840,126.75001599825919,35.916671669110656,5
324_1916,324,1916,139.416683325544,35.916671669110656,4
324_1917,324,1917,139.583350000903,35.916671669110656,2
324_1918,324,1918,139.75001667626202,35.916671669110656,6
324_1920,324,1920,140.08335002698004,35.916671669110656,1
324_1923,324,1923,140.58335005305707,35.916671669110656,5
325_1044,325,1044,-5.916657587513328,35.750004993751645,2
325_1045,325,1045,-5.749990912154317,35.750004993751645,7
325_1388,325,1388,51.41667873598635,35.750004993751645,6
325_1916,325,1916,139.416683325544,35.750004993751645,3
325_1917,325,1917,139.583350000903,35.750004993751645,3
325_1918,325,1918,139.75001667626202,35.750004993751645,15
325_1919,325,1919,139.91668335162103,35.750004993751645,4
326_366,326,366,-118.91666348092258,35.583338318392634,1
326_547,326,547,-88.74999524094164,35.583338318392634,1
326_608,326,608,-78.58332804404199,35.583338318392634,1
326_1295,326,1295,35.91667792759836,35.583338318392634,1
326_1388,326,1388,51.41667873598635,35.583338318392634,1
326_1743,326,1743,110.58334848843515,35.583338318392634,3
326_1916,326,1916,139.416683325544,35.583338318392634,18
326_1917,326,1917,139.583350000903,35.583338318392634,1
326_1918,326,1918,139.75001667626202,35.583338318392634,1
326_1919,326,1919,139.91668335162103,35.583338318392634,4
327_357,327,357,-120.41666355915368,35.416671643033624,1
327_1898,327,1898,136.4166831690818,35.416671643033624,1
327_1899,327,1899,136.58334984444082,35.416671643033624,1
327_1900,327,1900,136.75001651979983,35.416671643033624,6
327_1913,327,1913,138.91668329946697,35.416671643033624,1
327_1915,327,1915,139.250016650185,35.416671643033624,3
327_1916,327,1916,139.416683325544,35.416671643033624,1
327_1917,327,1917,139.583350000903,35.416671643033624,1
328_354,328,354,-120.91666358523071,35.25000496767461,7
328_355,328,355,-120.7499969098717,35.25000496767461,1
328_386,328,386,-115.58332997374237,35.25000496767461,1
328_518,328,518,-93.58332882635295,35.25000496767461,1
328_580,328,580,-83.24999495409429,35.25000496767461,1
328_1048,328,1048,-5.249990886077285,35.25000496767461,1
328_1062,328,1062,-2.916657431051135,35.25000496767461,28
328_1278,328,1278,33.083344446495175,35.25000496767461,1
328_1279,328,1279,33.250011121854186,35.25000496767461,2
328_1280,328,1280,33.4166777972132,35.25000496767461,1
328_1282,328,1282,33.75001114793122,35.25000496767461,1
328_1914,328,1914,139.08334997482598,35.25000496767461,2
328_1916,328,1916,139.416683325544,35.25000496767461,1
329_439,329,439,-106.7499961797148,35.0833382923156,1
329_528,329,528,-91.91666207276285,35.0833382923156,1
329_541,329,541,-89.74999529309571,35.0833382923156,1
329_568,329,568,-85.24999505840242,35.0833382923156,1
329_1069,329,1069,-1.7499907035380602,35.0833382923156,2
329_1273,329,1273,32.25001106970012,35.0833382923156,5
329_1274,329,1274,32.41667774505913,35.0833382923156,3
329_1276,329,1276,32.750011095777154,35.0833382923156,1
329_1278,329,1278,33.083344446495175,35.0833382923156,1
329_1846,329,1846,127.75001605041325,35.0833382923156,1
329_1847,329,1847,127.91668272577226,35.0833382923156,1
329_1851,329,1851,128.5833494272083,35.0833382923156,2
329_1894,329,1894,135.75001646764576,35.0833382923156,10
329_1895,329,1895,135.91668314300478,35.0833382923156,2
329_1902,329,1902,137.08334987051785,35.0833382923156,1
329_1910,329,1910,138.41668327338994,35.0833382923156,1
329_1914,329,1914,139.08334997482598,35.0833382923156,2
330_525,330,525,-92.41666209883988,34.91667161695659,2
330_1042,330,1042,-6.249990938231349,34.91667161695659,1
330_1070,330,1070,-1.5833240281790495,34.91667161695659,2
330_1072,330,1072,-1.249990677461028,34.91667161695659,7
330_1274,330,1274,32.41667774505913,34.91667161695659,20
330_1277,330,1277,32.916677771136165,34.91667161695659,4
330_1893,330,1893,135.58334979228675,34.91667161695659,1
330_1894,330,1894,135.75001646764576,34.91667161695659,1
330_1895,330,1895,135.91668314300478,34.91667161695659,1
331_357,331,357,-120.41666355915368,34.75000494159758,1
331_409,331,409,-111.74999644048512,34.75000494159758,1
331_585,331,585,-82.41666157729924,34.75000494159758,2
331_1274,331,1274,32.41667774505913,34.75000494159758,14
331_1754,331,1754,112.41668191738427,34.75000494159758,1
331_1755,331,1755,112.58334859274328,34.75000494159758,2
331_1892,331,1892,135.41668311692774,34.75000494159758,1
331_1893,331,1893,135.58334979228675,34.75000494159758,1
331_1894,331,1894,135.75001646764576,34.75000494159758,2
332_1754,332,1754,112.41668191738427,34.58333826623857,4
333_360,333,360,-119.91666353307664,34.41667159087956,3
333_361,333,361,-119.74999685771763,34.41667159087956,1
333_364,333,364,-119.2499968316406,34.41667159087956,1
333_369,333,369,-118.41666345484555,34.41667159087956,1
333_371,333,371,-118.08333010412753,34.41667159087956,1
333_1040,333,1040,-6.58332428894937,34.41667159087956,2
333_1867,333,1867,131.25001623295248,34.41667159087956,1
333_1877,333,1877,132.91668298654258,34.41667159087956,1
333_1878,333,1878,133.0833496619016,34.41667159087956,2
334_363,334,363,-119.41666350699961,34.25000491552055,1
334_369,334,369,-118.41666345484555,34.25000491552055,2
334_370,334,370,-118.24999677948654,34.25000491552055,2
334_406,334,406,-112.24999646656215,34.25000491552055,1
334_412,334,412,-111.24999641440809,34.25000491552055,1
334_419,334,419,-110.08332968689501,34.25000491552055,1
334_1039,334,1039,-6.749990964308381,34.25000491552055,1
334_1040,334,1040,-6.58332428894937,34.25000491552055,1
334_1733,334,1733,108.91668173484504,34.25000491552055,1
334_1782,334,1782,117.08334882743657,34.25000491552055,1
335_366,335,366,-118.91666348092258,34.08333824016154,1
335_367,335,367,-118.74999680556357,34.08333824016154,4
335_368,335,368,-118.58333013020456,34.08333824016154,1
335_370,335,370,-118.24999677948654,34.08333824016154,3
335_371,335,371,-118.08333010412753,34.08333824016154,1
335_375,335,375,-117.41666340269148,34.08333824016154,2
335_383,335,383,-116.0833299998194,34.08333824016154,1
335_517,335,517,-93.74999550171196,34.08333824016154,2
335_591,335,591,-81.41666152514517,34.08333824016154,1
335_1038,335,1038,-6.916657639667392,34.08333824016154,2
335_1039,335,1039,-6.749990964308381,34.08333824016154,2
335_1040,335,1040,-6.58332428894937,34.08333824016154,2
335_1050,335,1050,-4.916657535359263,34.08333824016154,2
335_1054,335,1054,-4.249990833923221,34.08333824016154,5
335_1734,335,1734,109.08334841020405,34.08333824016154,1
336_373,336,373,-117.7499967534095,33.91667156480253,1
336_375,336,375,-117.41666340269148,33.91667156480253,1
336_379,336,379,-116.74999670125544,33.91667156480253,1
336_403,336,403,-112.74999649263918,33.91667156480253,1
336_407,336,407,-112.08332979120314,33.91667156480253,1
336_572,336,572,-84.58332835696638,33.91667156480253,1
336_1734,336,1734,109.08334841020405,33.91667156480253,1
336_1789,336,1789,118.25001555494964,33.91667156480253,1
336_1867,336,1867,131.25001623295248,33.91667156480253,1
337_370,337,370,-118.24999677948654,33.75000488944352,4
337_371,337,371,-118.08333010412753,33.75000488944352,3
337_373,337,373,-117.7499967534095,33.75000488944352,1
337_374,337,374,-117.5833300780505,33.75000488944352,1
337_380,337,380,-116.58333002589643,33.75000488944352,1
337_382,337,382,-116.24999667517841,33.75000488944352,2
337_385,337,385,-115.74999664910138,33.75000488944352,2
337_406,337,406,-112.24999646656215,33.75000488944352,1
337_408,337,408,-111.91666311584413,33.75000488944352,1
337_1887,337,1887,134.5833497401327,33.75000488944352,1
338_372,338,372,-117.91666342876852,33.583338214084506,6
338_373,338,373,-117.7499967534095,33.583338214084506,1
338_384,338,384,-115.91666332446039,33.583338214084506,2
338_406,338,406,-112.24999646656215,33.583338214084506,1
338_407,338,407,-112.08332979120314,33.583338214084506,2
338_408,338,408,-111.91666311584413,33.583338214084506,1
338_410,338,410,-111.58332976512611,33.583338214084506,1
338_560,338,560,-86.5833284612745,33.583338214084506,1
338_598,338,598,-80.2499947976321,33.583338214084506,1
338_1034,338,1034,-7.583324341103435,33.583338214084506,2
338_1049,338,1049,-5.083324210718274,33.583338214084506,1
338_1803,338,1803,120.58334900997579,33.583338214084506,1
338_1862,338,1862,130.41668285615742,33.583338214084506,2
339_370,339,370,-118.24999677948654,33.416671538725495,1
339_373,339,373,-117.7499967534095,33.416671538725495,2
339_407,339,407,-112.08332979120314,33.416671538725495,1
339_410,339,410,-111.58332976512611,33.416671538725495,1
339_412,339,412,-111.24999641440809,33.416671538725495,1
339_497,339,497,-97.08332900889218,33.416671538725495,1
339_559,339,559,-86.74999513663352,33.416671538725495,1
339_588,339,588,-81.9166615512222,33.416671538725495,1
339_1048,339,1048,-5.249990886077285,33.416671538725495,1
340_375,340,375,-117.41666340269148,33.250004863366485,2
340_381,340,381,-116.41666335053742,33.250004863366485,1
340_386,340,386,-115.58332997374237,33.250004863366485,1
340_497,340,497,-97.08332900889218,33.250004863366485,1
340_1293,340,1293,35.583344576880336,33.250004863366485,6
340_1294,340,1294,35.75001125223935,33.250004863366485,5
340_1725,340,1725,107.58334833197296,33.250004863366485,1
341_376,341,376,-117.24999672733247,33.083338188007474,3
341_380,341,380,-116.58333002589643,33.083338188007474,1
341_381,341,381,-116.41666335053742,33.083338188007474,1
341_499,341,499,-96.74999565817416,33.083338188007474,2
341_1290,341,1290,35.083344550803304,33.083338188007474,7
341_1291,341,1291,35.250011226162314,33.083338188007474,2
341_1292,341,1292,35.416677901521325,33.083338188007474,1
341_1293,341,1293,35.583344576880336,33.083338188007474,20
341_1294,341,1294,35.75001125223935,33.083338188007474,4
342_376,342,376,-117.24999672733247,32.91667151264846,5
342_377,342,377,-117.08333005197346,32.91667151264846,4
342_382,342,382,-116.24999667517841,32.91667151264846,2
342_495,342,495,-97.4166623596102,32.91667151264846,1
342_496,342,496,-97.24999568425119,32.91667151264846,1
342_498,342,498,-96.91666233353317,32.91667151264846,2
342_499,342,499,-96.74999565817416,32.91667151264846,1
342_500,342,500,-96.58332898281515,32.91667151264846,2
342_976,342,976,-17.249991511926055,32.91667151264846,3
342_977,342,977,-17.083324836567044,32.91667151264846,1
342_1290,342,1290,35.083344550803304,32.91667151264846,1
342_1292,342,1292,35.416677901521325,32.91667151264846,2
342_1293,342,1293,35.583344576880336,32.91667151264846,4
343_376,343,376,-117.24999672733247,32.75000483728945,7
343_377,343,377,-117.08333005197346,32.75000483728945,3
343_481,343,481,-99.74999581463635,32.75000483728945,1
343_496,343,496,-97.24999568425119,32.75000483728945,1
343_497,343,497,-97.08332900889218,32.75000483728945,2
343_499,343,499,-96.74999565817416,32.75000483728945,1
343_500,343,500,-96.58332898281515,32.75000483728945,1
343_598,343,598,-80.2499947976321,32.75000483728945,1
343_600,343,600,-79.91666144691408,32.75000483728945,1
343_977,343,977,-17.083324836567044,32.75000483728945,5
343_978,343,978,-16.916658161208034,32.75000483728945,5
343_979,343,979,-16.749991485849023,32.75000483728945,11
343_1050,343,1050,-4.916657535359263,32.75000483728945,2
343_1206,343,1206,21.083343820646405,32.75000483728945,1
343_1289,343,1289,34.91667787544429,32.75000483728945,48
343_1290,343,1290,35.083344550803304,32.75000483728945,36
343_1291,343,1291,35.250011226162314,32.75000483728945,4
343_1292,343,1292,35.416677901521325,32.75000483728945,3
343_1293,343,1293,35.583344576880336,32.75000483728945,1
343_1526,343,1526,74.41667993552983,32.75000483728945,1
343_1867,343,1867,131.25001623295248,32.75000483728945,1
344_377,344,377,-117.08333005197346,32.58333816193044,1
344_380,344,380,-116.58333002589643,32.58333816193044,1
344_494,344,494,-97.58332903496921,32.58333816193044,1
344_495,344,495,-97.4166623596102,32.58333816193044,1
344_496,344,496,-97.24999568425119,32.58333816193044,1
344_498,344,498,-96.91666233353317,32.58333816193044,3
344_567,344,567,-85.41666173376143,32.58333816193044,1
344_978,344,978,-16.916658161208034,32.58333816193044,2
344_1289,344,1289,34.91667787544429,32.58333816193044,1
344_1290,344,1290,35.083344550803304,32.58333816193044,14
344_1292,344,1292,35.416677901521325,32.58333816193044,6
344_1293,344,1293,35.583344576880336,32.58333816193044,2
345_414,345,414,-110.91666306369007,32.41667148657143,9
345_516,345,516,-93.91666217707098,32.41667148657143,1
345_1289,345,1289,34.91667787544429,32.41667148657143,2
345_1293,345,1293,35.583344576880336,32.41667148657143,2
346_412,346,412,-111.24999641440809,32.25000481121242,1
346_414,346,414,-110.91666306369007,32.25000481121242,1
346_415,346,415,-110.74999638833106,32.25000481121242,1
346_507,346,507,-95.41666225530207,32.25000481121242,1
346_1288,346,1288,34.75001120008528,32.25000481121242,1
346_1289,346,1289,34.91667787544429,32.25000481121242,13
346_1291,346,1291,35.250011226162314,32.25000481121242,4
346_1292,346,1292,35.416677901521325,32.25000481121242,1
346_1797,346,1797,119.58334895782173,32.25000481121242,1
347_1288,347,1288,34.75001120008528,32.08333813585341,9
347_1289,347,1289,34.91667787544429,32.08333813585341,21
347_1290,347,1290,35.083344550803304,32.08333813585341,12
347_1292,347,1292,35.416677901521325,32.08333813585341,3
347_1764,347,1764,114.08334867097437,32.08333813585341,1
347_1791,347,1791,118.58334890566766,32.08333813585341,4
347_1793,347,1793,118.91668225638568,32.08333813585341,1
347_1794,347,1794,119.0833489317447,32.08333813585341,3
347_1796,347,1796,119.41668228246272,32.08333813585341,1
348_418,348,418,-110.24999636225402,31.9166714604944,1
348_594,348,594,-80.91666149906814,31.9166714604944,1
348_1288,348,1288,34.75001120008528,31.9166714604944,26
348_1289,348,1289,34.91667787544429,31.9166714604944,26
348_1290,348,1290,35.083344550803304,31.9166714604944,7
348_1784,348,1784,117.41668217815459,31.9166714604944,1
348_1792,348,1792,118.75001558102667,31.9166714604944,1
349_380,349,380,-116.58333002589643,31.75000478513539,1
349_1287,349,1287,34.58334452472627,31.75000478513539,15
349_1288,349,1288,34.75001120008528,31.75000478513539,1
349_1289,349,1289,34.91667787544429,31.75000478513539,5
349_1290,349,1290,35.083344550803304,31.75000478513539,24
349_1291,349,1291,35.250011226162314,31.75000478513539,19
349_1292,349,1292,35.416677901521325,31.75000478513539,4
350_417,350,417,-110.41666303761303,31.583338109776378,1
350_503,350,503,-96.08332895673811,31.583338109776378,1
350_1031,350,1031,-8.083324367180467,31.583338109776378,5
350_1032,350,1032,-7.916657691821456,31.583338109776378,7
350_1046,350,1046,-5.583324236795306,31.583338109776378,1
350_1052,350,1052,-4.583324184641242,31.583338109776378,1
350_1053,350,1053,-4.416657509282231,31.583338109776378,1
350_1063,350,1063,-2.7499907556921244,31.583338109776378,2
350_1288,350,1288,34.75001120008528,31.583338109776378,4
350_1289,350,1289,34.91667787544429,31.583338109776378,14
350_1290,350,1290,35.083344550803304,31.583338109776378,2
350_1291,350,1291,35.250011226162314,31.583338109776378,2
350_1292,350,1292,35.416677901521325,31.583338109776378,1
350_1802,350,1802,120.41668233461678,31.583338109776378,3
350_1804,350,1804,120.7500156853348,31.583338109776378,4
351_496,351,496,-97.24999568425119,31.416671434417367,1
351_511,351,511,-94.74999555386603,31.416671434417367,2
351_1031,351,1031,-8.083324367180467,31.416671434417367,3
351_1033,351,1033,-7.749991016462445,31.416671434417367,2
351_1047,351,1047,-5.4166575614362955,31.416671434417367,1
351_1063,351,1063,-2.7499907556921244,31.416671434417367,1
351_1286,351,1286,34.41667784936726,31.416671434417367,3
351_1288,351,1288,34.75001120008528,31.416671434417367,1
351_1290,351,1290,35.083344550803304,31.416671434417367,2
351_1291,351,1291,35.250011226162314,31.416671434417367,8
351_1292,351,1292,35.416677901521325,31.416671434417367,2
351_1540,351,1540,76.75001339055598,31.416671434417367,2
351_1708,351,1708,104.75001485086977,31.416671434417367,3
351_1801,351,1801,120.25001565925777,31.416671434417367,13
352_567,352,567,-85.41666173376143,31.250004759058356,1
352_1035,352,1035,-7.416657665744424,31.250004759058356,1
352_1056,352,1056,-3.9166574832051992,31.250004759058356,2
352_1259,352,1259,29.916677614673972,31.250004759058356,4
352_1285,352,1285,34.25001117400825,31.250004759058356,7
352_1286,352,1286,34.41667784936726,31.250004759058356,6
352_1287,352,1287,34.58334452472627,31.250004759058356,3
352_1290,352,1290,35.083344550803304,31.250004759058356,1
352_1291,352,1291,35.250011226162314,31.250004759058356,1
352_1292,352,1292,35.416677901521325,31.250004759058356,1
352_1706,352,1706,104.41668150015175,31.250004759058356,1
352_1808,352,1808,121.41668238677084,31.250004759058356,7
352_1809,352,1809,121.58334906212986,31.250004759058356,7
353_568,353,568,-85.24999505840242,31.083338083699346,1
353_1031,353,1031,-8.083324367180467,31.083338083699346,1
353_1055,353,1055,-4.08332415856421,31.083338083699346,12
353_1285,353,1285,34.25001117400825,31.083338083699346,1
353_1705,353,1705,104.25001482479274,31.083338083699346,1
353_1807,353,1807,121.25001571141183,31.083338083699346,6
353_1808,353,1808,121.41668238677084,31.083338083699346,3
354_491,354,491,-98.08332906104624,30.916671408340335,1
354_1021,354,1021,-9.749991120770574,30.916671408340335,3
354_1286,354,1286,34.41667784936726,30.916671408340335,1
354_1291,354,1291,35.250011226162314,30.916671408340335,2
354_1292,354,1292,35.416677901521325,30.916671408340335,4
354_1787,354,1787,117.91668220423162,30.916671408340335,4
354_1809,354,1809,121.58334906212986,30.916671408340335,1
355_494,355,494,-97.58332903496921,30.750004732981324,2
355_502,355,502,-96.24999563209713,30.750004732981324,1
355_526,355,526,-92.24999542348087,30.750004732981324,2
355_545,355,545,-89.08332859165967,30.750004732981324,1
355_1041,355,1041,-6.41665761359036,30.750004732981324,1
355_1291,355,1291,35.250011226162314,30.750004732981324,2
355_1703,355,1703,103.91668147407472,30.750004732981324,1
355_1764,355,1764,114.08334867097437,30.750004732981324,1
356_491,356,491,-98.08332906104624,30.583338057622313,2
356_509,356,509,-95.08332890458405,30.583338057622313,1
356_542,356,542,-89.5833286177367,30.583338057622313,1
356_550,356,550,-88.24999521486461,30.583338057622313,1
356_591,356,591,-81.41666152514517,30.583338057622313,1
356_1021,356,1021,-9.749991120770574,30.583338057622313,2
356_1289,356,1289,34.91667787544429,30.583338057622313,1
356_1704,356,1704,104.08334814943373,30.583338057622313,2
356_1705,356,1705,104.25001482479274,30.583338057622313,7
356_1765,356,1765,114.25001534633338,30.583338057622313,1
356_1766,356,1766,114.4166820216924,30.583338057622313,1
357_469,357,469,-101.74999591894448,30.416671382263303,1
357_493,357,493,-97.74999571032822,30.416671382263303,7
357_494,357,494,-97.58332903496921,30.416671382263303,1
357_497,357,497,-97.08332900889218,30.416671382263303,1
357_533,357,533,-91.0833286959678,30.416671382263303,1
357_547,357,547,-88.74999524094164,30.416671382263303,2
357_551,357,551,-88.0833285395056,30.416671382263303,1
357_555,357,555,-87.41666183806956,30.416671382263303,1
357_573,357,573,-84.41666168160737,30.416671382263303,2
357_574,357,574,-84.24999500624835,30.416671382263303,5
357_575,357,575,-84.08332833088934,30.416671382263303,1
357_1022,357,1022,-9.583324445411563,30.416671382263303,2
357_1023,357,1023,-9.416657770052552,30.416671382263303,1
357_1289,357,1289,34.91667787544429,30.416671382263303,6
357_1520,357,1520,73.41667988337576,30.416671382263303,9
357_1545,357,1545,77.58334676735103,30.416671382263303,1
357_1546,357,1546,77.75001344271004,30.416671382263303,3
357_1548,357,1548,78.08334679342806,30.416671382263303,1
357_1767,357,1767,114.5833486970514,30.416671382263303,1
358_385,358,385,-115.74999664910138,30.250004706904292,1
358_493,358,493,-97.74999571032822,30.250004706904292,1
358_494,358,494,-97.58332903496921,30.250004706904292,2
358_540,358,540,-89.91666196845472,30.250004706904292,4
358_565,358,565,-85.74999508447945,30.250004706904292,1
358_1289,358,1289,34.91667787544429,30.250004706904292,1
358_1547,358,1547,77.91668011806905,30.250004706904292,2
358_1762,358,1762,113.75001532025635,30.250004706904292,1
358_1763,358,1763,113.91668199561536,30.250004706904292,8
358_1800,358,1800,120.08334898389876,30.250004706904292,19
358_1805,358,1805,120.91668236069381,30.250004706904292,2
358_1806,358,1806,121.08334903605282,30.250004706904292,1
359_485,359,485,-99.0833291132003,30.08333803154528,6
359_491,359,491,-98.08332906104624,30.08333803154528,1
359_508,359,508,-95.24999557994306,30.08333803154528,1
359_565,359,565,-85.74999508447945,30.08333803154528,1
359_575,359,575,-84.08332833088934,30.08333803154528,1
359_1267,359,1267,31.250011017546058,30.08333803154528,2
359_1268,359,1268,31.41667769290507,30.08333803154528,1
359_1288,359,1288,34.75001120008528,30.08333803154528,1
359_1289,359,1289,34.91667787544429,30.08333803154528,13
359_1290,359,1290,35.083344550803304,30.08333803154528,2
359_1794,359,1794,119.0833489317447,30.08333803154528,1
359_1813,359,1813,122.2500157635659,30.08333803154528,1
359_1814,359,1814,122.41668243892491,30.08333803154528,1
360_492,360,492,-97.91666238568723,29.91667135618627,1
360_507,360,507,-95.41666225530207,29.91667135618627,1
360_583,360,583,-82.74999492801726,29.91667135618627,1
360_1266,360,1266,31.083344342187047,29.91667135618627,2
360_1267,360,1267,31.250011017546058,29.91667135618627,6
360_1288,360,1288,34.75001120008528,29.91667135618627,1
360_1289,360,1289,34.91667787544429,29.91667135618627,2
360_1290,360,1290,35.083344550803304,29.91667135618627,4
360_1788,360,1788,118.08334887959063,29.91667135618627,9
360_1809,360,1809,121.58334906212986,29.91667135618627,1
360_1812,360,1812,122.08334908820689,29.91667135618627,2
361_489,361,489,-98.41666241176426,29.75000468082726,1
361_503,361,503,-96.08332895673811,29.75000468082726,1
361_506,361,506,-95.58332893066108,29.75000468082726,1
361_532,361,532,-91.2499953713268,29.75000468082726,1
361_591,361,591,-81.41666152514517,29.75000468082726,4
361_1289,361,1289,34.91667787544429,29.75000468082726,1
361_1290,361,1290,35.083344550803304,29.75000468082726,426
361_1809,361,1809,121.58334906212986,29.75000468082726,1
361_1810,361,1810,121.75001573748887,29.75000468082726,1
362_487,362,487,-98.74999576248229,29.58333800546825,2
362_488,362,488,-98.58332908712327,29.58333800546825,2
362_506,362,506,-95.58332893066108,29.58333800546825,2
362_507,362,507,-95.41666225530207,29.58333800546825,1
362_509,362,509,-95.08332890458405,29.58333800546825,1
362_1289,362,1289,34.91667787544429,29.58333800546825,5
362_1700,362,1700,103.41668144799769,29.58333800546825,1
362_1718,362,1718,106.41668160445988,29.58333800546825,1
362_1719,362,1719,106.58334827981889,29.58333800546825,2
363_489,363,489,-98.41666241176426,29.41667133010924,3
363_509,363,509,-95.08332890458405,29.41667133010924,1
363_1019,363,1019,-10.083324471488595,29.41667133010924,1
363_1799,363,1799,119.91668230853975,29.41667133010924,1
365_494,365,494,-97.58332903496921,29.083337979391217,2
365_585,365,585,-82.41666157729924,29.083337979391217,1
365_593,365,593,-81.08332817442715,29.083337979391217,1
365_997,365,997,-13.74999132938683,29.083337979391217,1
365_998,365,998,-13.58332465402782,29.083337979391217,2
366_500,366,500,-96.58332898281515,28.916671304032207,1
366_583,366,583,-82.74999492801726,28.916671304032207,2
366_592,366,592,-81.24999484978616,28.916671304032207,1
366_973,366,973,-17.749991538003087,28.916671304032207,12
366_996,366,996,-13.916658004745841,28.916671304032207,3
366_998,366,998,-13.58332465402782,28.916671304032207,1
367_399,367,399,-113.41666319407523,28.750004628673196,1
367_588,367,588,-81.9166615512222,28.750004628673196,2
367_592,367,592,-81.24999484978616,28.750004628673196,1
367_972,367,972,-17.916658213362098,28.750004628673196,2
367_973,367,973,-17.749991538003087,28.750004628673196,49
367_995,367,995,-14.083324680104852,28.750004628673196,1
367_1542,367,1542,77.083346741274,28.750004628673196,1
368_591,368,591,-81.41666152514517,28.583337953314185,1
368_592,368,592,-81.24999484978616,28.583337953314185,4
368_593,368,593,-81.08332817442715,28.583337953314185,1
368_595,368,595,-80.74999482370913,28.583337953314185,1
368_972,368,972,-17.916658213362098,28.583337953314185,6
368_973,368,973,-17.749991538003087,28.583337953314185,4
368_981,368,981,-16.416658135131,28.583337953314185,7
368_982,368,982,-16.24999145977199,28.583337953314185,50
368_995,368,995,-14.083324680104852,28.583337953314185,1
368_996,368,996,-13.916658004745841,28.583337953314185,11
368_1367,368,1367,47.91667855344713,28.583337953314185,1
368_1543,368,1543,77.25001341663301,28.583337953314185,4
369_498,369,498,-96.91666233353317,28.416671277955174,1
369_591,369,591,-81.41666152514517,28.416671277955174,1
369_972,369,972,-17.916658213362098,28.416671277955174,4
369_978,369,978,-16.916658161208034,28.416671277955174,1
369_979,369,979,-16.749991485849023,28.416671277955174,4
369_980,369,980,-16.583324810490012,28.416671277955174,17
369_981,369,981,-16.416658135131,28.416671277955174,13
369_982,369,982,-16.24999145977199,28.416671277955174,7
369_995,369,995,-14.083324680104852,28.416671277955174,4
369_996,369,996,-13.916658004745841,28.416671277955174,5
369_1564,369,1564,80.75001359917223,28.416671277955174,1
369_1798,369,1798,119.75001563318074,28.416671277955174,3
369_1799,369,1799,119.91668230853975,28.416671277955174,4
370_499,370,499,-96.74999565817416,28.250004602596164,1
370_588,370,588,-81.9166615512222,28.250004602596164,1
370_596,370,596,-80.58332814835012,28.250004602596164,1
370_978,370,978,-16.916658161208034,28.250004602596164,3
370_979,370,979,-16.749991485849023,28.250004602596164,22
370_980,370,980,-16.583324810490012,28.250004602596164,11
370_981,370,981,-16.416658135131,28.250004602596164,11
370_1857,370,1857,129.58334947936237,28.250004602596164,2
371_497,371,497,-97.08332900889218,28.083337927237153,3
371_583,371,583,-82.74999492801726,28.083337927237153,2
371_588,371,588,-81.9166615512222,28.083337927237153,3
371_589,371,589,-81.7499948758632,28.083337927237153,2
371_979,371,979,-16.749991485849023,28.083337927237153,35
371_980,371,980,-16.583324810490012,28.083337927237153,20
371_986,371,986,-15.583324758335948,28.083337927237153,5
371_987,371,987,-15.416658082976937,28.083337927237153,1
371_993,371,993,-14.416658030822873,28.083337927237153,5
371_994,371,994,-14.249991355463862,28.083337927237153,2
371_1652,371,1652,95.41668103076518,28.083337927237153,1
372_493,372,493,-97.74999571032822,27.916671251878142,1
372_583,372,583,-82.74999492801726,27.916671251878142,1
372_585,372,585,-82.41666157729924,27.916671251878142,1
372_586,372,586,-82.24999490194023,27.916671251878142,1
372_588,372,588,-81.9166615512222,27.916671251878142,2
372_590,372,590,-81.58332820050418,27.916671251878142,1
372_596,372,596,-80.58332814835012,27.916671251878142,1
372_1285,372,1285,34.25001117400825,27.916671251878142,13
372_1286,372,1286,34.41667784936726,27.916671251878142,9
372_1600,372,1600,86.75001391209662,27.916671251878142,1
372_1787,372,1787,117.91668220423162,27.916671251878142,2
373_473,373,473,-101.08332921750844,27.75000457651913,1
373_495,373,495,-97.4166623596102,27.75000457651913,1
373_496,373,496,-97.24999568425119,27.75000457651913,1
373_583,373,583,-82.74999492801726,27.75000457651913,1
373_585,373,585,-82.41666157729924,27.75000457651913,2
373_596,373,596,-80.58332814835012,27.75000457651913,1
373_597,373,597,-80.41666147299111,27.75000457651913,1
373_986,373,986,-15.583324758335948,27.75000457651913,5
373_1285,373,1285,34.25001117400825,27.75000457651913,1
373_1591,373,1591,85.25001383386552,27.75000457651913,1
374_591,374,591,-81.41666152514517,27.58333790116012,1
374_1796,374,1796,119.41668228246272,27.58333790116012,1
375_492,375,492,-97.91666238568723,27.41667122580111,1
375_591,375,591,-81.41666152514517,27.41667122580111,1
375_1622,375,1622,90.41668076999485,27.41667122580111,1
375_1626,375,1626,91.0833474714309,27.41667122580111,1
376_584,376,584,-82.58332825265825,27.2500045504421,1
376_586,376,586,-82.24999490194023,27.2500045504421,1
376_595,376,595,-80.74999482370913,27.2500045504421,1
376_1283,376,1283,33.91667782329023,27.2500045504421,10
376_1538,376,1538,76.41668003983796,27.2500045504421,1
376_1609,376,1609,88.25001399032772,27.2500045504421,1
376_1623,376,1623,90.58334744535387,27.2500045504421,1
376_1624,376,1624,90.75001412071288,27.2500045504421,2
376_1627,376,1627,91.25001414678991,27.2500045504421,1
377_1283,377,1283,33.91667782329023,27.08333787508309,2
377_1535,377,1535,75.91668001376092,27.08333787508309,2
377_1624,377,1624,90.75001412071288,27.08333787508309,1
378_599,378,599,-80.08332812227309,26.916671199724078,2
378_1534,378,1534,75.75001333840191,26.916671199724078,3
378_1647,378,1647,94.58334765397012,26.916671199724078,3
379_595,379,595,-80.74999482370913,26.750004524365067,4
379_599,379,599,-80.08332812227309,26.750004524365067,1
379_1643,379,1643,93.91668095253408,26.750004524365067,3
379_1849,379,1849,128.25001607649028,26.750004524365067,1
380_485,380,485,-99.0833291132003,26.583337849006057,1
380_588,380,588,-81.9166615512222,26.583337849006057,1
380_598,380,598,-80.2499947976321,26.583337849006057,1
380_599,380,599,-80.08332812227309,26.583337849006057,4
380_1720,380,1720,106.7500149551779,26.583337849006057,1
380_1848,380,1848,128.08334940113127,26.583337849006057,1
381_493,381,493,-97.74999571032822,26.416671173647046,1
381_587,381,587,-82.08332822658122,26.416671173647046,2
381_592,381,592,-81.24999484978616,26.416671173647046,1
381_598,381,598,-80.2499947976321,26.416671173647046,1
381_599,381,599,-80.08332812227309,26.416671173647046,8
381_1846,381,1846,127.75001605041325,26.416671173647046,1
381_1847,381,1847,127.91668272577226,26.416671173647046,3
382_489,382,489,-98.41666241176426,26.250004498288035,43
382_491,382,491,-98.08332906104624,26.250004498288035,1
382_589,382,589,-81.7499948758632,26.250004498288035,1
382_1795,382,1795,119.2500156071037,26.250004498288035,1
382_1846,382,1846,127.75001605041325,26.250004498288035,1
383_492,383,492,-97.91666238568723,26.083337822929025,1
383_496,383,496,-97.24999568425119,26.083337822929025,2
383_589,383,589,-81.7499948758632,26.083337822929025,1
383_599,383,599,-80.08332812227309,26.083337822929025,1
383_1538,383,1538,76.41668003983796,26.083337822929025,1
383_1795,383,1795,119.2500156071037,26.083337822929025,8
384_494,384,494,-97.58332903496921,25.916671147570014,1
384_495,384,495,-97.4166623596102,25.916671147570014,1
384_599,384,599,-80.08332812227309,25.916671147570014,1
384_1794,384,1794,119.0833489317447,25.916671147570014,1
385_593,385,593,-81.08332817442715,25.750004472211003,1
385_595,385,595,-80.74999482370913,25.750004472211003,2
385_596,385,596,-80.58332814835012,25.750004472211003,1
385_598,385,598,-80.2499947976321,25.750004472211003,1
385_599,385,599,-80.08332812227309,25.750004472211003,1
385_612,385,612,-77.91666134260595,25.750004472211003,1
385_1275,385,1275,32.58334442041814,25.750004472211003,1
385_1791,385,1791,118.58334890566766,25.750004472211003,1
385_1796,385,1796,119.41668228246272,25.750004472211003,1
386_478,386,478,-100.24999584071338,25.583337796851993,1
386_597,386,597,-80.41666147299111,25.583337796851993,1
386_1287,386,1287,34.58334452472627,25.583337796851993,1
386_1590,386,1590,85.08334715850651,25.583337796851993,4
387_473,387,473,-101.08332921750844,25.416671121492982,2
387_596,387,596,-80.58332814835012,25.416671121492982,3
387_1389,387,1389,51.58334541134536,25.416671121492982,2
387_1412,387,1412,55.41667894460261,25.416671121492982,1
387_1416,387,1416,56.08334564603865,25.416671121492982,1
387_1443,387,1443,60.58334588073194,25.416671121492982,3
387_1570,387,1570,81.7500136513263,25.416671121492982,1
387_1571,387,1571,81.91668032668531,25.416671121492982,14
387_1589,387,1589,84.9166804831475,25.416671121492982,2
388_479,388,479,-100.08332916535437,25.25000444613397,1
388_594,388,594,-80.91666149906814,25.25000444613397,1
388_1288,388,1288,34.75001120008528,25.25000444613397,1
388_1389,388,1389,51.58334541134536,25.25000444613397,2
388_1412,388,1412,55.41667894460261,25.25000444613397,1
388_1808,388,1808,121.41668238677084,25.25000444613397,1
388_1809,388,1809,121.58334906212986,25.25000444613397,10
389_1386,389,1386,51.08334538526833,25.08333777077496,1
389_1411,389,1411,55.2500122692436,25.08333777077496,2
389_1415,389,1415,55.91667897067964,25.08333777077496,1
389_1416,389,1416,56.08334564603865,25.08333777077496,1
389_1518,389,1518,73.08334653265774,25.08333777077496,1
389_1696,389,1696,102.75001474656165,25.08333777077496,5
389_1807,389,1807,121.25001571141183,25.08333777077496,18
389_1808,389,1808,121.41668238677084,25.08333777077496,26
389_1809,389,1809,121.58334906212986,25.08333777077496,103
389_1810,389,1810,121.75001573748887,25.08333777077496,38
389_1811,389,1811,121.91668241284788,25.08333777077496,13
390_596,390,596,-80.58332814835012,24.91667109541595,1
390_1411,390,1411,55.2500122692436,24.91667109541595,1
390_1412,390,1412,55.41667894460261,24.91667109541595,1
390_1482,390,1482,67.08334621973336,24.91667109541595,1
390_1805,390,1805,120.91668236069381,24.91667109541595,1
390_1806,390,1806,121.08334903605282,24.91667109541595,2
390_1807,390,1807,121.25001571141183,24.91667109541595,7
390_1808,390,1808,121.41668238677084,24.91667109541595,10
390_1809,390,1809,121.58334906212986,24.91667109541595,23
390_1810,390,1810,121.75001573748887,24.91667109541595,17
391_435,391,435,-107.41666288115084,24.75000442005694,6
391_594,391,594,-80.91666149906814,24.75000442005694,1
391_595,391,595,-80.74999482370913,24.75000442005694,1
391_1411,391,1411,55.2500122692436,24.75000442005694,1
391_1482,391,1482,67.08334621973336,24.75000442005694,1
391_1643,391,1643,93.91668095253408,24.75000442005694,1
391_1805,391,1805,120.91668236069381,24.75000442005694,17
391_1806,391,1806,121.08334903605282,24.75000442005694,12
391_1807,391,1807,121.25001571141183,24.75000442005694,2
391_1809,391,1809,121.58334906212986,24.75000442005694,3
391_1810,391,1810,121.75001573748887,24.75000442005694,3
392_1507,392,1507,71.25001310370862,24.58333774469793,1
392_1787,392,1787,117.91668220423162,24.58333774469793,7
392_1790,392,1790,118.41668223030865,24.58333774469793,2
392_1804,392,1804,120.7500156853348,24.58333774469793,1
392_1805,392,1805,120.91668236069381,24.58333774469793,1
392_1810,392,1810,121.75001573748887,24.58333774469793,3
392_1811,392,1811,121.91668241284788,24.58333774469793,7
393_417,393,417,-110.41666303761303,24.416671069338918,1
393_988,393,988,-15.249991407617927,24.416671069338918,1
393_1407,393,1407,54.583345567807555,24.416671069338918,2
393_1633,393,1633,92.25001419894397,24.416671069338918,1
393_1754,393,1754,112.41668191738427,24.416671069338918,2
393_1789,393,1789,118.25001555494964,24.416671069338918,4
393_1790,393,1790,118.41668223030865,24.416671069338918,1
393_1804,393,1804,120.7500156853348,24.416671069338918,3
393_1805,393,1805,120.91668236069381,24.416671069338918,16
393_1807,393,1807,121.25001571141183,24.416671069338918,1
393_1809,393,1809,121.58334906212986,24.416671069338918,1
394_1614,394,1614,89.08334736712277,24.250004393979907,1
394_1632,394,1632,92.08334752358496,24.250004393979907,1
394_1803,394,1803,120.58334900997579,24.250004393979907,12
394_1804,394,1804,120.7500156853348,24.250004393979907,3
394_1805,394,1805,120.91668236069381,24.250004393979907,10
394_1806,394,1806,121.08334903605282,24.250004393979907,2
395_1614,395,1614,89.08334736712277,24.083337718620896,8
395_1802,395,1802,120.41668233461678,24.083337718620896,5
395_1804,395,1804,120.7500156853348,24.083337718620896,3
395_1807,395,1807,121.25001571141183,24.083337718620896,1
395_1809,395,1809,121.58334906212986,24.083337718620896,4
396_1803,396,1803,120.58334900997579,23.916671043261886,1
396_1804,396,1804,120.7500156853348,23.916671043261886,1
396_1805,396,1805,120.91668236069381,23.916671043261886,2
396_1809,396,1809,121.58334906212986,23.916671043261886,1
397_421,397,421,-109.74999633617699,23.750004367902875,1
397_1757,397,1757,112.9166819434613,23.750004367902875,1
397_1801,397,1801,120.25001565925777,23.750004367902875,1
397_1802,397,1802,120.41668233461678,23.750004367902875,1
397_1803,397,1803,120.58334900997579,23.750004367902875,3
397_1804,397,1804,120.7500156853348,23.750004367902875,6
397_1805,397,1805,120.91668236069381,23.750004367902875,1
398_1428,398,1428,58.08334575034678,23.583337692543864,1
398_1430,398,1430,58.4166791010648,23.583337692543864,5
398_1762,398,1762,113.75001532025635,23.583337692543864,1
398_1797,398,1797,119.58334895782173,23.583337692543864,3
398_1798,398,1798,119.75001563318074,23.583337692543864,1
398_1802,398,1802,120.41668233461678,23.583337692543864,4
398_1803,398,1803,120.58334900997579,23.583337692543864,37
398_1804,398,1804,120.7500156853348,23.583337692543864,21
399_1432,399,1432,58.75001245178282,23.416671017184854,2
399_1433,399,1433,58.91667912714183,23.416671017184854,1
399_1515,399,1515,72.58334650658071,23.416671017184854,1
399_1690,399,1690,101.75001469440758,23.416671017184854,1
399_1800,399,1800,120.08334898389876,23.416671017184854,1
399_1802,399,1802,120.41668233461678,23.416671017184854,6
399_1803,399,1803,120.58334900997579,23.416671017184854,1
399_1804,399,1804,120.7500156853348,23.416671017184854,1
399_1805,399,1805,120.91668236069381,23.416671017184854,1
400_1544,400,1544,77.41668009199202,23.250004341825843,1
400_1759,400,1759,113.25001529417932,23.250004341825843,1
400_1760,400,1760,113.41668196953833,23.250004341825843,2
400_1761,400,1761,113.58334864489734,23.250004341825843,1
400_1762,400,1762,113.75001532025635,23.250004341825843,14
400_1800,400,1800,120.08334898389876,23.250004341825843,1
400_1801,400,1801,120.25001565925777,23.250004341825843,1
400_1803,400,1803,120.58334900997579,23.250004341825843,2
400_1806,400,1806,121.08334903605282,23.250004341825843,2
400_1807,400,1807,121.25001571141183,23.250004341825843,3
401_1425,401,1425,57.58334572426975,23.083337666466832,3
401_1515,401,1515,72.58334650658071,23.083337666466832,2
401_1560,401,1560,80.08334689773619,23.083337666466832,2
401_1759,401,1759,113.25001529417932,23.083337666466832,1
401_1801,401,1801,120.25001565925777,23.083337666466832,8
401_1804,401,1804,120.7500156853348,23.083337666466832,8
402_1425,402,1425,57.58334572426975,22.91667099110782,2
402_1426,402,1426,57.75001239962876,22.91667099110782,5
402_1511,402,1511,71.91667980514467,22.91667099110782,2
402_1512,402,1512,72.08334648050368,22.91667099110782,13
402_1513,402,1513,72.25001315586269,22.91667099110782,1
402_1757,402,1757,112.9166819434613,22.91667099110782,1
402_1801,402,1801,120.25001565925777,22.91667099110782,10
402_1803,402,1803,120.58334900997579,22.91667099110782,23
402_1804,402,1804,120.7500156853348,22.91667099110782,1
402_1807,402,1807,121.25001571141183,22.91667099110782,1
403_1428,403,1428,58.08334575034678,22.75000431574881,1
403_1510,403,1510,71.75001312978566,22.75000431574881,1
403_1512,403,1512,72.08334648050368,22.75000431574881,13
403_1763,403,1763,113.91668199561536,22.75000431574881,5
403_1765,403,1765,114.25001534633338,22.75000431574881,1
403_1801,403,1801,120.25001565925777,22.75000431574881,16
403_1802,403,1802,120.41668233461678,22.75000431574881,1
403_1803,403,1803,120.58334900997579,22.75000431574881,2
403_1804,403,1804,120.7500156853348,22.75000431574881,8
403_1805,403,1805,120.91668236069381,22.75000431574881,2
403_1806,403,1806,121.08334903605282,22.75000431574881,1
404_1610,404,1610,88.41668066568673,22.5833376403898,1
404_1762,404,1762,113.75001532025635,22.5833376403898,1
404_1763,404,1763,113.91668199561536,22.5833376403898,8
404_1764,404,1764,114.08334867097437,22.5833376403898,37
404_1765,404,1765,114.25001534633338,22.5833376403898,9
404_1766,404,1766,114.4166820216924,22.5833376403898,9
404_1801,404,1801,120.25001565925777,22.5833376403898,20
404_1802,404,1802,120.41668233461678,22.5833376403898,3
404_1803,404,1803,120.58334900997579,22.5833376403898,3
404_1804,404,1804,120.7500156853348,22.5833376403898,2
405_1609,405,1609,88.25001399032772,22.41667096503079,4
405_1760,405,1760,113.41668196953833,22.41667096503079,1
405_1763,405,1763,113.91668199561536,22.41667096503079,20
405_1764,405,1764,114.08334867097437,22.41667096503079,34
405_1765,405,1765,114.25001534633338,22.41667096503079,41
405_1766,405,1766,114.4166820216924,22.41667096503079,2
405_1802,405,1802,120.41668233461678,22.41667096503079,7
405_1804,405,1804,120.7500156853348,22.41667096503079,1
406_123,406,123,-159.41666559316218,22.25000428967178,2
406_1519,406,1519,73.25001320801675,22.25000428967178,1
406_1620,406,1620,90.08334741927683,22.25000428967178,1
406_1763,406,1763,113.91668199561536,22.25000428967178,15
406_1764,406,1764,114.08334867097437,22.25000428967178,15
406_1765,406,1765,114.25001534633338,22.25000428967178,11
406_1805,406,1805,120.91668236069381,22.25000428967178,2
407_121,407,121,-159.7499989438802,22.083337614312768,3
407_1520,407,1520,73.41667988337576,22.083337614312768,4
407_1659,407,1659,96.58334775827825,22.083337614312768,1
407_1748,407,1748,111.4166818652302,22.083337614312768,1
407_1761,407,1761,113.58334864489734,22.083337614312768,1
407_1764,407,1764,114.08334867097437,22.083337614312768,1
407_1804,407,1804,120.7500156853348,22.083337614312768,5
407_1805,407,1805,120.91668236069381,22.083337614312768,5
408_122,408,122,-159.5833322685212,21.916670938953757,1
408_466,408,466,-102.24999594502151,21.916670938953757,3
408_1685,408,1685,100.91668131761253,21.916670938953757,1
408_1804,408,1804,120.7500156853348,21.916670938953757,8
408_1805,408,1805,120.91668236069381,21.916670938953757,2
409_1685,409,1685,100.91668131761253,21.750004263594747,1
410_131,410,131,-158.0833321902901,21.583337588235736,1
410_448,410,448,-105.2499961014837,21.583337588235736,1
410_1540,410,1540,76.75001339055598,21.583337588235736,8
411_131,411,131,-158.0833321902901,21.416670912876725,1
411_1539,411,1539,76.58334671519697,21.416670912876725,13
411_1741,411,1741,110.25001513771713,21.416670912876725,1
411_1742,411,1742,110.41668181307614,21.416670912876725,1
412_133,412,133,-157.74999883957207,21.250004237517715,1
412_1742,412,1742,110.41668181307614,21.250004237517715,1
413_1510,413,1510,71.75001312978566,21.083337562158704,1
413_1715,413,1715,105.91668157838285,21.083337562158704,1
414_455,414,455,-104.08332937397063,20.916670886799693,1
414_542,414,542,-89.5833286177367,20.916670886799693,1
414_558,414,558,-86.91666181199253,20.916670886799693,1
415_141,415,141,-156.4166654367,20.750004211440682,2
415_143,415,143,-156.08333208598197,20.750004211440682,1
415_144,415,144,-155.91666541062295,20.750004211440682,1
415_447,415,447,-105.41666277684271,20.750004211440682,73
415_459,415,459,-103.41666267253458,20.750004211440682,2
416_141,416,141,-156.4166654367,20.58333753608167,2
416_557,416,557,-87.08332848735154,20.58333753608167,1
416_558,416,558,-86.91666181199253,20.58333753608167,1
416_1559,416,1559,79.91668022237718,20.58333753608167,3
417_458,417,458,-103.5833293478936,20.41667086072266,1
417_558,417,558,-86.91666181199253,20.41667086072266,1
418_1555,418,1555,79.25001352094114,20.25000418536365,1
418_1715,418,1715,105.91668157838285,20.25000418536365,1
418_1739,418,1739,109.9166817869991,20.25000418536365,1
419_1593,419,1593,85.58334718458354,20.08333751000464,2
419_1674,419,1674,99.08334788866341,20.08333751000464,9
419_1675,419,1675,99.25001456402242,20.08333751000464,1
419_1678,419,1678,99.75001459009945,20.08333751000464,1
419_1741,419,1741,110.25001513771713,20.08333751000464,4
420_144,420,144,-155.91666541062295,19.91667083464563,1
420_1516,420,1516,72.75001318193972,19.91667083464563,1
420_1517,420,1517,72.91667985729873,19.91667083464563,1
420_1532,420,1532,75.41667998768389,19.91667083464563,1
420_1674,420,1674,99.08334788866341,19.91667083464563,5
420_1675,420,1675,99.25001456402242,19.91667083464563,1
420_1692,420,1692,102.0833480451256,19.91667083464563,1
420_1741,420,1741,110.25001513771713,19.91667083464563,2
421_144,421,144,-155.91666541062295,19.75000415928662,2
421_147,421,147,-155.41666538454592,19.75000415928662,1
421_480,421,480,-99.91666248999536,19.75000415928662,1
421_1674,421,1674,99.08334788866341,19.75000415928662,3
421_1735,421,1735,109.25001508556306,19.75000415928662,2
422_144,422,144,-155.91666541062295,19.583337483927608,2
422_485,422,485,-99.0833291132003,19.583337483927608,2
422_1523,422,1523,73.9166799094528,19.583337483927608,1
422_1734,422,1734,109.08334841020405,19.583337483927608,1
423_148,423,148,-155.2499987091869,19.416670808568597,3
423_485,423,485,-99.0833291132003,19.416670808568597,2
423_1582,423,1582,83.75001375563443,19.416670808568597,3
423_1588,423,1588,84.75001380778849,19.416670808568597,1
423_1673,423,1673,98.9166812133044,19.416670808568597,1
424_479,424,479,-100.08332916535437,19.250004133209586,1
424_484,424,484,-99.24999578855932,19.250004133209586,1
424_485,424,485,-99.0833291132003,19.250004133209586,1
424_553,424,553,-87.74999518878758,19.250004133209586,1
424_554,424,554,-87.58332851342857,19.250004133209586,1
424_592,424,592,-81.24999484978616,19.250004133209586,1
424_1517,424,1517,72.91667985729873,19.250004133209586,5
424_1673,424,1673,98.9166812133044,19.250004133209586,1
424_1734,424,1734,109.08334841020405,19.250004133209586,1
425_502,425,502,-96.24999563209713,19.083337457850575,1
425_1516,425,1516,72.75001318193972,19.083337457850575,1
425_1517,425,1517,72.91667985729873,19.083337457850575,17
425_1518,425,1518,73.08334653265774,19.083337457850575,11
425_1522,425,1522,73.75001323409379,19.083337457850575,1
425_1694,425,1694,102.41668139584363,19.083337457850575,1
425_1731,425,1731,108.58334838412702,19.083337457850575,8
425_1735,425,1735,109.25001508556306,19.083337457850575,1
425_1738,425,1738,109.7500151116401,19.083337457850575,1
426_484,426,484,-99.24999578855932,18.916670782491565,1
426_1516,426,1516,72.75001318193972,18.916670782491565,5
426_1520,426,1520,73.41667988337576,18.916670782491565,1
426_1523,426,1523,73.9166799094528,18.916670782491565,1
426_1571,426,1571,81.91668032668531,18.916670782491565,1
427_548,427,548,-88.58332856558263,18.750004107132554,1
427_1517,427,1517,72.91667985729873,18.750004107132554,3
427_1673,427,1673,98.9166812133044,18.750004107132554,2
427_1678,427,1678,99.75001459009945,18.750004107132554,1
427_1732,427,1732,108.75001505948603,18.750004107132554,4
427_1733,427,1733,108.91668173484504,18.750004107132554,7
427_1742,427,1742,110.41668181307614,18.750004107132554,1
427_1743,427,1743,110.58334848843515,18.750004107132554,2
428_1517,428,1517,72.91667985729873,18.583337431773543,2
428_1522,428,1522,73.75001323409379,18.583337431773543,7
428_1671,428,1671,98.58334786258638,18.583337431773543,5
428_1674,428,1674,99.08334788866341,18.583337431773543,3
428_1732,428,1732,108.75001505948603,18.583337431773543,1
428_1733,428,1733,108.91668173484504,18.583337431773543,2
428_1740,428,1740,110.08334846235812,18.583337431773543,1
429_617,429,617,-77.0833279658109,18.416670756414533,1
429_684,429,684,-65.91666071675718,18.416670756414533,1
429_1522,429,1522,73.75001323409379,18.416670756414533,4
429_1681,429,1681,100.25001461617649,18.416670756414533,3
429_1682,429,1682,100.4166812915355,18.416670756414533,1
429_1736,429,1736,109.41668176092207,18.416670756414533,1
430_691,430,691,-64.7499939892441,18.250004081055522,1
430_1737,430,1737,109.58334843628109,18.250004081055522,4
431_619,431,619,-76.74999461509287,18.08333740569651,1
431_1524,431,1524,74.0833465848118,18.08333740569651,1
432_619,432,619,-76.74999461509287,17.9166707303375,1
432_683,432,683,-66.08332739211619,17.9166707303375,1
432_1580,432,1580,83.4166804049164,17.9166707303375,2
432_1581,432,1581,83.58334708027542,17.9166707303375,2
433_470,433,470,-101.58332924358547,17.75000405497849,1
433_1579,433,1579,83.2500137295574,17.75000405497849,2
433_1580,433,1580,83.4166804049164,17.75000405497849,1
433_1696,433,1696,102.75001474656165,17.75000405497849,1
434_470,434,470,-101.58332924358547,17.58333737961948,1
434_1578,434,1578,83.08334705419838,17.58333737961948,2
434_1702,434,1702,103.75001479871571,17.58333737961948,3
434_1810,434,1810,121.75001573748887,17.58333737961948,1
435_1521,435,1521,73.58334655873477,17.41667070426047,1
435_1549,435,1549,78.25001346878707,17.41667070426047,4
435_1550,435,1550,78.41668014414608,17.41667070426047,17
435_1551,435,1551,78.5833468195051,17.41667070426047,10
436_515,436,515,-94.08332885242999,17.250004028901458,1
436_929,436,929,-25.083325253799558,17.250004028901458,1
437_493,437,493,-97.74999571032822,17.083337353542447,1
437_499,437,499,-96.74999565817416,17.083337353542447,4
437_1696,437,1696,102.75001474656165,17.083337353542447,2
438_930,438,930,-24.916658578440547,16.916670678183436,1
439_1681,439,1681,100.25001461617649,16.750004002824426,1
439_1689,439,1689,101.58334801904857,16.750004002824426,1
440_991,440,991,-14.749991381540895,16.583337327465415,1
441_564,441,564,-85.91666175983846,16.416670652106404,3
441_1684,441,1684,100.75001464225352,16.416670652106404,1
441_1696,441,1696,102.75001474656165,16.416670652106404,1
441_1802,441,1802,120.41668233461678,16.416670652106404,2
441_1803,441,1803,120.58334900997579,16.416670652106404,2
442_560,442,560,-86.5833284612745,16.250003976747394,1
442_1570,442,1570,81.7500136513263,16.250003976747394,1
442_1684,442,1684,100.75001464225352,16.250003976747394,3
443_501,443,501,-96.41666230745614,16.083337301388383,2
443_1729,443,1729,108.250015033409,16.083337301388383,2
443_1804,443,1804,120.7500156853348,16.083337301388383,2
444_709,444,709,-61.74999383278191,15.916670626029372,1
444_1526,444,1526,74.41667993552983,15.916670626029372,1
444_1703,444,1703,103.91668147407472,15.916670626029372,1
444_1730,444,1730,108.41668170876801,15.916670626029372,1
445_503,445,503,-96.08332895673811,15.750003950670362,2
445_1523,445,1523,73.9166799094528,15.750003950670362,7
445_1524,445,1524,74.0833465848118,15.750003950670362,3
446_1523,446,1523,73.9166799094528,15.58333727531135,1
447_1522,447,1522,73.75001323409379,15.41667059995234,1
447_1523,447,1523,73.9166799094528,15.41667059995234,4
448_1523,448,1523,73.9166799094528,15.25000392459333,2
450_1682,450,1682,100.4166812915355,14.916670573875308,1
450_1683,450,1683,100.58334796689451,14.916670573875308,2
451_1805,451,1805,120.91668236069381,14.750003898516297,1
451_1806,451,1806,121.08334903605282,14.750003898516297,2
452_535,452,535,-90.74999534524977,14.583337223157287,1
452_977,452,977,-17.083324836567044,14.583337223157287,4
452_984,452,984,-15.91665810905397,14.583337223157287,1
452_1672,452,1672,98.75001453794539,14.583337223157287,1
452_1685,452,1685,100.91668131761253,14.583337223157287,1
452_1806,452,1806,121.08334903605282,14.583337223157287,4
453_1687,453,1687,101.25001466833055,14.416670547798276,1
453_1688,453,1688,101.41668134368956,14.416670547798276,3
453_1696,453,1696,102.75001474656165,14.416670547798276,1
453_1698,453,1698,103.08334809727967,14.416670547798276,3
453_1806,453,1806,121.08334903605282,14.416670547798276,2
454_1687,454,1687,101.25001466833055,14.250003872439265,2
454_1805,454,1805,120.91668236069381,14.250003872439265,1
455_1687,455,1687,101.25001466833055,14.083337197080255,6
455_1807,455,1807,121.25001571141183,14.083337197080255,1
456_1690,456,1690,101.75001469440758,13.916670521721244,1
457_981,457,981,-16.416658135131,13.750003846362233,2
457_1531,457,1531,75.25001331232488,13.750003846362233,2
457_1541,457,1541,76.91668006591499,13.750003846362233,3
457_1680,457,1680,100.08334794081748,13.750003846362233,4
457_1681,457,1681,100.25001461617649,13.750003846362233,3
457_1682,457,1682,100.4166812915355,13.750003846362233,4
457_1683,457,1683,100.58334796689451,13.750003846362233,7
457_1684,457,1684,100.75001464225352,13.750003846362233,6
457_1690,457,1690,101.75001469440758,13.750003846362233,5
457_1805,457,1805,120.91668236069381,13.750003846362233,3
457_1823,457,1823,123.916682517156,13.750003846362233,2
458_561,458,561,-86.4166617859155,13.583337171003222,1
458_980,458,980,-16.583324810490012,13.583337171003222,2
458_981,458,981,-16.416658135131,13.583337171003222,2
458_1528,458,1528,74.75001328624785,13.583337171003222,3
458_1545,458,1545,77.58334676735103,13.583337171003222,1
458_1547,458,1547,77.91668011806905,13.583337171003222,1
458_1681,458,1681,100.25001461617649,13.583337171003222,5
458_1682,458,1682,100.4166812915355,13.583337171003222,2
458_1683,458,1683,100.58334796689451,13.583337171003222,5
458_1703,458,1703,103.91668147407472,13.583337171003222,1
458_1806,458,1806,121.08334903605282,13.583337171003222,1
459_980,459,980,-16.583324810490012,13.416670495644212,3
459_981,459,981,-16.416658135131,13.416670495644212,1
459_1528,459,1528,74.75001328624785,13.416670495644212,2
459_1679,459,1679,99.91668126545846,13.416670495644212,1
459_1703,459,1703,103.91668147407472,13.416670495644212,4
459_1811,459,1811,121.91668241284788,13.416670495644212,1
460_979,460,979,-16.749991485849023,13.250003820285201,2
460_1528,460,1528,74.75001328624785,13.250003820285201,2
460_1546,460,1546,77.75001344271004,13.250003820285201,1
461_1529,461,1529,74.91667996160686,13.08333714492619,1
461_1545,461,1545,77.58334676735103,13.08333714492619,2
461_1546,461,1546,77.75001344271004,13.08333714492619,1
461_1561,461,1561,80.2500135730952,13.08333714492619,7
461_1685,461,1685,100.91668131761253,13.08333714492619,1
461_1688,461,1688,101.41668134368956,13.08333714492619,1
461_1693,461,1693,102.25001472048461,13.08333714492619,1
462_998,462,998,-13.58332465402782,12.91667046956718,7
462_1529,462,1529,74.91667996160686,12.91667046956718,1
462_1532,462,1532,75.41667998768389,12.91667046956718,1
462_1545,462,1545,77.58334676735103,12.91667046956718,13
462_1546,462,1546,77.75001344271004,12.91667046956718,10
462_1555,462,1555,79.25001352094114,12.91667046956718,3
462_1556,462,1556,79.41668019630015,12.91667046956718,5
462_1560,462,1560,80.08334689773619,12.91667046956718,1
462_1561,462,1561,80.2500135730952,12.91667046956718,9
462_1677,462,1677,99.58334791474044,12.91667046956718,1
463_1001,463,1001,-13.083324627950788,12.750003794208169,3
463_1545,463,1545,77.58334676735103,12.750003794208169,4
463_1546,463,1546,77.75001344271004,12.750003794208169,2
463_1549,463,1549,78.25001346878707,12.750003794208169,1
463_1560,463,1560,80.08334689773619,12.750003794208169,1
463_1561,463,1561,80.2500135730952,12.750003794208169,19
463_1676,463,1676,99.41668123938143,12.750003794208169,3
463_1677,463,1677,99.58334791474044,12.750003794208169,1
463_1687,463,1687,101.25001466833055,12.750003794208169,2
464_659,464,659,-70.08332760073245,12.583337118849158,5
464_660,464,660,-69.91666092537344,12.583337118849158,2
464_1559,464,1559,79.91668022237718,12.583337118849158,1
464_1637,464,1637,92.91668090038002,12.583337118849158,1
464_1677,464,1677,99.58334791474044,12.583337118849158,1
464_1679,464,1679,99.91668126545846,12.583337118849158,1
464_1687,464,1687,101.25001466833055,12.583337118849158,1
464_1688,464,1688,101.41668134368956,12.583337118849158,5
464_1691,464,1691,101.9166813697666,12.583337118849158,1
464_1692,464,1692,102.0833480451256,12.583337118849158,1
464_1825,464,1825,124.25001586787403,12.583337118849158,1
465_665,465,665,-69.08332754857838,12.416670443490148,1
465_1071,465,1071,-1.4166573528200388,12.416670443490148,8
465_1539,465,1539,76.58334671519697,12.416670443490148,1
465_1546,465,1546,77.75001344271004,12.416670443490148,1
465_1692,465,1692,102.0833480451256,12.416670443490148,1
465_1722,465,1722,107.08334830589592,12.416670443490148,1
465_1821,465,1821,123.58334916643798,12.416670443490148,1
466_665,466,665,-69.08332754857838,12.250003768131137,11
466_1071,466,1071,-1.4166573528200388,12.250003768131137,1
466_1539,466,1539,76.58334671519697,12.250003768131137,2
466_1543,466,1543,77.25001341663301,12.250003768131137,9
466_1558,466,1558,79.75001354701817,12.250003768131137,2
466_1560,466,1560,80.08334689773619,12.250003768131137,4
466_1679,466,1679,99.91668126545846,12.250003768131137,3
466_1680,466,1680,100.08334794081748,12.250003768131137,1
466_1722,466,1722,107.08334830589592,12.250003768131137,2
466_1723,466,1723,107.25001498125494,12.250003768131137,1
467_666,467,666,-68.91666087321937,12.083337092772126,2
467_1189,467,1189,18.250010339543223,12.083337092772126,2
467_1530,467,1530,75.08334663696587,12.083337092772126,1
467_1559,467,1559,79.91668022237718,12.083337092772126,1
467_1637,467,1637,92.91668090038002,12.083337092772126,1
467_1638,467,1638,93.08334757573903,12.083337092772126,6
467_1730,467,1730,108.41668170876801,12.083337092772126,2
467_1731,467,1731,108.58334838412702,12.083337092772126,2
468_1189,468,1189,18.250010339543223,11.916670417413116,25
468_1543,468,1543,77.25001341663301,11.916670417413116,1
468_1546,468,1546,77.75001344271004,11.916670417413116,7
468_1678,468,1678,99.75001459009945,11.916670417413116,1
468_1730,468,1730,108.41668170876801,11.916670417413116,3
469_1532,469,1532,75.41667998768389,11.750003742054105,5
469_1548,469,1548,78.08334679342806,11.750003742054105,2
469_1549,469,1549,78.25001346878707,11.750003742054105,4
470_1534,470,1534,75.75001333840191,11.583337066695094,2
470_1538,470,1538,76.41668003983796,11.583337066695094,1
470_1543,470,1543,77.25001341663301,11.583337066695094,1
470_1546,470,1546,77.75001344271004,11.583337066695094,1
470_1636,470,1636,92.750014225021,11.583337066695094,2
470_1677,470,1677,99.58334791474044,11.583337066695094,1
470_1678,470,1678,99.75001459009945,11.583337066695094,1
470_1695,470,1695,102.58334807120264,11.583337066695094,1
470_1724,470,1724,107.41668165661395,11.583337066695094,1
471_1540,471,1540,76.75001339055598,11.416670391336083,2
471_1545,471,1545,77.58334676735103,11.416670391336083,1
471_1546,471,1546,77.75001344271004,11.416670391336083,3
471_1677,471,1677,99.58334791474044,11.416670391336083,1
471_1724,471,1724,107.41668165661395,11.416670391336083,6
472_637,472,637,-73.74999445863068,11.250003715977073,1
472_715,472,715,-60.74999378062785,11.250003715977073,1
472_1545,472,1545,77.58334676735103,11.250003715977073,2
472_1699,472,1699,103.25001477263868,11.250003715977073,1
472_1702,472,1702,103.75001479871571,11.250003715977073,1
472_1796,472,1796,119.41668228246272,11.250003715977073,1
473_635,473,635,-74.0833278093487,11.083337040618062,1
473_1541,473,1541,76.91668006591499,11.083337040618062,1
473_1542,473,1542,77.083346741274,11.083337040618062,1
473_1543,473,1543,77.25001341663301,11.083337040618062,2
473_1558,473,1558,79.75001354701817,11.083337040618062,1
473_1796,473,1796,119.41668228246272,11.083337040618062,5
474_1540,474,1540,76.75001339055598,10.916670365259051,1
474_1546,474,1546,77.75001344271004,10.916670365259051,1
474_1554,474,1554,79.08334684558213,10.916670365259051,2
475_709,475,709,-61.74999383278191,10.75000368990004,3
475_712,475,712,-61.24999380670488,10.75000368990004,2
475_1537,475,1537,76.25001336447895,10.75000368990004,1
475_1557,475,1557,79.58334687165916,10.75000368990004,1
475_1675,475,1675,99.25001456402242,10.75000368990004,1
475_1719,475,1719,106.58334827981889,10.75000368990004,2
475_1720,475,1720,106.7500149551779,10.75000368990004,6
476_572,476,572,-84.58332835696638,10.58333701454103,1
476_578,476,578,-83.58332830481231,10.58333701454103,3
476_712,476,712,-61.24999380670488,10.58333701454103,1
476_1537,476,1537,76.25001336447895,10.58333701454103,1
476_1812,476,1812,122.08334908820689,10.58333701454103,1
477_567,477,567,-85.41666173376143,10.41667033918202,1
477_571,477,571,-84.74999503232539,10.41667033918202,1
477_572,477,572,-84.58332835696638,10.41667033918202,1
477_575,477,575,-84.08332833088934,10.41667033918202,1
477_627,477,627,-75.41666121222079,10.41667033918202,1
477_678,477,678,-66.91666076891124,10.41667033918202,1
477_694,477,694,-64.24999396316707,10.41667033918202,3
477_1536,477,1536,76.08334668911994,10.41667033918202,1
477_1541,477,1541,76.91668006591499,10.41667033918202,3
477_1556,477,1556,79.41668019630015,10.41667033918202,1
477_1703,477,1703,103.91668147407472,10.41667033918202,1
477_1722,477,1722,107.08334830589592,10.41667033918202,1
478_571,478,571,-84.74999503232539,10.250003663823009,1
478_572,478,572,-84.58332835696638,10.250003663823009,1
478_682,478,682,-66.2499940674752,10.250003663823009,1
478_1537,478,1537,76.25001336447895,10.250003663823009,8
478_1538,478,1538,76.41668003983796,10.250003663823009,1
478_1703,478,1703,103.91668147407472,10.250003663823009,1
478_1718,478,1718,106.41668160445988,10.250003663823009,3
478_1793,478,1793,118.91668225638568,10.250003663823009,1
479_575,479,575,-84.08332833088934,10.083336988463998,1
479_578,479,578,-83.58332830481231,10.083336988463998,2
479_1537,479,1537,76.25001336447895,10.083336988463998,14
479_1543,479,1543,77.25001341663301,10.083336988463998,1
479_1679,479,1679,99.91668126545846,10.083336988463998,2
479_1703,479,1703,103.91668147407472,10.083336988463998,1
479_1829,479,1829,124.91668256931007,10.083336988463998,1
480_566,480,566,-85.58332840912044,9.916670313104987,2
480_1537,480,1537,76.25001336447895,9.916670313104987,1
480_1540,480,1540,76.75001339055598,9.916670313104987,1
480_1548,480,1548,78.08334679342806,9.916670313104987,1
481_576,481,576,-83.91666165553033,9.750003637745976,1
481_1537,481,1537,76.25001336447895,9.750003637745976,4
481_1680,481,1680,100.08334794081748,9.750003637745976,1
481_1792,481,1792,118.75001558102667,9.750003637745976,1
481_1823,481,1823,123.916682517156,9.750003637745976,1
481_1824,481,1824,124.08334919251502,9.750003637745976,1
482_577,482,577,-83.74999498017132,9.583336962386966,2
482_1680,482,1680,100.08334794081748,9.583336962386966,1
482_1817,482,1817,122.91668246500194,9.583336962386966,1
482_1822,482,1822,123.750015841797,9.583336962386966,2
483_636,483,636,-73.91666113398969,9.416670287027955,1
483_657,483,657,-70.41666095145047,9.416670287027955,1
483_1819,483,1819,123.25001581571996,9.416670287027955,2
485_1312,485,1312,38.75001140870154,9.083336936309934,1
485_1538,485,1538,76.41668003983796,9.083336936309934,2
485_1541,485,1541,76.91668006591499,9.083336936309934,3
485_1544,485,1544,77.41668009199202,9.083336936309934,1
486_600,486,600,-79.91666144691408,8.916670260950923,14
486_602,486,602,-79.58332809619606,8.916670260950923,1
486_1540,486,1540,76.75001339055598,8.916670260950923,1
486_1669,486,1669,98.25001451186836,8.916670260950923,1
487_651,487,651,-71.41666100360453,8.750003585591912,1
487_1540,487,1540,76.75001339055598,8.750003585591912,1
487_1542,487,1542,77.083346741274,8.750003585591912,2
487_1669,487,1669,98.25001451186836,8.750003585591912,2
487_1820,487,1820,123.41668249107897,8.750003585591912,2
488_585,488,585,-82.41666157729924,8.583336910232902,1
488_598,488,598,-80.2499947976321,8.583336910232902,2
488_599,488,599,-80.08332812227309,8.583336910232902,19
488_651,488,651,-71.41666100360453,8.583336910232902,1
488_1541,488,1541,76.91668006591499,8.583336910232902,3
488_1543,488,1543,77.25001341663301,8.583336910232902,2
488_1669,488,1669,98.25001451186836,8.583336910232902,3
489_598,489,598,-80.2499947976321,8.41667023487389,2
489_599,489,599,-80.08332812227309,8.41667023487389,2
489_1544,489,1544,77.41668009199202,8.41667023487389,2
489_1563,489,1563,80.58334692381322,8.41667023487389,13
489_1677,489,1677,99.58334791474044,8.41667023487389,2
490_584,490,584,-82.58332825265825,8.25000355951488,1
490_1559,490,1559,79.91668022237718,8.25000355951488,1
490_1564,490,1564,80.75001359917223,8.25000355951488,1
490_1671,490,1671,98.58334786258638,8.25000355951488,1
491_1564,491,1564,80.75001359917223,8.08333688415587,1
491_1671,491,1671,98.58334786258638,8.08333688415587,1
491_1672,491,1672,98.75001453794539,8.08333688415587,2
492_1564,492,1564,80.75001359917223,7.916670208796859,7
492_1669,492,1669,98.25001451186836,7.916670208796859,1
492_1671,492,1671,98.58334786258638,7.916670208796859,1
493_598,493,598,-80.2499947976321,7.750003533437848,1
493_1672,493,1672,98.75001453794539,7.750003533437848,1
493_1673,493,1673,98.9166812133044,7.750003533437848,1
493_1680,493,1680,100.08334794081748,7.750003533437848,2
494_1558,494,1558,79.75001354701817,7.583336858078837,1
494_1674,494,1674,99.08334788866341,7.583336858078837,1
495_1561,495,1561,80.2500135730952,7.416670182719827,1
495_1680,495,1680,100.08334794081748,7.416670182719827,1
496_642,496,642,-72.91666108183563,7.250003507360816,1
496_1559,496,1559,79.91668022237718,7.250003507360816,1
496_1563,496,1563,80.58334692381322,7.250003507360816,4
497_1311,497,1311,38.58334473334253,7.083336832001805,2
497_1560,497,1560,80.08334689773619,7.083336832001805,2
497_1677,497,1677,99.58334791474044,7.083336832001805,2
497_1683,497,1683,100.58334796689451,7.083336832001805,5
498_1098,498,1098,3.08334288187325,6.916670156642795,1
498_1518,498,1518,73.08334653265774,6.916670156642795,2
498_1559,498,1559,79.91668022237718,6.916670156642795,4
498_1562,498,1562,80.41668024845421,6.916670156642795,4
498_1566,498,1566,81.08334694989026,6.916670156642795,4
499_1563,499,1563,80.58334692381322,6.750003481283784,2
500_1100,500,1100,3.4166762325912714,6.583336805924773,3
501_628,501,628,-75.24999453686178,6.4166701305657625,1
501_1094,501,1094,2.416676180437207,6.4166701305657625,1
501_1099,501,1099,3.2500095572322607,6.4166701305657625,1
501_1559,501,1559,79.91668022237718,6.4166701305657625,2
501_1565,501,1565,80.91668027453125,6.4166701305657625,2
501_1675,501,1675,99.25001456402242,6.4166701305657625,1
501_1678,501,1678,99.75001459009945,6.4166701305657625,2
501_1679,501,1679,99.91668126545846,6.4166701305657625,3
502_626,502,626,-75.5833278875798,6.250003455206752,3
502_629,502,629,-75.08332786150277,6.250003455206752,2
502_1679,502,1679,99.91668126545846,6.250003455206752,1
503_627,503,627,-75.41666121222079,6.083336779847741,1
503_1564,503,1564,80.75001359917223,6.083336779847741,1
503_1779,503,1779,116.58334880135953,6.083336779847741,1
504_1309,504,1309,38.25001138262451,5.91667010448873,14
504_1562,504,1562,80.41668024845421,5.91667010448873,3
504_1693,504,1693,102.25001472048461,5.91667010448873,1
504_1776,504,1776,116.0833487752825,5.91667010448873,6
504_1778,504,1778,116.41668212600052,5.91667010448873,2
504_1787,504,1787,117.91668220423162,5.91667010448873,1
506_624,506,624,-75.91666123829782,5.583336753770709,1
506_1078,506,1078,-0.24999062530696392,5.583336753770709,3
506_1079,506,1079,-0.08332394994795322,5.583336753770709,4
506_1682,506,1682,100.4166812915355,5.583336753770709,2
506_1684,506,1684,100.75001464225352,5.583336753770709,1
506_1775,506,1775,115.91668209992349,5.583336753770709,5
507_627,507,627,-75.41666121222079,5.416670078411698,2
507_1055,507,1055,-4.08332415856421,5.416670078411698,1
507_1056,507,1056,-3.9166574832051992,5.416670078411698,2
507_1681,507,1681,100.25001461617649,5.416670078411698,17
507_1682,507,1682,100.4166812915355,5.416670078411698,1
507_1684,507,1684,100.75001464225352,5.416670078411698,13
507_1698,507,1698,103.08334809727967,5.416670078411698,1
508_630,508,630,-74.91666118614376,5.250003403052688,2
508_761,508,761,-53.083326714113355,5.250003403052688,1
508_762,508,762,-52.916660038754344,5.250003403052688,5
508_764,508,764,-52.58332668803632,5.250003403052688,3
508_1310,508,1310,38.41667805798352,5.250003403052688,1
509_626,509,626,-75.5833278875798,5.083336727693677,4
509_627,509,627,-75.41666121222079,5.083336727693677,4
509_763,509,763,-52.74999336339533,5.083336727693677,2
509_764,509,764,-52.58332668803632,5.083336727693677,3
509_1271,509,1271,31.9166777189821,5.083336727693677,1
509_1683,509,1683,100.58334796689451,5.083336727693677,1
510_627,510,627,-75.41666121222079,4.916670052334666,1
510_633,510,633,-74.41666116006672,4.916670052334666,1
510_764,510,764,-52.58332668803632,4.916670052334666,3
510_766,510,766,-52.2499933373183,4.916670052334666,1
510_1308,510,1308,38.083344707265496,4.916670052334666,1
510_1682,510,1682,100.4166812915355,4.916670052334666,1
510_1769,510,1769,114.91668204776943,4.916670052334666,1
511_636,511,636,-73.91666113398969,4.7500033769756556,1
511_762,511,762,-52.916660038754344,4.7500033769756556,1
511_765,511,765,-52.41666001267731,4.7500033769756556,4
511_1660,511,1660,96.75001443363726,4.7500033769756556,1
511_1686,511,1686,101.08334799297154,4.7500033769756556,1
511_1687,511,1687,101.25001466833055,4.7500033769756556,2
511_1769,511,1769,114.91668204776943,4.7500033769756556,1
512_626,512,626,-75.5833278875798,4.583336701616645,1
512_635,512,635,-74.0833278093487,4.583336701616645,3
512_636,512,636,-73.91666113398969,4.583336701616645,1
512_642,512,642,-72.91666108183563,4.583336701616645,1
512_1688,512,1688,101.41668134368956,4.583336701616645,1
513_625,513,625,-75.74999456293881,4.416670026257634,1
513_628,513,628,-75.24999453686178,4.416670026257634,1
513_643,513,643,-72.74999440647662,4.416670026257634,1
514_624,514,624,-75.91666123829782,4.2500033508986235,1
514_633,514,633,-74.41666116006672,4.2500033508986235,4
514_1687,514,1687,101.25001466833055,4.2500033508986235,5
515_630,515,630,-74.91666118614376,4.083336675539613,1
515_638,515,638,-73.58332778327167,4.083336675539613,2
515_1769,515,1769,114.91668204776943,4.083336675539613,1
516_1520,516,1520,73.41667988337576,3.916670000180602,1
517_637,517,637,-73.74999445863068,3.7500033248215914,2
517_1516,517,1516,72.75001318193972,3.7500033248215914,1
517_1690,517,1690,101.75001469440758,3.7500033248215914,8
518_760,518,760,-53.249993389472365,3.5833366494625807,1
518_1517,518,1517,72.91667985729873,3.5833366494625807,3
518_1668,518,1668,98.08334783650935,3.5833366494625807,7
519_620,519,620,-76.58332793973386,3.41666997410357,1
519_1668,519,1668,98.08334783650935,3.41666997410357,2
519_1669,519,1669,98.25001451186836,3.41666997410357,1
520_1691,520,1691,101.9166813697666,3.2500032987445593,1
520_1758,520,1758,113.08334861882031,3.2500032987445593,6
520_1759,520,1759,113.25001529417932,3.2500032987445593,1
521_1152,521,1152,12.083343351259828,3.0833366233855486,1
521_1689,521,1689,101.58334801904857,3.0833366233855486,8
521_1690,521,1690,101.75001469440758,3.0833366233855486,10
521_1758,521,1758,113.08334861882031,3.0833366233855486,2
522_1690,522,1690,101.75001469440758,2.916669948026538,8
523_1690,523,1690,101.75001469440758,2.750003272667527,1
526_1751,526,1751,111.91668189130723,2.250003246590495,1
530_1702,530,1702,103.75001479871571,1.5833365451544523,1
531_1701,531,1701,103.5833481233567,1.4166698697954416,1
531_1702,531,1702,103.75001479871571,1.4166698697954416,176
531_1703,531,1703,103.91668147407472,1.4166698697954416,63
531_1704,531,1704,104.08334814943373,1.4166698697954416,1
532_1701,532,1701,103.5833481233567,1.250003194436431,6
532_1702,532,1702,103.75001479871571,1.250003194436431,81
532_1703,532,1703,103.91668147407472,1.250003194436431,57
533_1707,533,1707,104.58334817551076,1.0833365190774202,1
535_771,535,771,-51.41665996052325,0.7500031683593988,1
536_617,536,617,-77.0833279658109,0.5833364930003881,1
536_770,536,770,-51.58332663588226,0.5833364930003881,2
536_1169,536,1169,14.91667683236301,0.5833364930003881,1
537_1120,537,1120,6.750009739771485,0.41666981764137745,2
537_1262,537,1262,30.416677640751004,0.41666981764137745,6
537_1275,537,1275,32.58334442041814,0.41666981764137745,1
537_1688,537,1688,101.41668134368956,0.41666981764137745,1
538_606,538,606,-78.91666139476001,0.25000314228236675,1
538_1119,538,1119,6.583343064412475,0.25000314228236675,9
538_1120,538,1120,6.750009739771485,0.25000314228236675,1
539_608,539,608,-78.58332804404199,0.08333646692335606,1
539_609,539,609,-78.41666136868298,0.08333646692335606,2
539_1274,539,1274,32.41667774505913,0.08333646692335606,6
539_1689,539,1689,101.58334801904857,0.08333646692335606,1
540_607,540,607,-78.749994719401,-0.08333020843565464,4
540_609,540,609,-78.41666136868298,-0.08333020843565464,2
540_611,540,611,-78.08332801796496,-0.08333020843565464,1
540_615,540,615,-77.41666131652892,-0.08333020843565464,1
540_1304,540,1304,37.41667800582945,-0.08333020843565464,1
541_531,541,531,-91.41666204668581,-0.24999688379466534,1
541_602,541,602,-79.58332809619606,-0.24999688379466534,1
541_605,541,605,-79.08332807011902,-0.24999688379466534,1
541_608,541,608,-78.58332804404199,-0.24999688379466534,1
541_609,541,609,-78.41666136868298,-0.24999688379466534,1
541_1259,541,1259,29.916677614673972,-0.24999688379466534,2
542_611,542,611,-78.08332801796496,-0.41666355915367603,1
542_621,542,621,-76.41666126437485,-0.41666355915367603,1
543_538,543,538,-90.24999531917274,-0.5833302345126867,1
543_607,543,607,-78.749994719401,-0.5833302345126867,1
543_1258,543,1258,29.75001093931496,-0.5833302345126867,3
543_1265,543,1265,30.916677666828036,-0.5833302345126867,1
544_537,544,537,-90.41666199453175,-0.7499969098716974,1
544_1257,544,1257,29.58334426395595,-0.7499969098716974,1
544_1298,544,1298,36.41667795367539,-0.7499969098716974,1
545_595,545,595,-80.74999482370913,-0.9166635852307081,2
545_1798,545,1798,119.75001563318074,-0.9166635852307081,1
545_1799,545,1799,119.91668230853975,-0.9166635852307081,4
546_1258,546,1258,29.75001093931496,-1.0833302605897188,1
546_1291,546,1291,35.250011226162314,-1.0833302605897188,21
546_1292,546,1292,35.416677901521325,-1.0833302605897188,2
546_1303,546,1303,37.25001133047044,-1.0833302605897188,1
547_1258,547,1258,29.75001093931496,-1.2499969359487295,1
547_1289,547,1289,34.91667787544429,-1.2499969359487295,4
547_1291,547,1291,35.250011226162314,-1.2499969359487295,1
547_1301,547,1301,36.91667797975242,-1.2499969359487295,1
547_1801,547,1801,120.25001565925777,-1.2499969359487295,1
548_611,548,611,-78.08332801796496,-1.4166636113077402,3
548_1289,548,1289,34.91667787544429,-1.4166636113077402,6
548_1290,548,1290,35.083344550803304,-1.4166636113077402,1
548_1300,548,1300,36.75001130439341,-1.4166636113077402,5
549_1290,549,1290,35.083344550803304,-1.583330286666751,1
549_1291,549,1291,35.250011226162314,-1.583330286666751,1
549_1701,549,1701,103.5833481233567,-1.583330286666751,1
550_597,550,597,-80.41666147299111,-1.7499969620257616,1
551_1260,551,1260,30.083344290032983,-1.9166636373847723,3
552_1286,552,1286,34.41667784936726,-2.083330312743783,9
552_1287,552,1287,34.58334452472627,-2.083330312743783,6
553_1289,553,1289,34.91667787544429,-2.2499969881027937,3
554_814,554,814,-44.24999292008579,-2.4166636634618044,1
554_1288,554,1288,34.75001120008528,-2.4166636634618044,1
555_604,555,604,-79.24999474547803,-2.583330338820815,1
556_604,556,604,-79.24999474547803,-2.749997014179826,2
556_607,556,607,-78.749994719401,-2.749997014179826,3
556_822,556,822,-42.9166595172137,-2.749997014179826,1
556_1289,556,1289,34.91667787544429,-2.749997014179826,1
556_1308,556,1308,38.083344707265496,-2.749997014179826,12
557_607,557,607,-78.749994719401,-2.9166636895388365,1
557_831,557,831,-41.416659438982606,-2.9166636895388365,1
557_834,557,834,-40.916659412905574,-2.9166636895388365,1
557_1308,557,1308,38.083344707265496,-2.9166636895388365,32
558_720,558,720,-59.91666040383279,-3.083330364897847,1
558_1292,558,1292,35.416677901521325,-3.083330364897847,3
558_1293,558,1293,35.583344576880336,-3.083330364897847,7
559_604,559,604,-79.24999474547803,-3.249997040256858,1
559_720,559,720,-59.91666040383279,-3.249997040256858,1
559_1292,559,1292,35.416677901521325,-3.249997040256858,2
559_1293,559,1293,35.583344576880336,-3.249997040256858,19
559_1295,559,1295,35.91667792759836,-3.249997040256858,1
559_1304,559,1304,37.41667800582945,-3.249997040256858,1
559_1320,559,1320,40.083344811573625,-3.249997040256858,1
560_845,560,845,-39.083325983956456,-3.4166637156158686,2
560_1294,560,1294,35.75001125223935,-3.4166637156158686,3
560_1295,560,1295,35.91667792759836,-3.4166637156158686,1
560_1301,560,1301,36.91667797975242,-3.4166637156158686,2
560_1319,560,1319,39.916678136214614,-3.4166637156158686,1
560_1320,560,1320,40.083344811573625,-3.4166637156158686,1
561_596,561,596,-80.58332814835012,-3.5833303909748793,1
561_1295,561,1295,35.91667792759836,-3.5833303909748793,2
561_1296,561,1296,36.08334460295737,-3.5833303909748793,1
561_1309,561,1309,38.25001138262451,-3.5833303909748793,2
562_597,562,597,-80.41666147299111,-3.74999706633389,1
562_1294,562,1294,35.75001125223935,-3.74999706633389,1
562_1295,562,1295,35.91667792759836,-3.74999706633389,4
562_1296,562,1296,36.08334460295737,-3.74999706633389,5
563_850,563,850,-38.2499926071614,-3.9166637416929007,3
563_1318,563,1318,39.7500114608556,-3.9166637416929007,1
563_1772,563,1772,115.41668207384646,-3.9166637416929007,1
564_608,564,608,-78.58332804404199,-4.083330417051911,1
564_1278,564,1278,33.083344446495175,-4.083330417051911,1
564_1318,564,1318,39.7500114608556,-4.083330417051911,2
565_851,565,851,-38.08332593180239,-4.249997092410922,1
565_1317,565,1317,39.58334478549659,-4.249997092410922,16
566_1415,566,1415,55.91667897067964,-4.416663767769933,1
567_1316,567,1316,39.41667811013758,-4.583330443128943,8
567_1412,567,1412,55.41667894460261,-4.583330443128943,1
568_834,568,834,-40.916659412905574,-4.749997118487954,1
568_1413,568,1413,55.58334561996162,-4.749997118487954,1
571_592,571,592,-81.24999484978616,-5.249997144564986,3
572_868,572,868,-35.24999245069921,-5.416663819923997,2
575_845,575,845,-39.083325983956456,-5.916663846001029,1
576_869,576,869,-35.0833257753402,-6.08333052136004,2
576_1315,576,1315,39.25001143477857,-6.08333052136004,1
576_1719,576,1719,106.58334827981889,-6.08333052136004,1
576_1720,576,1720,106.7500149551779,-6.08333052136004,4
576_1721,576,1721,106.91668163053691,-6.08333052136004,6
577_1311,577,1311,38.58334473334253,-6.24999719671905,1
577_1316,577,1316,39.41667811013758,-6.24999719671905,1
577_1317,577,1317,39.58334478549659,-6.24999719671905,1
577_1715,577,1715,105.91668157838285,-6.24999719671905,3
577_1720,577,1720,106.7500149551779,-6.24999719671905,7
577_1721,577,1721,106.91668163053691,-6.24999719671905,2
577_1723,577,1723,107.25001498125494,-6.24999719671905,4
578_621,578,621,-76.41666126437485,-6.416663872078061,1
578_622,578,622,-76.24999458901584,-6.416663872078061,1
578_870,578,870,-34.91665909998119,-6.416663872078061,1
579_1721,579,1721,106.91668163053691,-6.583330547437072,1
580_821,580,821,-43.08332619257271,-6.7499972227960825,2
580_846,580,846,-38.916659308597445,-6.7499972227960825,1
580_1306,580,1306,37.750011356547475,-6.7499972227960825,1
580_1727,580,1727,107.91668168269098,-6.7499972227960825,3
580_1729,580,1729,108.250015033409,-6.7499972227960825,1
581_1316,581,1316,39.41667811013758,-6.916663898155093,11
581_1732,581,1732,108.75001505948603,-6.916663898155093,1
581_1742,581,1742,110.41668181307614,-6.916663898155093,1
581_1743,581,1743,110.58334848843515,-6.916663898155093,2
582_870,582,870,-34.91665909998119,-7.083330573514104,1
582_1741,582,1741,110.25001513771713,-7.083330573514104,1
582_1743,582,1743,110.58334848843515,-7.083330573514104,1
582_1745,582,1745,110.91668183915317,-7.083330573514104,1
582_1751,582,1751,111.91668189130723,-7.083330573514104,2
583_864,583,864,-35.91665915213525,-7.249997248873115,1
583_1732,583,1732,108.75001505948603,-7.249997248873115,2
583_1742,583,1742,110.41668181307614,-7.249997248873115,1
583_1756,583,1756,112.75001526810229,-7.249997248873115,27
584_1302,584,1302,37.08334465511143,-7.416663924232125,2
584_1756,584,1756,112.75001526810229,-7.416663924232125,2
585_1308,585,1308,38.083344707265496,-7.583330599591136,1
585_1742,585,1742,110.41668181307614,-7.583330599591136,4
585_1744,585,1744,110.75001516379416,-7.583330599591136,4
586_1309,586,1309,38.25001138262451,-7.749997274950147,2
586_1741,586,1741,110.25001513771713,-7.749997274950147,1
586_1742,586,1742,110.41668181307614,-7.749997274950147,5
586_1755,586,1755,112.58334859274328,-7.749997274950147,4
587_851,587,851,-38.08332593180239,-7.916663950309157,1
587_870,587,870,-34.91665909998119,-7.916663950309157,1
587_1762,587,1762,113.75001532025635,-7.916663950309157,1
588_870,588,870,-34.91665909998119,-8.083330625668168,2
588_1764,588,1764,114.08334867097437,-8.083330625668168,1
588_1766,588,1766,114.4166820216924,-8.083330625668168,1
589_870,589,870,-34.91665909998119,-8.249997301027179,2
589_1765,589,1765,114.25001534633338,-8.249997301027179,1
589_1766,589,1766,114.4166820216924,-8.249997301027179,1
590_1761,590,1761,113.58334864489734,-8.41666397638619,1
590_1771,590,1771,115.25001539848745,-8.41666397638619,1
591_1771,591,1771,115.25001539848745,-8.5833306517452,2
593_869,593,869,-35.0833257753402,-8.916664002463222,1
594_1780,594,1780,116.75001547671854,-9.083330677822232,2
597_865,597,865,-35.74999247677624,-9.583330703899264,1
598_865,598,865,-35.74999247677624,-9.749997379258275,1
599_701,599,701,-63.083327235654,-9.916664054617286,1
599_743,599,743,-56.08332687057555,-9.916664054617286,2
604_1231,604,1231,25.250010704621673,-10.74999743141234,2
606_684,606,684,-65.91666071675718,-11.08333078213036,1
608_843,608,843,-39.41665933467448,-11.416664132848382,1
610_626,610,626,-75.5833278875798,-11.749997483566403,1
611_620,611,620,-76.58332793973386,-11.916664158925414,1
612_617,612,617,-77.0833279658109,-12.083330834284425,4
613_618,613,618,-76.91666129045188,-12.249997509643435,1
613_636,613,636,-73.91666113398969,-12.249997509643435,1
613_1346,613,1346,44.4166783709079,-12.249997509643435,3
614_1865,614,1865,130.91668288223445,-12.416664185002446,1
615_666,615,666,-68.91666087321937,-12.583330860361457,1
615_1865,615,1865,130.91668288223445,-12.583330860361457,1
617_662,617,662,-69.58332757465541,-12.916664211079478,1
617_1350,617,1350,45.083345072343946,-12.916664211079478,1
618_849,618,849,-38.41665928252041,-13.083330886438489,3
618_1247,618,1247,27.916677510365844,-13.083330886438489,2
620_832,620,832,-41.249992763623595,-13.41666423715651,1
621_793,621,793,-47.74999310262501,-13.583330912515521,2
623_846,623,846,-38.916659308597445,-13.916664263233542,1
623_1282,623,1282,33.75001114793122,-13.916664263233542,1
624_793,624,793,-47.74999310262501,-14.083330938592553,1
624_1287,624,1287,34.58334452472627,-14.083330938592553,1
626_1236,626,1236,26.083344081416726,-14.416664289310575,2
627_1215,627,1215,22.5833438988775,-14.583330964669585,3
627_1236,627,1236,26.083344081416726,-14.583330964669585,1
630_1315,630,1315,39.25001143477857,-15.083330990746617,2
632_842,632,842,-39.58332601003349,-15.416664341464639,1
632_1234,632,1234,25.750010730698705,-15.416664341464639,1
632_1235,632,1235,25.916677406057715,-15.416664341464639,1
632_1249,632,1249,28.250010861083865,-15.416664341464639,1
632_1250,632,1250,28.416677536442876,-15.416664341464639,3
633_743,633,743,-56.08332687057555,-15.58333101682365,2
633_793,633,793,-47.74999310262501,-15.58333101682365,1
633_823,633,823,-42.74999284185469,-15.58333101682365,1
634_792,634,792,-47.91665977798402,-15.74999769218266,4
635_786,635,786,-48.91665983013809,-15.91666436754167,1
635_1253,635,1253,28.916677562519908,-15.91666436754167,1
637_786,637,786,-48.91665983013809,-16.249997718259692,1
637_1252,637,1252,28.750010887160897,-16.249997718259692,2
637_1952,637,1952,145.41668363846838,-16.249997718259692,1
638_739,638,739,-56.74999357201159,-16.416664393618703,2
638_830,638,830,-41.58332611434162,-16.416664393618703,1
638_1252,638,1252,28.750010887160897,-16.416664393618703,3
639_671,639,671,-68.08332749642432,-16.583331068977714,1
640_835,640,835,-40.74999273754656,-16.749997744336724,1
640_1951,640,1951,145.25001696310937,-16.749997744336724,1
640_1953,640,1953,145.5833503138274,-16.749997744336724,1
640_1954,640,1954,145.7500169891864,-16.749997744336724,1
641_845,641,845,-39.083325983956456,-16.916664419695735,1
641_1954,641,1954,145.7500169891864,-16.916664419695735,3
642_1248,642,1248,28.083344185724854,-17.083331095054746,2
643_1955,643,1955,145.91668366454542,-17.249997770413756,1
644_683,644,683,-66.08332739211619,-17.416664445772767,1
644_1953,644,1953,145.5833503138274,-17.416664445772767,2
644_1955,644,1955,145.91668366454542,-17.416664445772767,2
645_1267,645,1267,31.250011017546058,-17.583331121131778,1
645_1951,645,1951,145.25001696310937,-17.583331121131778,1
646_700,646,700,-63.24999391101301,-17.74999779649079,1
646_1266,646,1266,31.083344342187047,-17.74999779649079,2
647_841,647,841,-39.7499926853925,-17.9166644718498,1
647_1233,647,1233,25.583344055339694,-17.9166644718498,1
647_1234,647,1234,25.750010730698705,-17.9166644718498,14
647_1235,647,1235,25.916677406057715,-17.9166644718498,18
647_1266,647,1266,31.083344342187047,-17.9166644718498,3
647_1955,647,1955,145.91668366454542,-17.9166644718498,1
647_1956,647,1956,146.08335033990443,-17.9166644718498,1
648_1279,648,1279,33.250011121854186,-18.08333114720881,2
649_1269,649,1269,31.58334436826408,-18.24999782256782,1
650_1211,650,1211,21.91667719744146,-18.41666449792683,5
651_1956,651,1956,146.08335033990443,-18.583331173285842,1
652_828,652,828,-41.91665946505964,-18.749997848644853,6
652_1165,652,1165,14.250010130926967,-18.749997848644853,1
652_1182,652,1182,17.08334361203015,-18.749997848644853,3
652_1183,652,1183,17.25001028738916,-18.749997848644853,1
653_750,653,750,-54.91666014306247,-18.916664524003863,3
653_811,653,811,-44.74999294616282,-18.916664524003863,1
653_833,653,833,-41.083326088264585,-18.916664524003863,1
653_1365,653,1365,47.583345202729106,-18.916664524003863,1
654_1178,654,1178,16.416676910594106,-19.083331199362874,8
654_1243,654,1243,27.2500108089298,-19.083331199362874,1
654_1360,654,1360,46.75001182593405,-19.083331199362874,1
655_1175,655,1175,15.916676884517074,-19.249997874721885,8
655_1176,655,1176,16.083343559876084,-19.249997874721885,11
655_1960,655,1960,146.75001704134047,-19.249997874721885,3
656_1175,656,1175,15.916676884517074,-19.416664550080895,1
656_1960,656,1960,146.75001704134047,-19.416664550080895,1
657_815,657,815,-44.08332624472678,-19.583331225439906,1
657_1169,657,1169,14.91667683236301,-19.583331225439906,1
657_1221,657,1221,23.583343951031566,-19.583331225439906,7
658_824,658,824,-42.58332616649568,-19.749997900798917,3
658_1236,658,1236,26.083344081416726,-19.749997900798917,3
659_816,659,816,-43.916659569367766,-19.916664576157928,2
659_817,659,817,-43.749992894008756,-19.916664576157928,1
659_836,659,836,-40.58332606218755,-19.916664576157928,1
659_839,659,839,-40.08332603611052,-19.916664576157928,2
659_1220,659,1220,23.416677275672555,-19.916664576157928,1
659_1221,659,1221,23.583343951031566,-19.916664576157928,7
659_1228,659,1228,24.75001067854464,-19.916664576157928,1
660_812,660,812,-44.58332627080381,-20.083331251516938,1
660_1218,660,1218,23.083343924954534,-20.083331251516938,1
660_1425,660,1425,57.58334572426975,-20.083331251516938,2
660_1426,660,1426,57.75001239962876,-20.083331251516938,41
661_838,661,838,-40.24999271146953,-20.24999792687595,2
661_1218,661,1218,23.083343924954534,-20.24999792687595,1
661_1231,661,1231,25.250010704621673,-20.24999792687595,4
661_1251,661,1251,28.583344211801887,-20.24999792687595,4
661_1265,661,1265,30.916677666828036,-20.24999792687595,1
661_1425,661,1425,57.58334572426975,-20.24999792687595,1
661_1426,661,1426,57.75001239962876,-20.24999792687595,2
661_1972,661,1972,148.7500171456486,-20.24999792687595,11
662_833,662,833,-41.083326088264585,-20.41666460223496,1
662_837,662,837,-40.41665938682854,-20.41666460223496,6
662_838,662,838,-40.24999271146953,-20.41666460223496,1
662_1180,662,1180,16.750010261312127,-20.41666460223496,1
662_1184,662,1184,17.41667696274817,-20.41666460223496,9
662_1424,662,1424,57.41667904891074,-20.41666460223496,2
663_788,663,788,-48.583326479420066,-20.58333127759397,1
663_828,663,828,-41.91665946505964,-20.58333127759397,2
663_1179,663,1179,16.583343585953116,-20.58333127759397,2
663_1180,663,1180,16.750010261312127,-20.58333127759397,13
663_1186,663,1186,17.75001031346619,-20.58333127759397,1
663_1363,663,1363,47.250011852011085,-20.58333127759397,13
664_830,664,830,-41.58332611434162,-20.74999795295298,1
664_1179,664,1179,16.583343585953116,-20.74999795295298,2
664_1180,664,1180,16.750010261312127,-20.74999795295298,3
665_1179,665,1179,16.583343585953116,-20.91666462831199,4
665_1412,665,1412,55.41667894460261,-20.91666462831199,1
666_784,666,784,-49.24999318085611,-21.083331303671002,1
666_810,666,810,-44.91665962152183,-21.083331303671002,2
666_823,666,823,-42.74999284185469,-21.083331303671002,1
666_830,666,830,-41.58332611434162,-21.083331303671002,2
666_1411,666,1411,55.2500122692436,-21.083331303671002,2
666_1413,666,1413,55.58334561996162,-21.083331303671002,8
666_1974,666,1974,149.08335049636662,-21.083331303671002,2
666_1975,666,1975,149.25001717172563,-21.083331303671002,1
667_1170,667,1170,15.08334350772202,-21.249997979030013,1
667_1411,667,1411,55.2500122692436,-21.249997979030013,1
667_1412,667,1412,55.41667894460261,-21.249997979030013,1
667_1974,667,1974,149.08335049636662,-21.249997979030013,1
667_2069,667,2069,164.91668465547264,-21.249997979030013,1
668_695,668,695,-64.08332728780806,-21.416664654389024,1
668_800,668,800,-46.58332637511194,-21.416664654389024,1
668_2069,668,2069,164.91668465547264,-21.416664654389024,1
669_694,669,694,-64.24999396316707,-21.583331329748034,1
670_790,670,790,-48.249993128702044,-21.749998005107045,3
670_800,670,800,-46.58332637511194,-21.749998005107045,1
670_1163,670,1163,13.916676780208945,-21.749998005107045,3
671_775,671,775,-50.749993259087205,-21.916664680466056,1
671_799,671,799,-46.74999305047095,-21.916664680466056,1
671_1171,671,1171,15.25001018308103,-21.916664680466056,3
672_806,672,806,-45.58332632295787,-22.083331355825067,1
672_833,672,833,-41.083326088264585,-22.083331355825067,1
672_1169,672,1169,14.91667683236301,-22.083331355825067,1
672_1764,672,1764,114.08334867097437,-22.083331355825067,1
672_1974,672,1974,149.08335049636662,-22.083331355825067,1
673_812,673,812,-44.58332627080381,-22.249998031184077,3
673_1174,673,1174,15.750010209158063,-22.249998031184077,1
673_1256,673,1256,29.41667758859694,-22.249998031184077,2
673_2078,673,2078,166.41668473370373,-22.249998031184077,4
674_794,674,794,-47.583326427266,-22.416664706543088,1
674_815,674,815,-44.08332624472678,-22.416664706543088,1
674_820,674,820,-43.249992867931724,-22.416664706543088,1
674_821,674,821,-43.08332619257271,-22.416664706543088,2
674_826,674,826,-42.24999281577766,-22.416664706543088,1
674_1182,674,1182,17.08334361203015,-22.416664706543088,1
674_1184,674,1184,17.41667696274817,-22.416664706543088,1
674_1239,674,1239,26.583344107493758,-22.416664706543088,3
674_1266,674,1266,31.083344342187047,-22.416664706543088,1
674_1267,674,1267,31.250011017546058,-22.416664706543088,3
675_766,675,766,-52.2499933373183,-22.5833313819021,1
675_792,675,792,-47.91665977798402,-22.5833313819021,1
675_821,675,821,-43.08332619257271,-22.5833313819021,1
675_1182,675,1182,17.08334361203015,-22.5833313819021,1
675_1183,675,1183,17.25001028738916,-22.5833313819021,3
675_1975,675,1975,149.25001717172563,-22.5833313819021,1
676_796,676,796,-47.24999307654798,-22.74999805726111,2
676_805,676,805,-45.749992998316884,-22.74999805726111,1
676_807,676,807,-45.41665964759886,-22.74999805726111,2
676_816,676,816,-43.916659569367766,-22.74999805726111,5
676_1167,676,1167,14.583343481644988,-22.74999805726111,2
676_1168,676,1168,14.750010157003999,-22.74999805726111,5
676_1176,676,1176,16.083343559876084,-22.74999805726111,1
676_1251,676,1251,28.583344211801887,-22.74999805726111,3
676_1254,676,1254,29.08334423787892,-22.74999805726111,2
676_1267,676,1267,31.250011017546058,-22.74999805726111,1
677_687,677,687,-65.41666069068015,-22.91666473262012,1
677_784,677,784,-49.24999318085611,-22.91666473262012,1
677_789,677,789,-48.416659804061055,-22.91666473262012,1
677_802,677,802,-46.249993024393916,-22.91666473262012,1
677_817,677,817,-43.749992894008756,-22.91666473262012,4
677_819,677,819,-43.416659543290734,-22.91666473262012,6
677_820,677,820,-43.249992867931724,-22.91666473262012,3
677_821,677,821,-43.08332619257271,-22.91666473262012,1
677_824,677,824,-42.58332616649568,-22.91666473262012,1
677_827,677,827,-42.08332614041865,-22.91666473262012,1
677_1166,677,1166,14.416676806285977,-22.91666473262012,2
677_1180,677,1180,16.750010261312127,-22.91666473262012,3
677_1259,677,1259,29.916677614673972,-22.91666473262012,1
677_1262,677,1262,30.416677640751004,-22.91666473262012,1
678_780,678,780,-49.91665988229215,-23.08333140797913,1
678_794,678,794,-47.583326427266,-23.08333140797913,1
678_800,678,800,-46.58332637511194,-23.08333140797913,4
678_812,678,812,-44.58332627080381,-23.08333140797913,1
678_814,678,814,-44.24999292008579,-23.08333140797913,2
678_818,678,818,-43.583326218649745,-23.08333140797913,1
678_1166,678,1166,14.416676806285977,-23.08333140797913,1
678_1260,678,1260,30.083344290032983,-23.08333140797913,1
678_1268,678,1268,31.41667769290507,-23.08333140797913,3
678_1341,678,1341,43.58334499411285,-23.08333140797913,3
679_798,679,798,-46.91665972582996,-23.24999808333814,1
679_801,679,801,-46.41665969975293,-23.24999808333814,1
679_804,679,804,-45.916659673675895,-23.24999808333814,2
679_811,679,811,-44.74999294616282,-23.24999808333814,1
679_812,679,812,-44.58332627080381,-23.24999808333814,1
679_1175,679,1175,15.916676884517074,-23.24999808333814,1
679_1982,679,1982,150.4166838992387,-23.24999808333814,1
679_1984,679,1984,150.75001724995673,-23.24999808333814,1
680_779,680,779,-50.08332655765116,-23.416664758697152,1
680_795,680,795,-47.41665975190699,-23.416664758697152,3
680_800,680,800,-46.58332637511194,-23.416664758697152,3
680_803,680,803,-46.083326349034905,-23.416664758697152,1
680_809,680,809,-45.08332629688084,-23.416664758697152,1
681_798,681,798,-46.91665972582996,-23.583331434056163,3
681_799,681,799,-46.74999305047095,-23.583331434056163,3
681_800,681,800,-46.58332637511194,-23.583331434056163,3
681_801,681,801,-46.41665969975293,-23.583331434056163,2
681_806,681,806,-45.58332632295787,-23.583331434056163,1
681_1189,681,1189,18.250010339543223,-23.583331434056163,1
681_1258,681,1258,29.75001093931496,-23.583331434056163,25
682_690,682,690,-64.91666066460311,-23.749998109415174,1
682_800,682,800,-46.58332637511194,-23.749998109415174,1
682_803,682,803,-46.083326349034905,-23.749998109415174,1
682_805,682,805,-45.749992998316884,-23.749998109415174,8
682_806,682,806,-45.58332632295787,-23.749998109415174,1
682_1190,682,1190,18.416677014902234,-23.749998109415174,1
682_1260,682,1260,30.083344290032983,-23.749998109415174,18
682_1267,682,1267,31.250011017546058,-23.749998109415174,1
682_1269,682,1269,31.58334436826408,-23.749998109415174,1
683_766,683,766,-52.2499933373183,-23.916664784774184,2
683_801,683,801,-46.41665969975293,-23.916664784774184,4
683_802,683,802,-46.249993024393916,-23.916664784774184,2
683_1179,683,1179,16.583343585953116,-23.916664784774184,2
683_1249,683,1249,28.250010861083865,-23.916664784774184,1
683_1250,683,1250,28.416677536442876,-23.916664784774184,1
683_1256,683,1256,29.41667758859694,-23.916664784774184,1
683_1258,683,1258,29.75001093931496,-23.916664784774184,6
683_1259,683,1259,29.916677614673972,-23.916664784774184,1
683_1261,683,1261,30.250010965391994,-23.916664784774184,1
683_1266,683,1266,31.083344342187047,-23.916664784774184,25
683_1269,683,1269,31.58334436826408,-23.916664784774184,6
683_1270,683,1270,31.75001104362309,-23.916664784774184,1
683_1987,683,1987,151.25001727603376,-23.916664784774184,1
684_1175,684,1175,15.916676884517074,-24.083331460133195,40
684_1242,684,1242,27.08334413357079,-24.083331460133195,10
684_1246,684,1246,27.750010835006833,-24.083331460133195,1
684_1261,684,1261,30.250010965391994,-24.083331460133195,46
684_1262,684,1262,30.416677640751004,-24.083331460133195,1
684_1263,684,1263,30.583344316110015,-24.083331460133195,5
684_1265,684,1265,30.916677666828036,-24.083331460133195,1
684_1266,684,1266,31.083344342187047,-24.083331460133195,4
684_1268,684,1268,31.41667769290507,-24.083331460133195,1
685_1256,685,1256,29.41667758859694,-24.249998135492206,1
685_1257,685,1257,29.58334426395595,-24.249998135492206,19
685_1258,685,1258,29.75001093931496,-24.249998135492206,1
685_1264,685,1264,30.750010991469026,-24.249998135492206,1
685_1265,685,1265,30.916677666828036,-24.249998135492206,9
685_1266,685,1266,31.083344342187047,-24.249998135492206,12
686_793,686,793,-47.74999310262501,-24.416664810851216,1
686_797,686,797,-47.08332640118897,-24.416664810851216,1
686_1246,686,1246,27.750010835006833,-24.416664810851216,7
686_1263,686,1263,30.583344316110015,-24.416664810851216,37
686_1264,686,1264,30.750010991469026,-24.416664810851216,106
686_1265,686,1265,30.916677666828036,-24.416664810851216,16
686_1266,686,1266,31.083344342187047,-24.416664810851216,16
686_1267,686,1267,31.250011017546058,-24.416664810851216,1
686_1268,686,1268,31.41667769290507,-24.416664810851216,1
686_1270,686,1270,31.75001104362309,-24.416664810851216,10
686_1271,686,1271,31.9166777189821,-24.416664810851216,61
686_1272,686,1272,32.08334439434111,-24.416664810851216,2
687_1236,687,1236,26.083344081416726,-24.583331486210227,1
687_1238,687,1238,26.416677432134748,-24.583331486210227,1
687_1246,687,1246,27.750010835006833,-24.583331486210227,1
687_1247,687,1247,27.916677510365844,-24.583331486210227,5
687_1263,687,1263,30.583344316110015,-24.583331486210227,23
687_1264,687,1264,30.750010991469026,-24.583331486210227,6
687_1265,687,1265,30.916677666828036,-24.583331486210227,50
687_1266,687,1266,31.083344342187047,-24.583331486210227,5
687_1267,687,1267,31.250011017546058,-24.583331486210227,2
687_1268,687,1268,31.41667769290507,-24.583331486210227,10
687_1269,687,1269,31.58334436826408,-24.583331486210227,2
687_1270,687,1270,31.75001104362309,-24.583331486210227,1
688_687,688,687,-65.41666069068015,-24.749998161569238,9
688_780,688,780,-49.91665988229215,-24.749998161569238,1
688_1171,688,1171,15.25001018308103,-24.749998161569238,2
688_1172,688,1172,15.416676858440042,-24.749998161569238,1
688_1234,688,1234,25.750010730698705,-24.749998161569238,1
688_1242,688,1242,27.08334413357079,-24.749998161569238,3
688_1249,688,1249,28.250010861083865,-24.749998161569238,2
688_1265,688,1265,30.916677666828036,-24.749998161569238,2
688_1268,688,1268,31.41667769290507,-24.749998161569238,2
688_1269,688,1269,31.58334436826408,-24.749998161569238,15
688_1270,688,1270,31.75001104362309,-24.749998161569238,14
688_1271,688,1271,31.9166777189821,-24.749998161569238,2
689_735,689,735,-57.41666027344763,-24.91666483692825,1
689_772,689,772,-51.24999328516424,-24.91666483692825,1
689_1249,689,1249,28.250010861083865,-24.91666483692825,1
689_1250,689,1250,28.416677536442876,-24.91666483692825,2
689_1265,689,1265,30.916677666828036,-24.91666483692825,3
689_1268,689,1268,31.41667769290507,-24.91666483692825,6
689_1269,689,1269,31.58334436826408,-24.91666483692825,36
689_1270,689,1270,31.75001104362309,-24.91666483692825,10
689_1362,689,1362,47.083345176652074,-24.91666483692825,4
690_687,690,687,-65.41666069068015,-25.08333151228726,1
690_774,690,774,-50.916659934446216,-25.08333151228726,1
690_1178,690,1178,16.416676910594106,-25.08333151228726,1
690_1256,690,1256,29.41667758859694,-25.08333151228726,1
690_1263,690,1263,30.583344316110015,-25.08333151228726,18
690_1267,690,1267,31.250011017546058,-25.08333151228726,1
690_1268,690,1268,31.41667769290507,-25.08333151228726,4
690_1269,690,1269,31.58334436826408,-25.08333151228726,10
690_1270,690,1270,31.75001104362309,-25.08333151228726,1
690_1271,690,1271,31.9166777189821,-25.08333151228726,24
690_1361,690,1361,46.91667850129306,-25.08333151228726,2
691_734,691,734,-57.58332694880664,-25.24999818764627,4
691_735,691,735,-57.41666027344763,-25.24999818764627,1
691_1234,691,1234,25.750010730698705,-25.24999818764627,1
691_1242,691,1242,27.08334413357079,-25.24999818764627,6
691_1259,691,1259,29.916677614673972,-25.24999818764627,4
691_1262,691,1262,30.416677640751004,-25.24999818764627,1
691_1265,691,1265,30.916677666828036,-25.24999818764627,4
691_1266,691,1266,31.083344342187047,-25.24999818764627,1
691_1268,691,1268,31.41667769290507,-25.24999818764627,1
691_1269,691,1269,31.58334436826408,-25.24999818764627,7
691_1270,691,1270,31.75001104362309,-25.24999818764627,13
691_1271,691,1271,31.9166777189821,-25.24999818764627,6
691_1995,691,1995,152.58335067890584,-25.24999818764627,1
692_690,692,690,-64.91666066460311,-25.41666486300528,1
692_753,692,753,-54.41666011698544,-25.41666486300528,1
692_786,692,786,-48.91665983013809,-25.41666486300528,16
692_1243,692,1243,27.2500108089298,-25.41666486300528,3
692_1249,692,1249,28.250010861083865,-25.41666486300528,1
692_1250,692,1250,28.416677536442876,-25.41666486300528,3
692_1260,692,1260,30.083344290032983,-25.41666486300528,5
692_1264,692,1264,30.750010991469026,-25.41666486300528,1
692_1265,692,1265,30.916677666828036,-25.41666486300528,4
692_1266,692,1266,31.083344342187047,-25.41666486300528,3
692_1268,692,1268,31.41667769290507,-25.41666486300528,12
692_1270,692,1270,31.75001104362309,-25.41666486300528,63
692_1271,692,1271,31.9166777189821,-25.41666486300528,8
692_1997,692,1997,152.91668402962387,-25.41666486300528,1
692_1999,692,1999,153.2500173803419,-25.41666486300528,1
693_738,693,738,-56.9166602473706,-25.58333153836429,1
693_753,693,753,-54.41666011698544,-25.58333153836429,2
693_1238,693,1238,26.416677432134748,-25.58333153836429,1
693_1241,693,1241,26.91667745821178,-25.58333153836429,2
693_1251,693,1251,28.583344211801887,-25.58333153836429,2
693_1253,693,1253,28.916677562519908,-25.58333153836429,1
693_1264,693,1264,30.750010991469026,-25.58333153836429,2
694_758,694,758,-53.58332674019039,-25.749998213723302,1
694_789,694,789,-48.416659804061055,-25.749998213723302,1
694_1243,694,1243,27.2500108089298,-25.749998213723302,1
694_1245,694,1245,27.583344159647822,-25.749998213723302,5
694_1248,694,1248,28.083344185724854,-25.749998213723302,4
694_1249,694,1249,28.250010861083865,-25.749998213723302,54
694_1250,694,1250,28.416677536442876,-25.749998213723302,5
694_1253,694,1253,28.916677562519908,-25.749998213723302,1
694_1265,694,1265,30.916677666828036,-25.749998213723302,1
694_1270,694,1270,31.75001104362309,-25.749998213723302,2
694_1996,694,1996,152.75001735426486,-25.749998213723302,1
695_1244,695,1244,27.41667748428881,-25.916664889082313,116
695_1245,695,1245,27.583344159647822,-25.916664889082313,1
695_1246,695,1246,27.750010835006833,-25.916664889082313,35
695_1247,695,1247,27.916677510365844,-25.916664889082313,4
695_1248,695,1248,28.083344185724854,-25.916664889082313,4
695_1249,695,1249,28.250010861083865,-25.916664889082313,6
695_1250,695,1250,28.416677536442876,-25.916664889082313,4
695_1252,695,1252,28.750010887160897,-25.916664889082313,1
695_1275,695,1275,32.58334442041814,-25.916664889082313,2
695_1997,695,1997,152.91668402962387,-25.916664889082313,1
696_787,696,787,-48.74999315477908,-26.083331564441323,1
696_788,696,788,-48.583326479420066,-26.083331564441323,2
696_1246,696,1246,27.750010835006833,-26.083331564441323,2
696_1247,696,1247,27.916677510365844,-26.083331564441323,6
696_1248,696,1248,28.083344185724854,-26.083331564441323,6
696_1249,696,1249,28.250010861083865,-26.083331564441323,1
696_1250,696,1250,28.416677536442876,-26.083331564441323,1
696_1266,696,1266,31.083344342187047,-26.083331564441323,1
696_1271,696,1271,31.9166777189821,-26.083331564441323,3
696_1272,696,1272,32.08334439434111,-26.083331564441323,5
696_1275,696,1275,32.58334442041814,-26.083331564441323,2
696_1277,696,1277,32.916677771136165,-26.083331564441323,3
697_785,697,785,-49.0833265054971,-26.249998239800334,1
697_1248,697,1248,28.083344185724854,-26.249998239800334,8
697_1267,697,1267,31.250011017546058,-26.249998239800334,1
697_1271,697,1271,31.9166777189821,-26.249998239800334,1
697_1997,697,1997,152.91668402962387,-26.249998239800334,2
698_784,698,784,-49.24999318085611,-26.416664915159345,2
698_785,698,785,-49.0833265054971,-26.416664915159345,2
698_1271,698,1271,31.9166777189821,-26.416664915159345,3
698_1998,698,1998,153.08335070498288,-26.416664915159345,2
699_785,699,785,-49.0833265054971,-26.583331590518355,8
699_786,699,786,-48.91665983013809,-26.583331590518355,1
699_1277,699,1277,32.916677771136165,-26.583331590518355,1
699_1997,699,1997,152.91668402962387,-26.583331590518355,2
699_1998,699,1998,153.08335070498288,-26.583331590518355,4
700_688,700,688,-65.24999401532114,-26.749998265877366,1
700_784,700,784,-49.24999318085611,-26.749998265877366,2
700_1191,700,1191,18.583343690261245,-26.749998265877366,1
700_1232,700,1232,25.416677379980683,-26.749998265877366,1
700_1242,700,1242,27.08334413357079,-26.749998265877366,2
700_1248,700,1248,28.083344185724854,-26.749998265877366,1
700_1250,700,1250,28.416677536442876,-26.749998265877366,4
700_1271,700,1271,31.9166777189821,-26.749998265877366,5
700_1277,700,1277,32.916677771136165,-26.749998265877366,4
700_1997,700,1997,152.91668402962387,-26.749998265877366,2
700_1998,700,1998,153.08335070498288,-26.749998265877366,13
701_752,701,752,-54.58332679234445,-26.916664941236377,1
701_753,701,753,-54.41666011698544,-26.916664941236377,2
701_785,701,785,-49.0833265054971,-26.916664941236377,1
701_786,701,786,-48.91665983013809,-26.916664941236377,1
701_1211,701,1211,21.91667719744146,-26.916664941236377,1
701_1231,701,1231,25.250010704621673,-26.916664941236377,1
701_1276,701,1276,32.750011095777154,-26.916664941236377,3
701_1990,701,1990,151.7500173021108,-26.916664941236377,1
701_1996,701,1996,152.75001735426486,-26.916664941236377,1
701_1997,701,1997,152.91668402962387,-26.916664941236377,1
702_746,702,746,-55.583326844498515,-27.083331616595387,1
702_751,702,751,-54.74999346770346,-27.083331616595387,1
702_770,702,770,-51.58332663588226,-27.083331616595387,1
702_786,702,786,-48.91665983013809,-27.083331616595387,1
702_788,702,788,-48.583326479420066,-27.083331616595387,1
702_1274,702,1274,32.41667774505913,-27.083331616595387,2
702_1997,702,1997,152.91668402962387,-27.083331616595387,5
703_744,703,744,-55.91666019521654,-27.249998291954398,2
703_746,703,746,-55.583326844498515,-27.249998291954398,3
703_747,703,747,-55.416660169139504,-27.249998291954398,4
703_1263,703,1263,30.583344316110015,-27.249998291954398,1
703_1276,703,1276,32.750011095777154,-27.249998291954398,1
703_1992,703,1992,152.0833506528288,-27.249998291954398,1
703_1996,703,1996,152.75001735426486,-27.249998291954398,7
703_1998,703,1998,153.08335070498288,-27.249998291954398,5
704_744,704,744,-55.91666019521654,-27.41666496731341,2
704_746,704,746,-55.583326844498515,-27.41666496731341,2
704_759,704,759,-53.416660064831376,-27.41666496731341,2
704_1269,704,1269,31.58334436826408,-27.41666496731341,1
704_1271,704,1271,31.9166777189821,-27.41666496731341,1
704_1991,704,1991,151.9166839774698,-27.41666496731341,2
704_1994,704,1994,152.41668400354683,-27.41666496731341,3
704_1996,704,1996,152.75001735426486,-27.41666496731341,5
704_1997,704,1997,152.91668402962387,-27.41666496731341,6
704_1998,704,1998,153.08335070498288,-27.41666496731341,16
704_2001,704,2001,153.5833507310599,-27.41666496731341,1
705_765,705,765,-52.41666001267731,-27.58333164267242,2
705_788,705,788,-48.583326479420066,-27.58333164267242,2
705_789,705,789,-48.416659804061055,-27.58333164267242,2
705_1276,705,1276,32.750011095777154,-27.58333164267242,4
705_1991,705,1991,151.9166839774698,-27.58333164267242,1
705_1995,705,1995,152.58335067890584,-27.58333164267242,2
705_1997,705,1997,152.91668402962387,-27.58333164267242,2
705_1998,705,1998,153.08335070498288,-27.58333164267242,6
705_1999,705,1999,153.2500173803419,-27.58333164267242,7
706_788,706,788,-48.583326479420066,-27.74999831803143,1
706_789,706,789,-48.416659804061055,-27.74999831803143,1
706_1259,706,1259,29.916677614673972,-27.74999831803143,2
706_1268,706,1268,31.41667769290507,-27.74999831803143,1
706_1273,706,1273,32.25001106970012,-27.74999831803143,1
706_1997,706,1997,152.91668402962387,-27.74999831803143,1
706_1998,706,1998,153.08335070498288,-27.74999831803143,1
706_1999,706,1999,153.2500173803419,-27.74999831803143,2
706_2000,706,2000,153.4166840557009,-27.74999831803143,1
707_685,707,685,-65.74999404139817,-27.91666499339044,1
707_762,707,762,-52.916660038754344,-27.91666499339044,1
707_766,707,766,-52.2499933373183,-27.91666499339044,1
707_788,707,788,-48.583326479420066,-27.91666499339044,2
707_1217,707,1217,22.916677249595523,-27.91666499339044,1
707_1258,707,1258,29.75001093931496,-27.91666499339044,3
707_1274,707,1274,32.41667774505913,-27.91666499339044,2
707_1953,707,1953,145.5833503138274,-27.91666499339044,1
707_1997,707,1997,152.91668402962387,-27.91666499339044,1
707_1999,707,1999,153.2500173803419,-27.91666499339044,1
707_2000,707,2000,153.4166840557009,-27.91666499339044,2
708_782,708,782,-49.58332653157413,-28.08333166874945,3
708_788,708,788,-48.583326479420066,-28.08333166874945,1
708_1273,708,1273,32.25001106970012,-28.08333166874945,1
708_1998,708,1998,153.08335070498288,-28.08333166874945,2
708_1999,708,1999,153.2500173803419,-28.08333166874945,1
708_2000,708,2000,153.4166840557009,-28.08333166874945,2
709_759,709,759,-53.416660064831376,-28.249998344108462,1
709_1254,709,1254,29.08334423787892,-28.249998344108462,1
709_1271,709,1271,31.9166777189821,-28.249998344108462,72
709_1273,709,1273,32.25001106970012,-28.249998344108462,1
709_1274,709,1274,32.41667774505913,-28.249998344108462,1
709_1994,709,1994,152.41668400354683,-28.249998344108462,1
709_1998,709,1998,153.08335070498288,-28.249998344108462,2
709_1999,709,1999,153.2500173803419,-28.249998344108462,2
709_2000,709,2000,153.4166840557009,-28.249998344108462,2
709_2001,709,2001,153.5833507310599,-28.249998344108462,1
710_1271,710,1271,31.9166777189821,-28.416665019467473,1
710_1273,710,1273,32.25001106970012,-28.416665019467473,3
710_1995,710,1995,152.58335067890584,-28.416665019467473,1
710_1999,710,1999,153.2500173803419,-28.416665019467473,1
711_685,711,685,-65.74999404139817,-28.583331694826484,1
711_1251,711,1251,28.583344211801887,-28.583331694826484,3
711_1272,711,1272,32.08334439434111,-28.583331694826484,1
711_1999,711,1999,153.2500173803419,-28.583331694826484,2
711_2001,711,2001,153.5833507310599,-28.583331694826484,5
712_1253,712,1253,28.916677562519908,-28.749998370185494,3
712_1256,712,1256,29.41667758859694,-28.749998370185494,2
712_1257,712,1257,29.58334426395595,-28.749998370185494,3
712_1260,712,1260,30.083344290032983,-28.749998370185494,5
712_1272,712,1272,32.08334439434111,-28.749998370185494,36
712_1768,712,1768,114.75001537241042,-28.749998370185494,4
712_1991,712,1991,151.9166839774698,-28.749998370185494,2
712_1992,712,1992,152.0833506528288,-28.749998370185494,1
712_1999,712,1999,153.2500173803419,-28.749998370185494,2
712_2001,712,2001,153.5833507310599,-28.749998370185494,1
713_1238,713,1238,26.416677432134748,-28.916665045544505,4
713_1255,713,1255,29.25001091323793,-28.916665045544505,26
713_1256,713,1256,29.41667758859694,-28.916665045544505,2
713_1259,713,1259,29.916677614673972,-28.916665045544505,4
713_1260,713,1260,30.083344290032983,-28.916665045544505,6
713_1270,713,1270,31.75001104362309,-28.916665045544505,9
713_1992,713,1992,152.0833506528288,-28.916665045544505,1
713_2001,713,2001,153.5833507310599,-28.916665045544505,2
714_768,714,768,-51.91665998660028,-29.083331720903516,1
714_772,714,772,-51.24999328516424,-29.083331720903516,1
714_782,714,782,-49.58332653157413,-29.083331720903516,1
714_783,714,783,-49.41665985621512,-29.083331720903516,7
714_1236,714,1236,26.083344081416726,-29.083331720903516,6
714_1237,714,1237,26.250010756775737,-29.083331720903516,2
714_1247,714,1247,27.916677510365844,-29.083331720903516,1
714_1256,714,1256,29.41667758859694,-29.083331720903516,11
714_1261,714,1261,30.250010965391994,-29.083331720903516,6
714_1268,714,1268,31.41667769290507,-29.083331720903516,1
714_1269,714,1269,31.58334436826408,-29.083331720903516,17
714_1769,714,1769,114.91668204776943,-29.083331720903516,1
715_722,715,722,-59.58332705311477,-29.249998396262527,4
715_1181,715,1181,16.916676936671138,-29.249998396262527,7
715_1182,715,1182,17.08334361203015,-29.249998396262527,4
715_1183,715,1183,17.25001028738916,-29.249998396262527,1
715_1186,715,1186,17.75001031346619,-29.249998396262527,1
715_1237,715,1237,26.250010756775737,-29.249998396262527,1
715_1243,715,1243,27.2500108089298,-29.249998396262527,3
715_1256,715,1256,29.41667758859694,-29.249998396262527,66
715_1257,715,1257,29.58334426395595,-29.249998396262527,12
715_1258,715,1258,29.75001093931496,-29.249998396262527,1
715_1261,715,1261,30.250010965391994,-29.249998396262527,1
715_1262,715,1262,30.416677640751004,-29.249998396262527,1
715_1267,715,1267,31.250011017546058,-29.249998396262527,1
716_780,716,780,-49.91665988229215,-29.416665071621537,1
716_1243,716,1243,27.2500108089298,-29.416665071621537,1
716_1256,716,1256,29.41667758859694,-29.416665071621537,1
716_1257,716,1257,29.58334426395595,-29.416665071621537,4
716_1259,716,1259,29.916677614673972,-29.416665071621537,9
716_1260,716,1260,30.083344290032983,-29.416665071621537,2
716_1261,716,1261,30.250010965391994,-29.416665071621537,6
716_1267,716,1267,31.250011017546058,-29.416665071621537,7
716_1993,716,1993,152.25001732818782,-29.416665071621537,2
716_1996,716,1996,152.75001735426486,-29.416665071621537,1
717_652,717,652,-71.24999432824552,-29.583331746980548,4
717_737,717,737,-57.08332692272961,-29.583331746980548,1
717_756,717,756,-53.91666009090841,-29.583331746980548,2
717_757,717,757,-53.7499934155494,-29.583331746980548,7
717_758,717,758,-53.58332674019039,-29.583331746980548,3
717_780,717,780,-49.91665988229215,-29.583331746980548,1
717_1217,717,1217,22.916677249595523,-29.583331746980548,1
717_1232,717,1232,25.416677379980683,-29.583331746980548,3
717_1257,717,1257,29.58334426395595,-29.583331746980548,2
717_1259,717,1259,29.916677614673972,-29.583331746980548,4
717_1260,717,1260,30.083344290032983,-29.583331746980548,1
717_1261,717,1261,30.250010965391994,-29.583331746980548,12
717_1262,717,1262,30.416677640751004,-29.583331746980548,2
717_1267,717,1267,31.250011017546058,-29.583331746980548,5
717_1769,717,1769,114.91668204776943,-29.583331746980548,1
717_1996,717,1996,152.75001735426486,-29.583331746980548,1
718_757,718,757,-53.7499934155494,-29.74999842233956,2
718_758,718,758,-53.58332674019039,-29.74999842233956,1
718_1187,718,1187,17.916676988825202,-29.74999842233956,5
718_1216,718,1216,22.750010574236512,-29.74999842233956,1
718_1255,718,1255,29.25001091323793,-29.74999842233956,2
718_1256,718,1256,29.41667758859694,-29.74999842233956,2
718_1257,718,1257,29.58334426395595,-29.74999842233956,8
718_1264,718,1264,30.750010991469026,-29.74999842233956,29
718_1265,718,1265,30.916677666828036,-29.74999842233956,43
718_1266,718,1266,31.083344342187047,-29.74999842233956,18
718_1988,718,1988,151.41668395139277,-29.74999842233956,1
718_1990,718,1990,151.7500173021108,-29.74999842233956,1
719_651,719,651,-71.41666100360453,-29.91666509769857,1
719_652,719,652,-71.24999432824552,-29.91666509769857,1
719_769,719,769,-51.74999331124127,-29.91666509769857,1
719_778,719,778,-50.24999323301017,-29.91666509769857,2
719_1227,719,1227,24.58334400318563,-29.91666509769857,4
719_1265,719,1265,30.916677666828036,-29.91666509769857,1
719_1266,719,1266,31.083344342187047,-29.91666509769857,6
719_1985,719,1985,150.91668392531574,-29.91666509769857,1
720_651,720,651,-71.41666100360453,-30.08333177305758,1
720_773,720,773,-51.083326609805226,-30.08333177305758,1
720_1997,720,1997,152.91668402962387,-30.08333177305758,1
720_1998,720,1998,153.08335070498288,-30.08333177305758,1
720_1999,720,1999,153.2500173803419,-30.08333177305758,6
721_650,721,650,-71.58332767896354,-30.24999844841659,2
721_651,721,651,-71.41666100360453,-30.24999844841659,5
721_1184,721,1184,17.41667696274817,-30.24999844841659,1
721_1262,721,1262,30.416677640751004,-30.24999844841659,1
721_1263,721,1263,30.583344316110015,-30.24999844841659,15
721_1264,721,1264,30.750010991469026,-30.24999844841659,17
721_1770,721,1770,115.08334872312844,-30.24999844841659,1
721_1998,721,1998,153.08335070498288,-30.24999844841659,2
721_1999,721,1999,153.2500173803419,-30.24999844841659,1
722_773,722,773,-51.083326609805226,-30.4166651237756,3
722_1993,722,1993,152.25001732818782,-30.4166651237756,2
722_1997,722,1997,152.91668402962387,-30.4166651237756,1
722_1998,722,1998,153.08335070498288,-30.4166651237756,1
723_652,723,652,-71.24999432824552,-30.583331799134612,1
723_1246,723,1246,27.750010835006833,-30.583331799134612,2
723_1263,723,1263,30.583344316110015,-30.583331799134612,4
723_1989,723,1989,151.58335062675178,-30.583331799134612,1
723_1990,723,1990,151.7500173021108,-30.583331799134612,1
724_1230,724,1230,25.083344029262662,-30.749998474493623,1
724_1243,724,1243,27.2500108089298,-30.749998474493623,1
724_1245,724,1245,27.583344159647822,-30.749998474493623,1
724_1261,724,1261,30.250010965391994,-30.749998474493623,1
724_1996,724,1996,152.75001735426486,-30.749998474493623,1
725_693,725,693,-64.41666063852608,-30.916665149852633,1
725_1227,725,1227,24.58334400318563,-30.916665149852633,8
725_1229,725,1229,24.91667735390365,-30.916665149852633,1
725_1249,725,1249,28.250010861083865,-30.916665149852633,3
725_1261,725,1261,30.250010965391994,-30.916665149852633,11
725_1262,725,1262,30.416677640751004,-30.916665149852633,1
726_1993,726,1993,152.25001732818782,-31.083331825211644,1
727_693,727,693,-64.41666063852608,-31.249998500570655,2
727_732,727,732,-57.916660299524665,-31.249998500570655,1
727_1220,727,1220,23.416677275672555,-31.249998500570655,16
727_1964,727,1964,147.4166837427765,-31.249998500570655,1
727_1995,727,1995,152.58335067890584,-31.249998500570655,1
728_694,728,694,-64.24999396316707,-31.416665175929666,1
728_695,728,695,-64.08332728780806,-31.416665175929666,1
728_713,728,713,-61.08332713134587,-31.416665175929666,2
728_731,728,731,-58.083326974883676,-31.416665175929666,1
728_755,728,755,-54.08332676626742,-31.416665175929666,1
728_1773,728,1773,115.58334874920547,-31.416665175929666,1
728_1997,728,1997,152.91668402962387,-31.416665175929666,2
729_652,729,652,-71.24999432824552,-31.583331851288676,1
729_653,729,653,-71.08332765288651,-31.583331851288676,1
729_693,729,693,-64.41666063852608,-31.583331851288676,1
729_700,729,700,-63.24999391101301,-31.583331851288676,1
729_713,729,713,-61.08332713134587,-31.583331851288676,23
729_716,729,716,-60.583327105268836,-31.583331851288676,1
729_1189,729,1189,18.250010339543223,-31.583331851288676,1
729_1252,729,1252,28.750010887160897,-31.583331851288676,1
729_1773,729,1773,115.58334874920547,-31.583331851288676,1
729_1774,729,1774,115.75001542456448,-31.583331851288676,1
729_1993,729,1993,152.25001732818782,-31.583331851288676,1
729_1997,729,1997,152.91668402962387,-31.583331851288676,1
730_689,730,689,-65.08332733996212,-31.749998526647687,1
730_690,730,690,-64.91666066460311,-31.749998526647687,6
730_715,730,715,-60.74999378062785,-31.749998526647687,2
730_765,730,765,-52.41666001267731,-31.749998526647687,1
730_1189,730,1189,18.250010339543223,-31.749998526647687,1
730_1219,730,1219,23.250010600313544,-31.749998526647687,4
730_1220,730,1220,23.416677275672555,-31.749998526647687,2
730_1228,730,1228,24.75001067854464,-31.749998526647687,2
730_1233,730,1233,25.583344055339694,-31.749998526647687,3
730_1786,730,1786,117.75001552887261,-31.749998526647687,1
731_692,731,692,-64.58332731388509,-31.916665202006698,1
731_1227,731,1227,24.58334400318563,-31.916665202006698,1
731_1232,731,1232,25.416677379980683,-31.916665202006698,1
731_1773,731,1773,115.58334874920547,-31.916665202006698,1
731_1774,731,1774,115.75001542456448,-31.916665202006698,3
731_1776,731,1776,116.0833487752825,-31.916665202006698,2
731_1994,731,1994,152.41668400354683,-31.916665202006698,1
731_1996,731,1996,152.75001735426486,-31.916665202006698,1
732_1194,732,1194,19.083343716338277,-32.08333187736571,3
732_1232,732,1232,25.416677379980683,-32.08333187736571,7
732_1233,732,1233,25.583344055339694,-32.08333187736571,1
732_1254,732,1254,29.08334423787892,-32.08333187736571,1
732_1774,732,1774,115.75001542456448,-32.08333187736571,9
732_1775,732,1775,115.91668209992349,-32.08333187736571,1
732_1776,732,1776,116.0833487752825,-32.08333187736571,1
732_1881,732,1881,133.58334968797863,-32.08333187736571,1
733_650,733,650,-71.58332767896354,-32.24999855272472,2
733_692,733,692,-64.58332731388509,-32.24999855272472,1
733_1193,733,1193,18.916677040979266,-32.24999855272472,1
733_1232,733,1232,25.416677379980683,-32.24999855272472,60
733_1973,733,1973,148.9166838210076,-32.24999855272472,2
733_1994,733,1994,152.41668400354683,-32.24999855272472,1
733_1995,733,1995,152.58335067890584,-32.24999855272472,2
734_651,734,651,-71.41666100360453,-32.41666522808373,1
734_690,734,690,-64.91666066460311,-32.41666522808373,1
734_730,734,730,-58.249993650242686,-32.41666522808373,1
734_1777,734,1777,116.25001545064151,-32.41666522808373,1
734_1911,734,1911,138.58334994874895,-32.41666522808373,1
734_1978,734,1978,149.75001719780266,-32.41666522808373,1
735_651,735,651,-71.41666100360453,-32.58333190344274,5
735_731,735,731,-58.083326974883676,-32.58333190344274,3
735_1241,735,1241,26.91667745821178,-32.58333190344274,1
735_1773,735,1773,115.58334874920547,-32.58333190344274,13
735_1988,735,1988,151.41668395139277,-32.58333190344274,1
736_668,736,668,-68.58332752250135,-32.74999857880175,1
736_1189,736,1189,18.250010339543223,-32.74999857880175,1
736_1233,736,1233,25.583344055339694,-32.74999857880175,24
736_1248,736,1248,28.083344185724854,-32.74999857880175,1
736_1249,736,1249,28.250010861083865,-32.74999857880175,10
736_1250,736,1250,28.416677536442876,-32.74999857880175,1
736_1978,736,1978,149.75001719780266,-32.74999857880175,1
736_1986,736,1986,151.08335060067475,-32.74999857880175,2
736_1989,736,1989,151.58335062675178,-32.74999857880175,5
737_652,737,652,-71.24999432824552,-32.91666525416076,1
737_653,737,653,-71.08332765288651,-32.91666525416076,1
737_654,737,654,-70.9166609775275,-32.91666525416076,3
737_666,737,666,-68.91666087321937,-32.91666525416076,1
737_714,737,714,-60.91666045598686,-32.91666525416076,2
737_715,737,715,-60.74999378062785,-32.91666525416076,1
737_716,737,716,-60.583327105268836,-32.91666525416076,1
737_1246,737,1246,27.750010835006833,-32.91666525416076,1
737_1247,737,1247,27.916677510365844,-32.91666525416076,6
737_1248,737,1248,28.083344185724854,-32.91666525416076,3
737_1884,737,1884,134.08334971405566,-32.91666525416076,1
737_1973,737,1973,148.9166838210076,-32.91666525416076,1
737_1979,737,1979,149.91668387316167,-32.91666525416076,1
737_1989,737,1989,151.58335062675178,-32.91666525416076,2
737_1990,737,1990,151.7500173021108,-32.91666525416076,2
738_650,738,650,-71.58332767896354,-33.08333192951977,1
738_651,738,651,-71.41666100360453,-33.08333192951977,2
738_653,738,653,-71.08332765288651,-33.08333192951977,3
738_654,738,654,-70.9166609775275,-33.08333192951977,1
738_664,738,664,-69.24999422393739,-33.08333192951977,1
738_724,738,724,-59.24999370239675,-33.08333192951977,1
738_729,738,729,-58.4166603256017,-33.08333192951977,1
738_1188,738,1188,18.083343664184213,-33.08333192951977,3
738_1979,738,1979,149.91668387316167,-33.08333192951977,2
738_1989,738,1989,151.58335062675178,-33.08333192951977,2
739_656,739,656,-70.58332762680948,-33.24999860487878,1
739_658,739,658,-70.24999427609146,-33.24999860487878,3
739_682,739,682,-66.2499940674752,-33.24999860487878,2
739_683,739,683,-66.08332739211619,-33.24999860487878,1
739_726,739,726,-58.91666035167873,-33.24999860487878,1
739_1188,739,1188,18.083343664184213,-33.24999860487878,3
739_1239,739,1239,26.583344107493758,-33.24999860487878,17
739_1245,739,1245,27.583344159647822,-33.24999860487878,3
739_1974,739,1974,149.08335049636662,-33.24999860487878,2
739_1977,739,1977,149.58335052244365,-33.24999860487878,1
739_1989,739,1989,151.58335062675178,-33.24999860487878,1
740_650,740,650,-71.58332767896354,-33.416665280237794,4
740_651,740,651,-71.41666100360453,-33.416665280237794,1
740_656,740,656,-70.58332762680948,-33.416665280237794,8
740_657,740,657,-70.41666095145047,-33.416665280237794,1
740_1189,740,1189,18.250010339543223,-33.416665280237794,22
740_1199,740,1199,19.91667709313333,-33.416665280237794,1
740_1207,740,1207,21.250010496005416,-33.416665280237794,2
740_1212,740,1212,22.08334387280047,-33.416665280237794,3
740_1234,740,1234,25.750010730698705,-33.416665280237794,2
740_1237,740,1237,26.250010756775737,-33.416665280237794,2
740_1238,740,1238,26.416677432134748,-33.416665280237794,20
740_1240,740,1240,26.75001078285277,-33.416665280237794,1
740_1909,740,1909,138.25001659803092,-33.416665280237794,1
740_1980,740,1980,150.08335054852068,-33.416665280237794,1
740_1988,740,1988,151.41668395139277,-33.416665280237794,1
741_650,741,650,-71.58332767896354,-33.583331955596805,1
741_656,741,656,-70.58332762680948,-33.583331955596805,3
741_727,741,727,-58.74999367631972,-33.583331955596805,1
741_1194,741,1194,19.083343716338277,-33.583331955596805,1
741_1207,741,1207,21.250010496005416,-33.583331955596805,1
741_1220,741,1220,23.416677275672555,-33.583331955596805,1
741_1221,741,1221,23.583343951031566,-33.583331955596805,1
741_1222,741,1222,23.750010626390576,-33.583331955596805,4
741_1223,741,1223,23.916677301749587,-33.583331955596805,1
741_1224,741,1224,24.083343977108598,-33.583331955596805,1
741_1225,741,1225,24.25001065246761,-33.583331955596805,3
741_1226,741,1226,24.41667732782662,-33.583331955596805,1
741_1227,741,1227,24.58334400318563,-33.583331955596805,1
741_1238,741,1238,26.416677432134748,-33.583331955596805,2
741_1239,741,1239,26.583344107493758,-33.583331955596805,13
741_1240,741,1240,26.75001078285277,-33.583331955596805,1
741_1241,741,1241,26.91667745821178,-33.583331955596805,2
741_1985,741,1985,150.91668392531574,-33.583331955596805,1
741_1986,741,1986,151.08335060067475,-33.583331955596805,2
741_1987,741,1987,151.25001727603376,-33.583331955596805,4
742_708,742,708,-61.91666050814092,-33.749998630955815,2
742_1190,742,1190,18.416677014902234,-33.749998630955815,6
742_1191,742,1191,18.583343690261245,-33.749998630955815,5
742_1192,742,1192,18.750010365620255,-33.749998630955815,1
742_1193,742,1193,18.916677040979266,-33.749998630955815,2
742_1194,742,1194,19.083343716338277,-33.749998630955815,1
742_1207,742,1207,21.250010496005416,-33.749998630955815,1
742_1208,742,1208,21.416677171364427,-33.749998630955815,1
742_1209,742,1209,21.583343846723437,-33.749998630955815,2
742_1216,742,1216,22.750010574236512,-33.749998630955815,1
742_1218,742,1218,23.083343924954534,-33.749998630955815,1
742_1220,742,1220,23.416677275672555,-33.749998630955815,3
742_1226,742,1226,24.41667732782662,-33.749998630955815,1
742_1234,742,1234,25.750010730698705,-33.749998630955815,3
742_1239,742,1239,26.583344107493758,-33.749998630955815,31
742_1240,742,1240,26.75001078285277,-33.749998630955815,17
742_1771,742,1771,115.25001539848745,-33.749998630955815,1
742_1919,742,1919,139.91668335162103,-33.749998630955815,1
742_1981,742,1981,150.2500172238797,-33.749998630955815,2
742_1982,742,1982,150.4166838992387,-33.749998630955815,8
742_1983,742,1983,150.58335057459772,-33.749998630955815,1
742_1984,742,1984,150.75001724995673,-33.749998630955815,1
742_1985,742,1985,150.91668392531574,-33.749998630955815,2
742_1986,742,1986,151.08335060067475,-33.749998630955815,23
742_1987,742,1987,151.25001727603376,-33.749998630955815,7
743_648,743,648,-71.91666102968156,-33.916665306314826,1
743_726,743,726,-58.91666035167873,-33.916665306314826,1
743_729,743,729,-58.4166603256017,-33.916665306314826,1
743_758,743,758,-53.58332674019039,-33.916665306314826,1
743_1190,743,1190,18.416677014902234,-33.916665306314826,48
743_1191,743,1191,18.583343690261245,-33.916665306314826,16
743_1192,743,1192,18.750010365620255,-33.916665306314826,32
743_1193,743,1193,18.916677040979266,-33.916665306314826,24
743_1194,743,1194,19.083343716338277,-33.916665306314826,2
743_1195,743,1195,19.250010391697288,-33.916665306314826,6
743_1199,743,1199,19.91667709313333,-33.916665306314826,3
743_1201,743,1201,20.25001044385135,-33.916665306314826,1
743_1202,743,1202,20.416677119210362,-33.916665306314826,10
743_1204,743,1204,20.750010469928384,-33.916665306314826,10
743_1212,743,1212,22.08334387280047,-33.916665306314826,10
743_1214,743,1214,22.41667722351849,-33.916665306314826,20
743_1215,743,1215,22.5833438988775,-33.916665306314826,6
743_1216,743,1216,22.750010574236512,-33.916665306314826,1
743_1217,743,1217,22.916677249595523,-33.916665306314826,1
743_1218,743,1218,23.083343924954534,-33.916665306314826,1
743_1219,743,1219,23.250010600313544,-33.916665306314826,1
743_1220,743,1220,23.416677275672555,-33.916665306314826,7
743_1221,743,1221,23.583343951031566,-33.916665306314826,4
743_1223,743,1223,23.916677301749587,-33.916665306314826,4
743_1225,743,1225,24.25001065246761,-33.916665306314826,2
743_1230,743,1230,25.083344029262662,-33.916665306314826,2
743_1231,743,1231,25.250010704621673,-33.916665306314826,4
743_1232,743,1232,25.416677379980683,-33.916665306314826,39
743_1233,743,1233,25.583344055339694,-33.916665306314826,8
743_1769,743,1769,114.91668204776943,-33.916665306314826,1
743_1915,743,1915,139.250016650185,-33.916665306314826,1
743_1979,743,1979,149.91668387316167,-33.916665306314826,1
743_1986,743,1986,151.08335060067475,-33.916665306314826,5
743_1987,743,1987,151.25001727603376,-33.916665306314826,11
744_723,744,723,-59.41666037775576,-34.08333198167384,1
744_1189,744,1189,18.250010339543223,-34.08333198167384,9
744_1190,744,1190,18.416677014902234,-34.08333198167384,145
744_1191,744,1191,18.583343690261245,-34.08333198167384,19
744_1192,744,1192,18.750010365620255,-34.08333198167384,37
744_1193,744,1193,18.916677040979266,-34.08333198167384,13
744_1196,744,1196,19.4166770670563,-34.08333198167384,1
744_1197,744,1197,19.58334374241531,-34.08333198167384,2
744_1199,744,1199,19.91667709313333,-34.08333198167384,8
744_1202,744,1202,20.416677119210362,-34.08333198167384,10
744_1203,744,1203,20.583343794569373,-34.08333198167384,1
744_1205,744,1205,20.916677145287395,-34.08333198167384,1
744_1211,744,1211,21.91667719744146,-34.08333198167384,1
744_1212,744,1212,22.08334387280047,-34.08333198167384,14
744_1213,744,1213,22.25001054815948,-34.08333198167384,4
744_1214,744,1214,22.41667722351849,-34.08333198167384,1
744_1216,744,1216,22.750010574236512,-34.08333198167384,1
744_1217,744,1217,22.916677249595523,-34.08333198167384,6
744_1218,744,1218,23.083343924954534,-34.08333198167384,6
744_1219,744,1219,23.250010600313544,-34.08333198167384,3
744_1220,744,1220,23.416677275672555,-34.08333198167384,15
744_1223,744,1223,23.916677301749587,-34.08333198167384,2
744_1228,744,1228,24.75001067854464,-34.08333198167384,2
744_1229,744,1229,24.91667735390365,-34.08333198167384,1
744_1232,744,1232,25.416677379980683,-34.08333198167384,1
744_1233,744,1233,25.583344055339694,-34.08333198167384,4
744_1234,744,1234,25.750010730698705,-34.08333198167384,9
744_1905,744,1905,137.58334989659488,-34.08333198167384,1
744_1984,744,1984,150.75001724995673,-34.08333198167384,5
744_1986,744,1986,151.08335060067475,-34.08333198167384,3
744_1987,744,1987,151.25001727603376,-34.08333198167384,2
745_649,745,649,-71.74999435432255,-34.24999865703285,1
745_703,745,703,-62.749993884935975,-34.24999865703285,1
745_727,745,727,-58.74999367631972,-34.24999865703285,1
745_728,745,728,-58.58332700096071,-34.24999865703285,3
745_1190,745,1190,18.416677014902234,-34.24999865703285,20
745_1193,745,1193,18.916677040979266,-34.24999865703285,14
745_1194,745,1194,19.083343716338277,-34.24999865703285,43
745_1195,745,1195,19.250010391697288,-34.24999865703285,3
745_1196,745,1196,19.4166770670563,-34.24999865703285,1
745_1206,745,1206,21.083343820646405,-34.24999865703285,2
745_1211,745,1211,21.91667719744146,-34.24999865703285,4
745_1212,745,1212,22.08334387280047,-34.24999865703285,2
745_1228,745,1228,24.75001067854464,-34.24999865703285,2
745_1229,745,1229,24.91667735390365,-34.24999865703285,8
745_1932,745,1932,142.08335013128817,-34.24999865703285,1
745_1956,745,1956,146.08335033990443,-34.24999865703285,1
745_1969,745,1969,148.25001711957157,-34.24999865703285,2
745_1979,745,1979,149.91668387316167,-34.24999865703285,1
745_1985,745,1985,150.91668392531574,-34.24999865703285,5
746_647,746,647,-72.08332770504057,-34.41666533239186,10
746_726,746,726,-58.91666035167873,-34.41666533239186,8
746_727,746,727,-58.74999367631972,-34.41666533239186,3
746_728,746,728,-58.58332700096071,-34.41666533239186,3
746_729,746,729,-58.4166603256017,-34.41666533239186,14
746_757,746,757,-53.7499934155494,-34.41666533239186,1
746_1190,746,1190,18.416677014902234,-34.41666533239186,18
746_1192,746,1192,18.750010365620255,-34.41666533239186,4
746_1193,746,1193,18.916677040979266,-34.41666533239186,25
746_1194,746,1194,19.083343716338277,-34.41666533239186,24
746_1195,746,1195,19.250010391697288,-34.41666533239186,17
746_1196,746,1196,19.4166770670563,-34.41666533239186,7
746_1197,746,1197,19.58334374241531,-34.41666533239186,11
746_1199,746,1199,19.91667709313333,-34.41666533239186,6
746_1203,746,1203,20.583343794569373,-34.41666533239186,17
746_1205,746,1205,20.916677145287395,-34.41666533239186,2
746_1208,746,1208,21.416677171364427,-34.41666533239186,4
746_1909,746,1909,138.25001659803092,-34.41666533239186,1
746_1982,746,1982,150.4166838992387,-34.41666533239186,5
746_1984,746,1984,150.75001724995673,-34.41666533239186,2
746_1985,746,1985,150.91668392531574,-34.41666533239186,1
747_728,747,728,-58.58332700096071,-34.58333200775087,3
747_729,747,729,-58.4166603256017,-34.58333200775087,35
747_745,747,745,-55.749993519857526,-34.58333200775087,3
747_1195,747,1195,19.250010391697288,-34.58333200775087,2
747_1196,747,1196,19.4166770670563,-34.58333200775087,15
747_1198,747,1198,19.75001041777432,-34.58333200775087,36
747_1911,747,1911,138.58334994874895,-34.58333200775087,3
747_1984,747,1984,150.75001724995673,-34.58333200775087,1
748_655,748,655,-70.74999430216849,-34.74999868310988,4
748_726,748,726,-58.91666035167873,-34.74999868310988,1
748_728,748,728,-58.58332700096071,-34.74999868310988,4
748_729,748,729,-58.4166603256017,-34.74999868310988,2
748_732,748,732,-57.916660299524665,-34.74999868310988,3
748_754,748,754,-54.24999344162643,-34.74999868310988,1
748_1199,748,1199,19.91667709313333,-34.74999868310988,6
748_1200,748,1200,20.08334376849234,-34.74999868310988,2
748_1201,748,1201,20.25001044385135,-34.74999868310988,4
748_1895,748,1895,135.91668314300478,-34.74999868310988,1
748_1910,748,1910,138.41668327338994,-34.74999868310988,1
748_1911,748,1911,138.58334994874895,-34.74999868310988,1
748_1917,748,1917,139.583350000903,-34.74999868310988,1
748_1934,748,1934,142.4166834820062,-34.74999868310988,1
748_1941,748,1941,143.58335020951927,-34.74999868310988,1
748_1977,748,1977,149.58335052244365,-34.74999868310988,2
748_1984,748,1984,150.75001724995673,-34.74999868310988,1
749_729,749,729,-58.4166603256017,-34.91666535846889,2
749_731,749,731,-58.083326974883676,-34.91666535846889,9
749_732,749,732,-57.916660299524665,-34.91666535846889,1
749_749,749,749,-55.08332681842148,-34.91666535846889,1
749_750,749,750,-54.91666014306247,-34.91666535846889,1
749_1779,749,1779,116.58334880135953,-34.91666535846889,1
749_1787,749,1787,117.91668220423162,-34.91666535846889,1
749_1790,749,1790,118.41668223030865,-34.91666535846889,1
749_1911,749,1911,138.58334994874895,-34.91666535846889,18
749_1912,749,1912,138.75001662410796,-34.91666535846889,5
749_1982,749,1982,150.4166838992387,-34.91666535846889,1
749_1984,749,1984,150.75001724995673,-34.91666535846889,1
750_701,750,701,-63.083327235654,-35.0833320338279,1
750_725,750,725,-59.08332702703774,-35.0833320338279,1
750_734,750,734,-57.58332694880664,-35.0833320338279,2
750_1910,750,1910,138.41668327338994,-35.0833320338279,1
750_1911,750,1911,138.58334994874895,-35.0833320338279,11
750_1912,750,1912,138.75001662410796,-35.0833320338279,2
750_1913,750,1913,138.91668329946697,-35.0833320338279,2
750_1914,750,1914,139.08334997482598,-35.0833320338279,1
750_1974,750,1974,149.08335049636662,-35.0833320338279,1
750_1980,750,1980,150.08335054852068,-35.0833320338279,1
750_1983,750,1983,150.58335057459772,-35.0833320338279,1
750_1984,750,1984,150.75001724995673,-35.0833320338279,6
751_1901,751,1901,136.91668319515884,-35.24999870918691,1
751_1911,751,1911,138.58334994874895,-35.24999870918691,1
751_1969,751,1969,148.25001711957157,-35.24999870918691,2
751_1973,751,1973,148.9166838210076,-35.24999870918691,1
751_1974,751,1974,149.08335049636662,-35.24999870918691,8
751_1981,751,1981,150.2500172238797,-35.24999870918691,1
752_653,752,653,-71.08332765288651,-35.41666538454592,1
752_727,752,727,-58.74999367631972,-35.41666538454592,5
752_1910,752,1910,138.41668327338994,-35.41666538454592,1
752_1968,752,1968,148.08335044421256,-35.41666538454592,1
752_1972,752,1972,148.7500171456486,-35.41666538454592,1
752_1982,752,1982,150.4166838992387,-35.41666538454592,1
753_697,753,697,-63.74999393709004,-35.58333205990493,3
753_1909,753,1909,138.25001659803092,-35.58333205990493,2
753_1911,753,1911,138.58334994874895,-35.58333205990493,4
753_1912,753,1912,138.75001662410796,-35.58333205990493,1
753_1972,753,1972,148.7500171456486,-35.58333205990493,2
753_1981,753,1981,150.2500172238797,-35.58333205990493,1
753_2126,753,2126,174.41668515093625,-35.58333205990493,1
753_2127,753,2127,174.58335182629526,-35.58333205990493,1
754_653,754,653,-71.08332765288651,-35.749998735263944,1
754_659,754,659,-70.08332760073245,-35.749998735263944,2
754_1902,754,1902,137.08334987051785,-35.749998735263944,1
754_1973,754,1973,148.9166838210076,-35.749998735263944,1
754_2125,754,2125,174.25001847557724,-35.749998735263944,1
755_643,755,643,-72.74999440647662,-35.916665410622954,1
755_653,755,653,-71.08332765288651,-35.916665410622954,1
755_2126,755,2126,174.41668515093625,-35.916665410622954,1
756_652,756,652,-71.24999432824552,-36.083332085981965,1
756_1922,756,1922,140.41668337769806,-36.083332085981965,2
756_1961,756,1961,146.91668371669948,-36.083332085981965,3
756_2123,756,2123,173.9166851248592,-36.083332085981965,2
756_2127,756,2127,174.58335182629526,-36.083332085981965,5
756_2132,756,2132,175.4166852030903,-36.083332085981965,1
757_651,757,651,-71.41666100360453,-36.249998761340976,1
757_713,757,713,-61.08332713134587,-36.249998761340976,1
757_1920,757,1920,140.08335002698004,-36.249998761340976,1
757_1922,757,1922,140.41668337769806,-36.249998761340976,1
757_1924,757,1924,140.75001672841609,-36.249998761340976,2
757_1961,757,1961,146.91668371669948,-36.249998761340976,1
757_1967,757,1967,147.91668376885355,-36.249998761340976,1
758_739,758,739,-56.74999357201159,-36.41666543669999,1
758_1922,758,1922,140.41668337769806,-36.41666543669999,1
758_1980,758,1980,150.08335054852068,-36.41666543669999,1
758_2128,758,2128,174.75001850165427,-36.41666543669999,1
759_739,759,739,-56.74999357201159,-36.583332112059,3
759_1955,759,1955,145.91668366454542,-36.583332112059,1
759_2128,759,2128,174.75001850165427,-36.583332112059,3
759_2129,759,2129,174.91668517701328,-36.583332112059,1
760_640,760,640,-73.24999443255365,-36.74999878741801,1
760_641,760,641,-73.08332775719464,-36.74999878741801,3
760_642,760,642,-72.91666108183563,-36.74999878741801,4
760_1919,760,1919,139.91668335162103,-36.74999878741801,2
760_1950,760,1950,145.08335028775036,-36.74999878741801,1
760_1960,760,1960,146.75001704134047,-36.74999878741801,2
760_1977,760,1977,149.58335052244365,-36.74999878741801,1
760_1978,760,1978,149.75001719780266,-36.74999878741801,1
760_1979,760,1979,149.91668387316167,-36.74999878741801,1
760_2128,760,2128,174.75001850165427,-36.74999878741801,2
760_2130,760,2130,175.0833518523723,-36.74999878741801,2
761_641,761,641,-73.08332775719464,-36.91666546277702,3
761_645,761,645,-72.4166610557586,-36.91666546277702,1
761_649,761,649,-71.74999435432255,-36.91666546277702,1
761_718,761,718,-60.249993754550815,-36.91666546277702,1
761_1934,761,1934,142.4166834820062,-36.91666546277702,1
761_1962,761,1962,147.0833503920585,-36.91666546277702,3
761_1963,761,1963,147.2500170674175,-36.91666546277702,1
761_1979,761,1979,149.91668387316167,-36.91666546277702,1
761_2126,761,2126,174.41668515093625,-36.91666546277702,1
761_2127,761,2127,174.58335182629526,-36.91666546277702,4
761_2128,761,2128,174.75001850165427,-36.91666546277702,8
762_638,762,638,-73.58332778327167,-37.08333213813603,1
762_1934,762,1934,142.4166834820062,-37.08333213813603,1
762_1935,762,1935,142.5833501573652,-37.08333213813603,5
762_1943,762,1943,143.9166835602373,-37.08333213813603,1
762_1945,762,1945,144.2500169109553,-37.08333213813603,1
762_1958,762,1958,146.41668369062245,-37.08333213813603,1
762_2135,762,2135,175.91668522916734,-37.08333213813603,3
763_1932,763,1932,142.08335013128817,-37.24999881349504,1
763_2135,763,2135,175.91668522916734,-37.24999881349504,2
764_692,764,692,-64.58332731388509,-37.41666548885405,4
764_1945,764,1945,144.2500169109553,-37.41666548885405,1
764_1946,764,1946,144.41668358631432,-37.41666548885405,1
764_1947,764,1947,144.58335026167333,-37.41666548885405,2
764_1949,764,1949,144.91668361239135,-37.41666548885405,1
764_2131,764,2131,175.2500185277313,-37.41666548885405,3
765_1923,765,1923,140.58335005305707,-37.58333216421306,1
765_1942,765,1942,143.75001688487828,-37.58333216421306,2
765_1949,765,1949,144.91668361239135,-37.58333216421306,1
765_1950,765,1950,145.08335028775036,-37.58333216421306,1
765_1970,765,1970,148.41668379493058,-37.58333216421306,1
765_2135,765,2135,175.91668522916734,-37.58333216421306,1
766_735,766,735,-57.41666027344763,-37.74999883957207,4
766_1947,766,1947,144.58335026167333,-37.74999883957207,2
766_1948,766,1948,144.75001693703234,-37.74999883957207,1
766_1949,766,1949,144.91668361239135,-37.74999883957207,6
766_1950,766,1950,145.08335028775036,-37.74999883957207,10
766_1951,766,1951,145.25001696310937,-37.74999883957207,3
766_1952,766,1952,145.41668363846838,-37.74999883957207,5
766_1953,766,1953,145.5833503138274,-37.74999883957207,1
766_2131,766,2131,175.2500185277313,-37.74999883957207,1
766_2132,766,2132,175.4166852030903,-37.74999883957207,2
766_2135,766,2135,175.91668522916734,-37.74999883957207,1
766_2146,766,2146,177.75001865811646,-37.74999883957207,1
766_2149,766,2149,178.2500186841935,-37.74999883957207,1
767_733,767,733,-57.749993624165654,-37.91666551493108,3
767_1922,767,1922,140.41668337769806,-37.91666551493108,1
767_1924,767,1924,140.75001672841609,-37.91666551493108,1
767_1933,767,1933,142.25001680664718,-37.91666551493108,1
767_1934,767,1934,142.4166834820062,-37.91666551493108,2
767_1945,767,1945,144.2500169109553,-37.91666551493108,1
767_1946,767,1946,144.41668358631432,-37.91666551493108,1
767_1947,767,1947,144.58335026167333,-37.91666551493108,1
767_1948,767,1948,144.75001693703234,-37.91666551493108,1
767_1949,767,1949,144.91668361239135,-37.91666551493108,2
767_1950,767,1950,145.08335028775036,-37.91666551493108,9
767_1951,767,1951,145.25001696310937,-37.91666551493108,9
767_1952,767,1952,145.41668363846838,-37.91666551493108,5
767_1961,767,1961,146.91668371669948,-37.91666551493108,4
767_1965,767,1965,147.58335041813552,-37.91666551493108,1
767_1966,767,1966,147.75001709349453,-37.91666551493108,1
767_2130,767,2130,175.0833518523723,-37.91666551493108,1
767_2137,767,2137,176.25001857988536,-37.91666551493108,1
768_707,768,707,-62.08332718349993,-38.08333219029009,3
768_708,768,708,-61.91666050814092,-38.08333219029009,1
768_711,768,711,-61.41666048206389,-38.08333219029009,1
768_734,768,734,-57.58332694880664,-38.08333219029009,1
768_1941,768,1941,143.58335020951927,-38.08333219029009,1
768_1945,768,1945,144.2500169109553,-38.08333219029009,1
768_1946,768,1946,144.41668358631432,-38.08333219029009,3
768_1947,768,1947,144.58335026167333,-38.08333219029009,3
768_1951,768,1951,145.25001696310937,-38.08333219029009,1
768_1954,768,1954,145.7500169891864,-38.08333219029009,1
768_2137,768,2137,176.25001857988536,-38.08333219029009,1
769_720,769,720,-59.91666040383279,-38.249998865649104,1
769_1937,769,1937,142.91668350808322,-38.249998865649104,2
769_1943,769,1943,143.9166835602373,-38.249998865649104,9
769_1944,769,1944,144.0833502355963,-38.249998865649104,4
769_1945,769,1945,144.2500169109553,-38.249998865649104,3
769_1946,769,1946,144.41668358631432,-38.249998865649104,3
769_1947,769,1947,144.58335026167333,-38.249998865649104,4
769_1950,769,1950,145.08335028775036,-38.249998865649104,6
769_1951,769,1951,145.25001696310937,-38.249998865649104,2
769_1959,769,1959,146.58335036598146,-38.249998865649104,1
770_1932,770,1932,142.08335013128817,-38.416665541008115,1
770_1935,770,1935,142.5833501573652,-38.416665541008115,1
770_1944,770,1944,144.0833502355963,-38.416665541008115,1
770_1945,770,1945,144.2500169109553,-38.416665541008115,2
770_1948,770,1948,144.75001693703234,-38.416665541008115,2
770_1950,770,1950,145.08335028775036,-38.416665541008115,2
770_1951,770,1951,145.25001696310937,-38.416665541008115,1
770_1956,770,1956,146.08335033990443,-38.416665541008115,1
770_1958,770,1958,146.41668369062245,-38.416665541008115,2
770_2133,770,2133,175.58335187844932,-38.416665541008115,1
771_1951,771,1951,145.25001696310937,-38.583332216367126,1
771_1952,771,1952,145.41668363846838,-38.583332216367126,1
771_1959,771,1959,146.58335036598146,-38.583332216367126,1
771_2140,771,2140,176.7500186059624,-38.583332216367126,1
772_644,772,644,-72.5833277311176,-38.749998891726136,1
772_705,772,705,-62.416660534217954,-38.749998891726136,2
772_706,772,706,-62.24999385885894,-38.749998891726136,1
772_1954,772,1954,145.7500169891864,-38.749998891726136,1
772_1956,772,1956,146.08335033990443,-38.749998891726136,1
772_2136,772,2136,176.08335190452635,-38.749998891726136,2
772_2140,772,2140,176.7500186059624,-38.749998891726136,1
773_1940,773,1940,143.41668353416026,-38.91666556708515,1
773_2135,773,2135,175.91668522916734,-38.91666556708515,1
774_649,774,649,-71.74999435432255,-39.08333224244416,1
774_674,774,674,-67.58332747034729,-39.08333224244416,1
774_677,774,677,-67.08332744427025,-39.08333224244416,3
774_2125,774,2125,174.25001847557724,-39.08333224244416,1
775_648,775,648,-71.91666102968156,-39.24999891780317,1
775_2124,775,2124,174.08335180021822,-39.24999891780317,3
775_2132,775,2132,175.4166852030903,-39.24999891780317,1
775_2133,775,2133,175.58335187844932,-39.24999891780317,3
776_647,776,647,-72.08332770504057,-39.41666559316218,3
776_648,776,648,-71.91666102968156,-39.41666559316218,8
776_2122,776,2122,173.7500184495002,-39.41666559316218,2
776_2132,776,2132,175.4166852030903,-39.41666559316218,1
777_645,777,645,-72.4166610557586,-39.58333226852119,1
778_639,778,639,-73.41666110791266,-39.7499989438802,1
778_640,778,640,-73.24999443255365,-39.7499989438802,1
778_641,778,641,-73.08332775719464,-39.7499989438802,5
778_650,778,650,-71.58332767896354,-39.7499989438802,3
779_1966,779,1966,147.75001709349453,-39.91666561923921,1
780_2135,780,2135,175.91668522916734,-40.08333229459822,1
782_640,782,640,-73.24999443255365,-40.41666564531624,1
782_2133,782,2133,175.58335187844932,-40.41666564531624,1
783_2131,783,2131,175.2500185277313,-40.583332320675254,2
784_644,784,644,-72.5833277311176,-40.749998996034265,1
784_689,784,689,-65.08332733996212,-40.749998996034265,1
784_1951,784,1951,145.25001696310937,-40.749998996034265,1
784_2131,784,2131,175.2500185277313,-40.749998996034265,3
785_642,785,642,-72.91666108183563,-40.916665671393275,2
785_2118,785,2118,173.08335174806416,-40.916665671393275,1
785_2129,785,2129,174.91668517701328,-40.916665671393275,4
785_2130,785,2130,175.0833518523723,-40.916665671393275,1
786_641,786,641,-73.08332775719464,-41.083332346752286,1
786_650,786,650,-71.58332767896354,-41.083332346752286,2
786_651,786,651,-71.41666100360453,-41.083332346752286,2
786_701,786,701,-63.083327235654,-41.083332346752286,4
786_2118,786,2118,173.08335174806416,-41.083332346752286,1
786_2124,786,2124,174.08335180021822,-41.083332346752286,4
786_2125,786,2125,174.25001847557724,-41.083332346752286,1
786_2129,786,2129,174.91668517701328,-41.083332346752286,2
787_641,787,641,-73.08332775719464,-41.2499990221113,2
787_2123,787,2123,173.9166851248592,-41.2499990221113,4
787_2124,787,2124,174.08335180021822,-41.2499990221113,1
787_2128,787,2128,174.75001850165427,-41.2499990221113,6
787_2129,787,2129,174.91668517701328,-41.2499990221113,1
788_2119,788,2119,173.25001842342317,-41.41666569747031,1
788_2128,788,2128,174.75001850165427,-41.41666569747031,2
789_1959,789,1959,146.58335036598146,-41.58333237282932,1
789_2113,789,2113,172.2500183712691,-41.58333237282932,1
789_2131,789,2131,175.2500185277313,-41.58333237282932,1
790_2115,790,2115,172.58335172198713,-41.74999904818833,1
790_2121,790,2121,173.5833517741412,-41.74999904818833,1
791_638,791,638,-73.58332778327167,-41.91666572354734,1
792_1969,792,1969,148.25001711957157,-42.08333239890635,2
793_2113,793,2113,172.2500183712691,-42.24999907426536,2
794_636,794,636,-73.91666113398969,-42.41666574962437,1
797_643,797,643,-72.74999440647662,-42.916665775701404,2
797_1963,797,1963,147.2500170674175,-42.916665775701404,9
797_1965,797,1965,147.58335041813552,-42.916665775701404,1
797_1967,797,1967,147.91668376885355,-42.916665775701404,2
797_2109,797,2109,171.58335166983306,-42.916665775701404,1
797_2119,797,2119,173.25001842342317,-42.916665775701404,1
798_1963,798,1963,147.2500170674175,-43.083332451060414,2
798_1965,798,1965,147.58335041813552,-43.083332451060414,1
798_1967,798,1967,147.91668376885355,-43.083332451060414,1
799_1962,799,1962,147.0833503920585,-43.249999126419425,2
799_1963,799,1963,147.2500170674175,-43.249999126419425,1
799_2100,799,2100,170.08335159160197,-43.249999126419425,1
799_2102,799,2102,170.41668494232,-43.249999126419425,1
799_2110,799,2110,171.75001834519207,-43.249999126419425,1
799_2113,799,2113,172.2500183712691,-43.249999126419425,1
799_2115,799,2115,172.58335172198713,-43.249999126419425,1
800_1963,800,1963,147.2500170674175,-43.416665801778436,1
800_2099,800,2099,169.91668491624296,-43.416665801778436,2
800_2101,800,2101,170.25001826696098,-43.416665801778436,1
800_2115,800,2115,172.58335172198713,-43.416665801778436,1
801_1961,801,1961,146.91668371669948,-43.583332477137446,2
801_2115,801,2115,172.58335172198713,-43.583332477137446,1
801_2116,801,2116,172.75001839734614,-43.583332477137446,3
802_2094,802,2094,169.0833515394479,-43.74999915249646,1
802_2095,802,2095,169.25001821480691,-43.74999915249646,1
802_2116,802,2116,172.75001839734614,-43.74999915249646,1
802_2117,802,2117,172.91668507270515,-43.74999915249646,1
803_2095,803,2095,169.25001821480691,-43.91666582785547,1
804_2095,804,2095,169.25001821480691,-44.08333250321448,1
804_2102,804,2102,170.41668494232,-44.08333250321448,1
805_2098,805,2098,169.75001824088395,-44.24999917857349,1
805_2099,805,2099,169.91668491624296,-44.24999917857349,2
805_2100,805,2100,170.08335159160197,-44.24999917857349,1
808_2087,808,2087,167.91668481193483,-44.74999920465052,1
808_2089,808,2089,168.25001816265285,-44.74999920465052,5
808_2106,808,2106,171.08335164375603,-44.74999920465052,4
809_2093,809,2093,168.9166848640889,-44.91666588000953,1
809_2101,809,2101,170.25001826696098,-44.91666588000953,2
810_646,810,646,-72.24999438039958,-45.08333255536854,1
810_2092,810,2092,168.75001818872988,-45.08333255536854,3
812_643,812,643,-72.74999440647662,-45.416665906086564,1
812_646,812,646,-72.24999438039958,-45.416665906086564,1
812_2104,812,2104,170.750018293038,-45.416665906086564,1
813_2104,813,2104,170.750018293038,-45.583332581445575,1
814_2103,814,2103,170.583351617679,-45.749999256804585,1
814_2104,814,2104,170.750018293038,-45.749999256804585,1
815_2102,815,2102,170.41668494232,-45.916665932163596,4
815_2103,815,2103,170.583351617679,-45.916665932163596,3
816_646,816,646,-72.24999438039958,-46.08333260752261,1
816_2101,816,2101,170.25001826696098,-46.08333260752261,1
818_646,818,646,-72.24999438039958,-46.41666595824063,1
819_2096,819,2096,169.41668489016593,-46.58333263359964,2
820_2086,820,2086,167.75001813657582,-46.74999930895865,1
835_642,835,642,-72.91666108183563,-49.24999943934381,2
841_646,841,646,-72.24999438039958,-50.249999491497874,2
842_2077,842,2077,166.25001805834472,-50.416666166856885,2
845_642,845,642,-72.91666108183563,-50.91666619293392,3
846_642,846,642,-72.91666108183563,-51.08333286829293,1
850_644,850,644,-72.5833277311176,-51.74999956972897,1
858_654,858,654,-70.9166609775275,-53.083332972601056,2
859_654,859,654,-70.9166609775275,-53.24999964796007,1
867_673,867,673,-67.7499941457063,-54.58333305083215,3
868_668,868,668,-68.58332752250135,-54.74999972619116,2
868_670,868,670,-68.24999417178333,-54.74999972619116,2
868_671,868,671,-68.08332749642432,-54.74999972619116,1
869_668,869,668,-68.58332752250135,-54.916666401550174,2
869_669,869,669,-68.41666084714234,-54.916666401550174,2
869_670,869,670,-68.24999417178333,-54.916666401550174,2
869_671,869,671,-68.08332749642432,-54.916666401550174,1
869_674,869,674,-67.58332747034729,-54.916666401550174,2
869_675,869,675,-67.41666079498827,-54.916666401550174,2
